technology_id,technology,snapshot_id,snapshot_date,first_seen_date,technology_age_days,document_count,mention_count,documents_last_year,publication_growth,citation_count,citation_count_missing,mention_growth_3m,mention_growth_6m,mention_growth_12m,mention_growth_24m,publication_growth_scholarly,publication_growth_code,publication_growth_package,publication_growth_patent,growth_acceleration,burst_score,growth_persistence,active_month_ratio,decline_rate,time_since_last_signal_days,source_type_diversity,independence_group_diversity,source_entropy,independence_group_entropy,recent_source_convergence,paper_to_package_lag_days,paper_to_repository_lag_days,paper_to_patent_lag_days,paper_to_company_use_lag_days,evidence_chain_length,country_count,company_count,university_count,domain_count,unique_author_count,new_author_rate,returning_author_rate,author_country_entropy,organization_entropy,organization_hhi,top_organization_share,university_company_balance,new_company_rate,developer_count,user_count,funder_count,text_country_count,parent_technology_count,task_count,commercial_user_count,reliability_weighted_mentions,accepted_mention_ratio,supported_claim_ratio,independent_evidence_family_count,speculative_claim_ratio,negated_claim_ratio,duplicate_content_ratio,claim_to_evidence_gap,mean_extraction_confidence,attention_evidence_gap,comparable_claim_slot_count,corroborated_claim_slot_count,mixed_origin_group_count,independent_claim_conflict_strength,independent_refutation_share,economic_evidence_count,economic_forecast_count,economic_candidate_count,economic_planned_count,economic_hypothetical_count,economic_negated_count,economic_reviewed_count,economic_category_diversity,investment_evidence_count,funding_amount_usd_real,market_size_evidence,cost_reduction_evidence,performance_gain_evidence,procurement_evidence,economic_signal_recency_days,economic_confidence,economic_source_reliability,grant_count_last_year,grant_growth,grant_amount_usd_real,grant_amount_log,grant_amount_last_year_usd_real,grant_amount_growth,grant_median_usd_real,grant_funder_count,grant_recipient_count,grant_company_share,funded_producer_count,grant_data_missing,vacancy_count_last_year,vacancy_growth,vacancy_employer_count,salary_median_usd_real,salary_growth,salary_disclosed_share,hiring_producer_count,vacancy_data_missing,economic_organization_count,max_maturity_rank,max_maturity_rank_missing,max_trl,maturity_growth,time_in_prototype_stage_days,time_to_pilot_days,implementation_count,repository_release_frequency,package_activity,commit_activity_12m,contributor_growth_12m,patent_age_days,patent_family_size,standardization_presence,market_concentration,fulltext_coverage,metadata_only_ratio,provisional_resolution_ratio,ambiguous_resolution_ratio,article_source_covered,article_count,article_count_missing,repository_source_covered,repository_count,repository_count_missing,package_source_covered,package_count,package_count_missing,patent_source_covered,patent_count,patent_count_missing,grant_source_covered,grant_count,grant_count_missing,job_posting_source_covered,job_posting_count,job_posting_count_missing,source_coverage_count,source_count,growth_plateau_score,new_relation_count,taxonomy_level,taxonomy_node_size,taxonomy_sibling_count,taxonomy_general_term,semantic_novelty,nearest_known_distance,cluster_centroid_distance,embedding_outlier_score,branch_growth,branch_new_share,new_branch_in_known_area,degree,degree_delta_12m,pagerank,pagerank_delta_12m,betweenness,betweenness_delta_12m,k_core,k_core_delta_12m,community_crossing_count,neighbor_domain_entropy,structural_hole_score,new_domain_pair_count,bridge_score,recombination_surprise,task_combination_novelty,feature_missingness_count,data_completeness_score,document_count_snapshot_pct,documents_last_year_snapshot_pct,company_count_snapshot_pct,unique_author_count_snapshot_pct,funding_amount_usd_real_snapshot_pct,grant_amount_usd_real_snapshot_pct,grant_amount_last_year_usd_real_snapshot_pct,grant_count_snapshot_pct,salary_median_usd_real_snapshot_pct,job_posting_count_snapshot_pct,horizon_12m_end,horizon_end,signal_12m,trend_12m,signal_36m,trend_36m
concept:fe7b4368262a85abf492e04a,Classifier systems,1993-01-01,1993-01-01,1988-01-01,1827,2,2,1,0.6931471805599453,,True,0.6931471805599453,0.6931471805599453,0.6931471805599453,0.6931471805599453,0.6931471805599453,0.0,0.0,0.0,0.6931471805599453,1.0,0.14285714285714285,0.041666666666666664,0.0,78,1,2,-0.0,0.6931471805599453,1,,,,,0,1,0,1,1,1,1.0,,-0.0,-0.0,1.0,1.0,-1.0,,0,0,0,0,1,0,0,2.0,0.5,1.0,2,0.0,0.0,0.0,0.0,,1.0986122886681098,0,0,0,,,0,0,0,0,0,0,0,0,0,,0,0,0,0,,,,,,,,,,,,,,,True,,,,,,,,True,0,,True,,,,,0,,,,,,,False,,0.0,0.0,0.5,0.0,True,2,False,False,,True,False,,True,False,,True,False,,True,False,,True,1,1,0.07304517336419017,2,0,3,0,False,0.281297,0.28129704455057736,0.2146879762469015,0.28996901730235963,1.0,0.0,False,1,0,0.4347826086785456,0.0,0.0,0.0,1,0,0,,0.0,0,,,,53,0.6580645161290323,0.5,0.5,0.5,0.5,,,,,,,1994-01-01,1996-01-01,,,,
concept:13caba336fca3f2b0ff55127,Entanglement,2012-01-01,2012-01-01,2008-03-03,1399,2,2,1,0.6931471805599453,,True,-0.6931471805599453,0.6931471805599453,0.6931471805599453,0.0,0.6931471805599453,0.0,0.0,0.0,0.6931471805599453,-0.13363062095621217,0.14285714285714285,0.041666666666666664,0.0,156,1,2,-0.0,0.6931471805599453,1,,,,,0,0,0,1,4,3,1.0,0.0,,0.6931471805599453,0.5,0.5,-1.0,,0,0,0,0,0,0,0,2.0,0.5,1.0,1,0.0,0.0,0.0,0.0,,1.0986122886681098,0,0,0,,,0,0,0,0,0,0,0,0,0,,0,0,0,0,,,,,,,,,,,,,,,True,,,,,,,,True,0,,True,,,,,0,,,,,,,False,,0.0,0.0,0.5,0.0,True,2,False,False,,True,False,,True,False,,True,False,,True,False,,True,1,1,0.07304517336419017,3,2,3,2,False,0.132954,0.13295366204975356,0.11743457338879393,0.2966127323184735,2.0,0.333333,False,2,1,0.04998148742419785,0.014520494516397503,0.0016806722689075631,0.0016806722689075631,1,0,0,1.3862943611198906,0.5,6,0.6931471805599453,3.912023005428146,,50,0.6774193548387097,0.5,0.75,0.5,0.75,,,,,,,2013-01-01,2015-01-01,,,,
concept:0d7232702532f8b6d41de997,Bitcoin,2016-01-01,2016-01-01,2015-05-01,245,2,6,2,1.0986122886681098,,True,0.6931471805599453,-1.0986122886681098,1.9459101490553132,1.9459101490553132,1.0986122886681098,0.0,0.0,0.0,-2.8903717578961645,0.21821789023599236,0.2857142857142857,0.2222222222222222,0.0,0,1,2,-0.0,0.6931471805599453,1,,,,,0,2,0,5,5,7,1.0,,0.6931471805599453,1.9459101490553132,0.14285714285714285,0.14285714285714285,-1.0,,0,0,0,0,0,0,0,6.0,1.0,,0,,,0.0,0.0,,1.9459101490553132,0,0,0,,,0,0,0,0,0,0,0,0,0,,0,0,0,0,,,,,,,,,,,,,,,True,,,,,,,,True,0,,True,,,,,0,,,,,,,False,,0.0,0.0,0.0,0.0,True,2,False,False,,True,False,,True,False,,True,False,,True,False,,True,1,1,0.0,12,2,4,1,False,0.284657,0.15846620292879066,0.144776063953733,0.2358786168366592,4.0,0.75,False,6,6,0.01592356687898089,0.01592356687898089,0.0,0.0,6,6,0,0.6931471805599453,0.43981481481481477,9,0.3048563988573833,4.934631587889465,,53,0.6580645161290323,0.5,0.8333333333333334,0.5,0.8333333333333334,,,,,,,2017-01-01,2019-01-01,,,,
concept:fe7b4368262a85abf492e04a,Classifier systems,2016-04-01,2016-04-01,1988-01-01,10318,2,2,0,0.0,,True,0.0,0.0,0.0,0.0,0.0,0.0,0.0,0.0,0.0,0.0,0.0,0.0,1.0,8569,1,2,-0.0,0.6931471805599453,0,,,,,0,1,0,1,1,1,,0.0,-0.0,-0.0,1.0,1.0,-1.0,,0,0,0,0,1,0,0,2.0,0.5,1.0,2,0.0,0.0,0.0,0.0,,1.0986122886681098,0,0,0,,,0,0,0,0,0,0,0,0,0,,0,0,0,0,,,,,,,,,,,,,,,True,,,,,,,,True,0,,True,,,,,0,,,,,,,False,,0.0,0.0,0.5,0.0,True,2,False,False,,True,False,,True,False,,True,False,,True,False,,True,1,1,0.23804628387473534,0,0,72,0,True,0.212784,0.2127839750636138,0.16353524888450777,0.21997634983363676,0.8666666666666667,0.166667,False,1,0,0.015885623510722795,-0.0028059652743239356,0.0,0.0,1,0,0,,0.0,0,,,,53,0.6580645161290323,0.5,0.3333333333333333,0.5,0.16666666666666666,,,,,,,2017-04-01,2019-04-01,,,,
concept:0b277c1a3496f770a45047b7,Smart contracts,2017-10-01,2017-10-01,2017-06-16,107,2,2,2,1.0986122886681098,,True,0.0,1.0986122886681098,1.0986122886681098,1.0986122886681098,1.0986122886681098,0.0,0.0,0.0,1.0986122886681098,0.8017837257372732,0.14285714285714285,0.4,0.0,52,1,2,-0.0,0.6931471805599453,1,,,,,0,0,0,0,5,4,1.0,,,,,,,,0,0,0,0,0,0,0,2.0,1.0,,0,,,0.0,0.0,,1.0986122886681098,0,0,0,,,0,0,0,0,0,0,0,0,0,,0,0,0,0,,,,,,,,,,,,,,,True,,,,,,,,True,0,,True,,,,,0,,,,,,,False,,0.0,0.0,0.0,0.0,True,2,False,False,,True,False,,True,False,,True,False,,True,False,,True,1,1,0.0,5,2,8,2,False,0.183406,0.11713591809773549,0.13442456240883915,0.1938143474603622,5.0,0.25,False,4,4,0.006654989401962236,0.006654989401962236,0.0,0.0,4,4,0,1.7328679513998633,0.3285937499999999,10,0.5694095784052987,5.5012582105447265,,58,0.6258064516129032,0.375,0.75,0.5,0.625,,,,,,,2018-10-01,2020-10-01,,,,
concept:24e1f5dfcd426ad1fef169cb,Convolutional Neural Networks,2018-07-01,2018-07-01,2018-01-01,181,2,4,2,1.0986122886681098,,True,1.0986122886681098,0.0,1.6094379124341003,1.6094379124341003,1.0986122886681098,0.0,0.0,0.0,-1.0986122886681098,1.511857892036909,0.2857142857142857,0.2857142857142857,0.0,0,1,2,-0.0,0.6931471805599453,1,,,,,0,4,1,5,5,10,1.0,,1.3862943611198906,2.3025850929940455,0.10000000000000002,0.1,-0.3333333333333333,1.0,0,0,0,0,0,0,0,4.0,1.0,1.0,1,0.0,0.0,0.0,0.0,,1.6094379124341003,0,0,0,,,0,0,0,0,0,0,0,0,0,,0,0,1,0,,,,,,,,,,,,,,,True,,,,,,,,True,0,,True,,,,,0,,,,,,,False,,0.0,0.0,0.0,0.0,True,2,False,False,,True,False,,True,False,,True,False,,True,False,,True,1,1,0.0,15,0,158,0,True,0.097143,0.07237878218674965,0.12204878911417305,0.10758985530037299,2.0833333333333335,0.278481,False,6,6,0.011432453490875565,0.011432453490875565,0.0006289308176100629,0.0006289308176100629,4,4,0,1.5498260458782016,0.5347222222222223,9,0.8287264273098719,5.72345738647856,,49,0.6838709677419355,0.3,0.6,0.9,0.7,,,,,,,2019-07-01,2021-07-01,,,,
concept:3d756ff3fc05b7ef030f2903,Initial Crypto-asset Offerings (ICOs),2019-01-01,2019-01-01,2018-01-01,365,2,2,1,0.0,,True,0.6931471805599453,0.6931471805599453,0.0,1.0986122886681098,0.0,0.0,0.0,0.0,1.3862943611198906,0.8017837257372732,0.2857142857142857,0.15384615384615385,0.0,0,1,2,-0.0,0.6931471805599453,1,,,,,0,1,0,1,5,3,1.0,0.0,-0.0,-0.0,1.0,1.0,-1.0,,2,0,0,0,0,0,0,2.0,0.5,1.0,1,0.0,0.0,0.0,0.6931471805599453,,1.0986122886681098,0,0,0,,,0,0,0,0,0,0,0,0,0,,0,0,0,0,,,,,,,,,,,,,,,True,,,,,,,,True,0,,True,,,,,0,,,,,,,False,0.5,0.5,0.0,0.5,0.0,True,2,False,False,,True,False,,True,False,,True,False,,True,False,,True,1,1,0.23804628387473534,7,1,63,3,True,0.187182,0.18718223229447017,0.17240038492510912,0.20191128865165675,2.5789473684210527,0.619048,True,5,5,0.00547945205479452,0.004372032342723644,0.0,0.0,5,5,0,1.3862943611198906,0.3520000000000001,0,0.4879756151142016,4.921635641646122,,48,0.6903225806451613,0.35714285714285715,0.42857142857142855,0.42857142857142855,0.2857142857142857,,,,,,,2020-01-01,2022-01-01,,,,
concept:5fb16a1a8ff4e9aff6af6e7a,Ethereum,2019-01-01,2019-01-01,2018-12-19,13,2,2,2,1.0986122886681098,,True,1.0986122886681098,1.0986122886681098,1.0986122886681098,1.0986122886681098,1.0986122886681098,0.0,0.0,0.0,1.0986122886681098,2.0,0.14285714285714285,0.5,0.0,0,1,1,-0.0,-0.0,1,,,,,0,1,0,2,3,5,1.0,,-0.0,1.0397207708399179,0.375,0.5,-1.0,,0,0,0,0,0,0,0,2.0,1.0,,0,,,0.0,0.0,,1.0986122886681098,0,0,0,,,0,0,0,0,0,0,0,0,0,,0,0,0,0,,,,,,,,,,,,,,,True,,,,,,,,True,0,,True,,,,,0,,,,,,,False,,0.0,0.0,0.0,0.0,True,2,False,False,,True,False,,True,False,,True,False,,True,False,,True,1,1,0.0,6,2,25,3,True,0.106547,0.10654651301600493,0.06428081805342134,0.12230718495968296,2.0833333333333335,0.64,False,9,9,0.008655009283315066,0.008655009283315066,0.002087144130200272,0.002087144130200272,5,5,0,2.130371819770837,0.6899538942234416,0,1.4698583331947686,4.548266629243638,,53,0.6580645161290323,0.35714285714285715,0.6428571428571429,0.42857142857142855,0.5,,,,,,,2020-01-01,2022-01-01,,,,
concept:e03c3b611c6abb5279900ff5,Lattice-based cryptography,2019-04-01,2019-04-01,2017-01-01,820,2,2,1,0.6931471805599453,,True,0.6931471805599453,0.6931471805599453,0.6931471805599453,0.0,0.6931471805599453,0.0,0.0,0.0,0.6931471805599453,1.0,0.14285714285714285,0.041666666666666664,0.0,16,1,2,-0.0,0.6931471805599453,1,,,,,0,2,0,1,5,3,1.0,0.0,0.6931471805599453,0.6931471805599453,0.5,0.5,-1.0,,0,0,0,0,1,0,0,2.0,0.5,1.0,1,0.0,0.0,0.0,0.0,,1.0986122886681098,0,0,0,,,0,0,0,0,0,0,0,0,0,,0,0,0,0,,,,,,,,,,,,,,,True,,,,,,,,True,0,,True,,,,,0,,,,,,,False,,0.0,0.0,0.5,0.0,True,2,False,False,,True,False,,True,False,,True,False,,True,False,,True,1,1,0.07304517336419017,4,0,212,0,True,0.141387,0.14138701987476476,0.20601311079530915,0.1824901100045661,1.4038461538461537,0.278302,False,3,1,0.007948758973396928,0.0005741277049603477,8.69376222560313e-05,8.69376222560313e-05,2,0,0,1.5229550675313184,0.38888888888888884,3,0.5922603040399571,4.865738977092564,,49,0.6838709677419355,0.3888888888888889,0.3888888888888889,0.4444444444444444,0.2777777777777778,,,,,,,2020-04-01,2022-04-01,,,,
concept:13caba336fca3f2b0ff55127,Entanglement,2019-07-01,2019-07-01,2008-03-03,4137,2,2,0,0.0,,True,0.0,0.0,0.0,0.0,0.0,0.0,0.0,0.0,0.0,0.0,0.0,0.0,1.0,2894,1,2,-0.0,0.6931471805599453,0,,,,,0,0,0,1,4,3,,0.0,,0.6931471805599453,0.5,0.5,-1.0,,0,0,0,0,0,0,0,2.0,0.5,1.0,1,0.0,0.0,0.0,0.0,,1.0986122886681098,0,0,0,,,0,0,0,0,0,0,0,0,0,,0,0,0,0,,,,,,,,,,,,,,,True,,,,,,,,True,0,,True,,,,,0,,,,,,,False,,0.0,0.0,0.5,0.0,True,2,False,False,,True,False,,True,False,,True,False,,True,False,,True,1,1,0.23804628387473534,0,2,13,1,False,0.132954,0.13295366204975356,0.19019584566669545,0.2184092996206426,0.25,0.153846,False,2,0,0.00744622158307671,-0.0031257409663338082,3.8305370412931895e-05,-4.031098178832596e-05,1,0,0,1.3862943611198906,0.5,0,0.6931471805599453,4.997497633228192,,51,0.6709677419354838,0.4090909090909091,0.13636363636363635,0.45454545454545453,0.22727272727272727,,,,,,,2020-07-01,2022-07-01,,,,
concept:946d057c26e6865edf3ac79b,AutoML,2019-07-01,2019-07-01,2019-01-01,181,2,2,2,1.0986122886681098,,True,0.6931471805599453,0.0,1.0986122886681098,1.0986122886681098,1.0986122886681098,0.0,0.0,0.0,-0.6931471805599453,0.8017837257372732,0.2857142857142857,0.2857142857142857,0.0,19,1,2,-0.0,0.6931471805599453,1,,,,,0,4,0,6,5,9,1.0,,1.3321790402101223,2.833213344056216,0.058823529411764705,0.058823529411764705,-1.0,,0,0,0,0,0,0,0,2.0,0.5,1.0,1,0.0,0.0,0.0,0.0,,1.0986122886681098,0,0,0,,,0,0,0,0,0,0,0,0,0,,0,0,0,0,,,,,,,,,,,,,,,True,,,,,,,,True,0,,True,,,,,0,,,,,,,False,,0.0,0.0,0.5,0.0,True,2,False,False,,True,False,,True,False,,True,False,,True,False,,True,1,1,0.0,15,0,225,0,True,0.186658,0.18665822582963532,0.16902340017513096,0.2025367176521335,1.64,0.297778,False,6,6,0.0054105368024073616,0.0054105368024073616,0.0,0.0,6,6,0,1.498786734409268,0.4848418997228523,0,0.7266746075903996,4.476514703835988,,50,0.6774193548387097,0.4090909090909091,0.6363636363636364,0.45454545454545453,0.6363636363636364,,,,,,,2020-07-01,2022-07-01,,,,
concept:c56f8c08cde22fdf98ebc2c6,Mobile Computing,2019-07-01,2019-07-01,2019-01-01,181,2,3,2,1.0986122886681098,,True,0.6931471805599453,-0.40546510810816444,1.3862943611198906,1.3862943611198906,1.0986122886681098,0.0,0.0,0.0,-1.5040773967762742,0.629940788348712,0.2857142857142857,0.2857142857142857,0.0,19,1,2,-0.0,0.6931471805599453,1,,,,,0,2,0,4,5,9,1.0,,0.6365141682948128,2.3025850929940455,0.10000000000000002,0.1,-1.0,,0,0,0,0,0,0,0,3.0,0.6666666666666666,,0,,,0.0,0.0,,1.3862943611198906,0,0,0,,,0,0,0,0,0,0,0,0,0,,0,0,0,0,,,,,,,,,,,,,,,True,,,,,,,,True,0,,True,,,,,0,,,,,,,False,,0.0,0.0,0.3333333333333333,0.0,True,2,False,False,,True,False,,True,False,,True,False,,True,False,,True,1,1,0.0,11,0,225,0,True,0.305192,0.29458257622366113,0.25831482631982694,0.30283341805638536,1.64,0.297778,False,10,10,0.009000376573599415,0.009000376573599415,0.001072550371562093,0.001072550371562093,6,6,1,1.6932473918501676,0.6801700680272108,3,1.1516961937016257,5.203168478169066,,53,0.6580645161290323,0.4090909090909091,0.6363636363636364,0.45454545454545453,0.6363636363636364,,,,,,,2020-07-01,2022-07-01,,,,
concept:af4b571954770e8cad1c2545,Recurrent Neural Networks,2019-10-01,2019-10-01,2014-01-01,2099,2,2,1,0.6931471805599453,,True,0.6931471805599453,0.6931471805599453,0.6931471805599453,0.6931471805599453,0.6931471805599453,0.0,0.0,0.0,0.6931471805599453,1.0,0.14285714285714285,0.041666666666666664,0.0,19,1,2,-0.0,0.6931471805599453,1,,,,,0,5,0,6,6,10,1.0,0.0,1.5607104090414063,2.4849066497880004,0.08333333333333333,0.08333333333333333,-1.0,,0,0,0,0,0,0,0,2.0,1.0,0.0,0,0.0,0.0,0.0,0.6931471805599453,,1.0986122886681098,0,0,0,,,0,0,0,0,0,0,0,0,0,,0,0,0,0,,,,,,,,,,,,,,,True,,,,,,,,True,0,,True,,,,,0,,,,,,,False,,0.0,0.0,0.0,0.0,True,2,False,False,,True,False,,True,False,,True,False,,True,False,,True,1,1,0.07304517336419017,12,1,54,3,True,0.097143,0.07646788476199684,0.09785678910665019,0.1063367529657397,3.0,0.148148,False,38,37,0.004762711112361572,-0.002465333701516275,0.0009930918134043135,0.0009930918134043135,37,36,0,1.7475294060555229,0.9000810267425485,9,1.572918062065251,5.12257076366131,,49,0.6838709677419355,0.38461538461538464,0.38461538461538464,0.4230769230769231,0.7307692307692307,,,,,,,2020-10-01,2022-10-01,,,,
concept:66868c041e38c29fe52136cf,Long Short-Term Memory,2020-01-01,2020-01-01,2019-09-12,111,2,2,2,1.0986122886681098,,True,0.0,1.0986122886681098,1.0986122886681098,1.0986122886681098,1.0986122886681098,0.0,0.0,0.0,1.0986122886681098,0.8017837257372732,0.14285714285714285,0.4,0.0,26,1,1,-0.0,-0.0,1,,,,,0,4,0,4,7,11,1.0,,1.3321790402101223,2.5400363038209806,0.08163265306122448,0.14285714285714285,-1.0,,0,0,0,0,0,0,0,2.0,0.5,1.0,1,0.0,0.0,0.0,0.0,,1.0986122886681098,0,0,0,,,0,0,0,0,0,0,0,0,0,,0,0,0,0,,,,,,,,,,,,,,,True,,,,,,,,True,0,,True,,,,,0,,,,,,,False,,0.0,0.0,0.5,0.0,True,2,False,False,,True,False,,True,False,,True,False,,True,False,,True,1,1,0.0,15,1,62,3,True,0.114902,0.08372458749619693,0.11553759421695009,0.1266428621347577,15.0,0.274194,False,70,70,0.005132494636250976,0.005132494636250976,0.0019273315547727583,0.0019273315547727583,39,39,1,2.0620352231137478,0.9436115921422449,17,1.9457603399357526,6.0073388664074105,,50,0.6774193548387097,0.35714285714285715,0.6904761904761905,0.42857142857142855,0.5714285714285714,,,,,,,2021-01-01,2023-01-01,,,,
concept:6cce4b340a543f6c0ab8dc31,Generative Adversarial Networks,2020-01-01,2020-01-01,2019-09-12,111,2,5,2,1.0986122886681098,,True,0.28768207245178085,1.791759469228055,1.791759469228055,1.791759469228055,1.0986122886681098,0.0,0.0,0.0,1.791759469228055,2.393774995725106,0.2857142857142857,0.4,0.0,26,1,1,-0.0,-0.0,1,,,,,0,4,0,4,7,11,1.0,,1.3321790402101223,2.5400363038209806,0.08163265306122448,0.14285714285714285,-1.0,,0,0,0,0,0,0,0,5.0,1.0,1.0,1,0.0,0.0,0.0,0.0,,1.791759469228055,0,0,0,,,0,0,0,0,0,0,0,0,0,,0,0,0,0,,,,,,,,,,,,,,,True,,,,,,,,True,0,,True,,,,,0,,,,,,,False,,0.0,0.0,0.0,0.0,True,2,False,False,,True,False,,True,False,,True,False,,True,False,,True,1,1,0.0,15,3,4,1,False,0.159111,0.15911053689112586,0.1460740877945379,0.1769524927062883,5.0,0.5,True,70,70,0.005132494636250976,0.005132494636250976,0.0019273315547727583,0.0019273315547727583,39,39,1,2.0620352231137478,0.9436115921422449,17,1.9457603399357526,6.0073388664074105,,50,0.6774193548387097,0.35714285714285715,0.6904761904761905,0.42857142857142855,0.5714285714285714,,,,,,,2021-01-01,2023-01-01,,,,
concept:6ec797f97ab98c88883b12d1,Scaling solutions for blockchain,2020-01-01,2020-01-01,2020-01-01,0,2,2,2,1.0986122886681098,,True,1.0986122886681098,1.0986122886681098,1.0986122886681098,1.0986122886681098,1.0986122886681098,0.0,0.0,0.0,1.0986122886681098,2.0,0.14285714285714285,1.0,0.0,0,1,2,-0.0,0.6931471805599453,1,,,,,0,3,0,4,3,7,1.0,,1.0986122886681096,1.791759469228055,0.16666666666666666,0.16666666666666666,-1.0,,0,0,0,0,0,0,0,2.0,0.5,1.0,2,0.0,0.0,0.0,0.0,,1.0986122886681098,1,1,0,0.0,0.0,0,0,0,0,0,0,0,0,0,,0,0,0,0,,,,,,,,,,,,,,,True,,,,,,,,True,0,,True,,,,,0,,,,,,,False,,0.0,0.0,0.5,0.0,True,2,False,False,,True,False,,True,False,,True,False,,True,False,,True,1,1,0.0,10,1,90,3,True,0.185644,0.18564411408951642,0.13536922359850334,0.1895291429614426,0.9772727272727273,0.366667,False,1,1,0.002960331557134399,0.002960331557134399,0.0,0.0,1,1,0,1.0986122886681096,0.0,0,0.0,3.6923577465447956,,48,0.6903225806451613,0.35714285714285715,0.6904761904761905,0.42857142857142855,0.2619047619047619,,,,,,,2021-01-01,2023-01-01,,,,
concept:b41e4c95c176cb788d9d1c8e,Echo state networks / reservoir computers,2020-01-01,2020-01-01,2019-09-12,111,2,4,2,1.0986122886681098,,True,0.6931471805599453,1.6094379124341003,1.6094379124341003,1.6094379124341003,1.0986122886681098,0.0,0.0,0.0,1.6094379124341003,2.6726124191242437,0.2857142857142857,0.4,0.0,26,1,1,-0.0,-0.0,1,,,,,0,4,0,4,7,11,1.0,,1.3321790402101223,2.5400363038209806,0.08163265306122448,0.14285714285714285,-1.0,,0,0,0,0,0,0,0,4.0,0.75,,0,,,0.0,0.0,,1.6094379124341003,0,0,0,,,0,0,0,0,0,0,0,0,0,,0,0,0,0,,,,,,,,,,,,,,,True,,,,,,,,True,0,,True,,,,,0,,,,,,,False,,0.0,0.0,0.25,0.0,True,2,False,False,,True,False,,True,False,,True,False,,True,False,,True,1,1,0.0,15,0,375,0,True,0.201669,0.16611192916718687,0.1732958892734292,0.18730585520690238,3.142857142857143,0.456,False,70,70,0.005132494636250975,0.005132494636250975,0.0019273315547727583,0.0019273315547727583,39,39,1,2.0620352231137478,0.9436115921422449,17,1.9457603399357526,6.0073388664074105,,53,0.6580645161290323,0.35714285714285715,0.6904761904761905,0.42857142857142855,0.5714285714285714,,,,,,,2021-01-01,2023-01-01,,,,
concept:b86aa1218f95fb7096dc8475,Autoencoder,2020-01-01,2020-01-01,2019-09-12,111,2,4,2,1.0986122886681098,,True,0.0,1.6094379124341003,1.6094379124341003,1.6094379124341003,1.0986122886681098,0.0,0.0,0.0,1.6094379124341003,1.511857892036909,0.14285714285714285,0.4,0.0,26,1,1,-0.0,-0.0,1,,,,,0,4,0,4,7,11,1.0,,1.3321790402101223,2.5400363038209806,0.08163265306122448,0.14285714285714285,-1.0,,0,0,0,0,0,0,0,4.0,1.0,,0,,,0.0,0.0,,1.6094379124341003,0,0,0,,,0,0,0,0,0,0,0,0,0,,0,0,0,0,,,,,,,,,,,,,,,True,,,,,,,,True,0,,True,,,,,0,,,,,,,False,,0.0,0.0,0.0,0.0,True,2,False,False,,True,False,,True,False,,True,False,,True,False,,True,1,1,0.0,15,2,11,2,True,0.156884,0.06215667147784876,0.12811842292196973,0.14588686416690982,8.0,0.363636,False,70,70,0.005132494636250975,0.005132494636250975,0.0019273315547727583,0.0019273315547727583,39,39,1,2.0620352231137478,0.9436115921422449,17,1.9457603399357526,6.0073388664074105,,53,0.6580645161290323,0.35714285714285715,0.6904761904761905,0.42857142857142855,0.5714285714285714,,,,,,,2021-01-01,2023-01-01,,,,
concept:e3eb8e6af0a1b29159ea14ca,Edge Intelligence,2020-01-01,2020-01-01,2019-05-24,222,2,4,2,1.0986122886681098,,True,1.0986122886681098,0.0,1.6094379124341003,1.6094379124341003,1.0986122886681098,0.0,0.0,0.0,-1.0986122886681098,1.511857892036909,0.2857142857142857,0.2222222222222222,0.0,0,1,1,-0.0,-0.0,1,,,,0,1,4,1,8,4,11,1.0,,1.3321790402101223,2.7877881193860072,0.06500000000000002,0.1,-0.3333333333333333,1.0,2,4,0,0,0,0,4,4.0,1.0,1.0,2,0.0,0.0,0.0,1.7917594692280547,,0.0,0,0,0,,,0,0,0,0,0,0,0,0,0,,0,0,0,0,,,,,,,,,,,,,,,True,,,,,,,,True,0,,True,,,,,0,,,,,,,False,0.16666666666666666,0.0,0.0,0.0,0.0,True,2,False,False,,True,False,,True,False,,True,False,,True,False,,True,1,1,0.0,23,3,4,2,False,0.248437,0.0871128229572129,0.10740331779363443,0.17308499371825847,5.0,1.0,False,11,11,0.005332884576197177,0.005332884576197177,0.0008657532117695814,0.0008657532117695814,6,6,1,1.5350024398993491,0.7128455238844849,0,1.094219618434014,4.663433532045383,,47,0.6967741935483871,0.35714285714285715,0.6904761904761905,0.9047619047619048,0.5714285714285714,,,,,,,2021-01-01,2023-01-01,,,,
concept:352715353875136c412a9572,MobileNetV1,2020-04-01,2020-04-01,2019-08-12,233,2,2,2,1.0986122886681098,,True,0.6931471805599453,0.0,1.0986122886681098,1.0986122886681098,1.0986122886681098,0.0,0.0,0.0,-0.6931471805599453,0.8017837257372732,0.2857142857142857,0.2222222222222222,0.0,22,1,2,-0.0,0.6931471805599453,1,,,,,0,4,0,3,4,24,1.0,,1.3321790402101223,1.791759469228055,0.16666666666666666,0.16666666666666666,-1.0,,0,0,0,0,0,0,0,2.0,0.5,1.0,1,0.0,0.0,0.0,0.4054651081081645,,1.0986122886681098,0,0,0,,,0,0,0,0,0,0,0,0,0,,0,0,0,0,,,,,,,,,,,,,,,True,,,,,,,,True,0,,True,,,,,0,,,,,,,False,,0.0,0.0,0.5,0.0,True,2,False,False,,True,False,,True,False,,True,False,,True,False,,True,1,1,0.0,11,0,389,0,True,0.171885,0.15930557135567858,0.18870299361583343,0.16865506342328013,2.9452054794520546,0.455013,False,8,8,0.005028523285679556,0.005028523285679556,0.00025842543211463087,0.00025842543211463087,4,4,0,1.7770332013812693,0.6305338541666667,5,1.1204795934490621,5.990439281998999,,50,0.6774193548387097,0.3333333333333333,0.6481481481481481,0.4444444444444444,0.8518518518518519,,,,,,,2021-04-01,2023-04-01,,,,
concept:7ad9361ee152b83a52687d53,tokenization,2020-04-01,2020-04-01,2019-01-01,456,2,6,1,0.0,,True,1.791759469228055,1.791759469228055,1.0986122886681098,1.9459101490553132,0.0,0.0,0.0,0.0,2.4849066497880004,4.543441112511214,0.2857142857142857,0.125,0.0,12,1,1,-0.0,-0.0,1,,,,,0,1,0,3,4,2,0.0,1.0,-0.0,1.5607104090414063,0.2222222222222222,0.3333333333333333,-1.0,,0,0,0,0,0,0,0,6.0,1.0,1.0,1,0.0,0.0,0.0,0.0,,1.9459101490553132,0,0,0,,,0,0,0,0,0,0,0,0,0,,0,0,0,0,,,,,,,,,,,,,,,True,,,,,,,,True,0,,True,,,,,0,,,,,,,False,,0.5,0.0,0.0,0.0,True,2,False,False,,True,False,,True,False,,True,False,,True,False,,True,1,1,0.0,2,3,4,1,False,0.15252,0.15252019480482937,0.16011615103277066,0.19654827850973677,1.0,0.25,False,7,2,0.0030734125595876472,-0.002345173189531832,5.9636638180299435e-06,5.9636638180299435e-06,6,1,0,1.4843071366586966,0.5120894071914481,0,0.7600979617015877,4.063692420698846,,49,0.6838709677419355,0.3333333333333333,0.35185185185185186,0.4444444444444444,0.1111111111111111,,,,,,,2021-04-01,2023-04-01,,,,
concept:83baf8b143644ea212d7dca0,Decentralized Autonomous Organization (DAO),2020-04-01,2020-04-01,2019-01-01,456,2,3,1,0.0,,True,1.0986122886681098,1.0986122886681098,0.4054651081081644,1.3862943611198906,0.0,0.0,0.0,0.0,1.791759469228055,1.7371980724307585,0.2857142857142857,0.125,0.0,12,1,1,-0.0,-0.0,1,,,,,0,1,0,3,4,2,0.0,1.0,-0.0,1.5607104090414063,0.2222222222222222,0.3333333333333333,-1.0,,0,0,0,0,0,0,0,3.0,1.0,1.0,1,0.0,0.0,0.5,0.0,,1.3862943611198906,0,0,0,,,0,0,0,0,0,0,0,0,0,,0,0,0,0,,,,,,,,,,,,,,,True,,,,,,,,True,0,,True,,,,,0,,,,,,,False,,0.5,0.0,0.0,0.0,True,2,False,False,,True,False,,True,False,,True,False,,True,False,,True,1,1,0.17858696541315572,2,1,87,3,True,0.060927,0.060926890447156046,0.15047280578006972,0.13125797871433928,0.8541666666666666,0.321839,False,7,2,0.0030734125595876472,-0.002345173189531832,5.9636638180299435e-06,5.9636638180299435e-06,6,1,0,1.4843071366586966,0.5120894071914481,0,0.7600979617015877,4.063692420698846,,49,0.6838709677419355,0.3333333333333333,0.35185185185185186,0.4444444444444444,0.1111111111111111,,,,,,,2021-04-01,2023-04-01,,,,
concept:e0604d558c0850ed308056f5,DAICO,2020-04-01,2020-04-01,2019-01-01,456,2,2,1,0.0,,True,0.6931471805599453,0.6931471805599453,0.0,1.0986122886681098,0.0,0.0,0.0,0.0,1.3862943611198906,0.8017837257372732,0.2857142857142857,0.125,0.0,12,1,1,-0.0,-0.0,1,,,,,0,1,0,3,4,2,0.0,1.0,-0.0,1.5607104090414063,0.2222222222222222,0.3333333333333333,-1.0,,0,0,0,0,0,0,0,2.0,0.5,1.0,1,0.0,0.0,0.0,0.4054651081081645,,1.0986122886681098,0,0,0,,,0,0,0,0,0,0,0,0,0,,0,0,0,0,,,,,,,,,,,,,,,True,,,,,,,,True,0,,True,,,,,0,,,,,,,False,,0.5,0.0,0.5,0.0,True,2,False,False,,True,False,,True,False,,True,False,,True,False,,True,1,1,0.23804628387473534,2,1,87,3,True,0.175029,0.15998600893692205,0.1710298110308497,0.17961026844455516,0.8541666666666666,0.321839,False,7,2,0.0030734125595876472,-0.002345173189531832,5.9636638180299435e-06,5.9636638180299435e-06,6,1,0,1.4843071366586966,0.5120894071914481,0,0.7600979617015877,4.063692420698846,,49,0.6838709677419355,0.3333333333333333,0.35185185185185186,0.4444444444444444,0.1111111111111111,,,,,,,2021-04-01,2023-04-01,,,,
concept:e0faced752653e6b046f4dc0,distributed corporate governance models,2020-04-01,2020-04-01,2019-01-01,456,2,3,1,0.0,,True,0.6931471805599453,0.6931471805599453,-0.40546510810816444,1.3862943611198906,0.0,0.0,0.0,0.0,1.791759469228055,0.629940788348712,0.2857142857142857,0.125,0.5,12,1,1,-0.0,-0.0,1,,,,,0,1,0,3,4,2,0.0,1.0,-0.0,1.5607104090414063,0.2222222222222222,0.3333333333333333,-1.0,,0,0,0,0,0,0,0,3.0,0.6666666666666666,1.0,1,0.0,0.0,0.5,0.916290731874155,,1.3862943611198906,0,0,0,,,0,0,0,0,0,0,0,0,0,,0,0,0,0,,,,,,,,,,,,,,,True,,,,,,,,True,0,1,False,,0,,,0,,,,,,,False,,0.5,0.0,0.3333333333333333,0.0,True,2,False,False,,True,False,,True,False,,True,False,,True,False,,True,1,1,0.17858696541315572,2,1,87,3,True,0.096662,0.09543946790553659,0.10305757047296249,0.12469596103162353,0.8541666666666666,0.321839,False,7,2,0.0030734125595876472,-0.002345173189531832,5.9636638180299435e-06,5.9636638180299435e-06,6,1,0,1.4843071366586966,0.5120894071914481,0,0.7600979617015877,4.063692420698846,,47,0.6967741935483871,0.3333333333333333,0.35185185185185186,0.4444444444444444,0.1111111111111111,,,,,,,2021-04-01,2023-04-01,,,,
concept:04b7a6edd052154d7891cd68,Blockchain-based governance systems,2020-07-01,2020-07-01,2020-03-20,103,2,2,2,1.0986122886681098,,True,0.0,1.0986122886681098,1.0986122886681098,1.0986122886681098,1.0986122886681098,0.0,0.0,0.0,1.0986122886681098,0.8017837257372732,0.14285714285714285,0.4,0.0,26,1,2,-0.0,0.6931471805599453,1,,,,,0,2,0,5,4,3,1.0,,0.6931471805599453,1.9459101490553132,0.14285714285714285,0.14285714285714285,-1.0,,0,0,0,0,0,0,0,2.0,0.5,1.0,1,0.3333333333333333,0.0,0.0,0.6931471805599453,,1.0986122886681098,0,0,0,,,0,0,0,0,0,0,0,0,0,,0,0,0,0,,,,,,,,,,,,,,,True,,,,,,,,True,0,,True,,,,,0,,,,,,,False,,0.0,0.0,0.5,0.0,True,2,False,False,,True,False,,True,False,,True,False,,True,False,,True,1,1,0.0,11,1,75,3,True,0.076769,0.07676852449223814,0.0678999641893776,0.09396177206545508,0.9130434782608695,0.32,False,12,12,0.004590318431539211,0.004590318431539211,0.002767667596402605,0.002767667596402605,6,6,1,2.072103068111312,0.7510085978835979,0,1.5561672198525778,4.792869408897017,,50,0.6774193548387097,0.36363636363636365,0.6666666666666666,0.4393939393939394,0.22727272727272727,,,,,,,2021-07-01,2023-07-01,,,,
concept:106fa46d38b22d2405a73883,permissioned blockchains,2020-07-01,2020-07-01,2019-02-19,498,2,2,1,0.0,,True,0.6931471805599453,0.6931471805599453,0.0,1.0986122886681098,0.0,0.0,0.0,0.0,1.3862943611198906,0.8017837257372732,0.2857142857142857,0.1111111111111111,0.0,26,1,2,-0.0,0.6931471805599453,1,,,,,0,3,0,4,5,3,1.0,0.0,1.0986122886681096,1.3862943611198906,0.25,0.25,-1.0,,0,0,0,0,0,0,0,2.0,0.5,,0,,,0.0,0.0,,1.0986122886681098,0,0,0,,,0,0,0,0,0,0,0,0,0,,0,0,0,0,,,,,,,,,,,,,,,True,,,,,,,,True,0,,True,,,,,0,,,,,,,False,,0.0,0.0,0.5,0.0,True,2,False,False,,True,False,,True,False,,True,False,,True,False,,True,1,1,0.23804628387473534,4,1,75,3,True,0.077907,0.0750704428548914,0.08945504100240731,0.09268465132899759,0.9130434782608695,0.32,False,6,6,0.002544144663233131,0.0017788385407841514,0.0,0.0,6,6,1,2.121916300878685,0.5442515432098766,0,1.1548562213154172,5.157115684500907,,52,0.6645161290322581,0.36363636363636365,0.3484848484848485,0.4393939393939394,0.22727272727272727,,,,,,,2021-07-01,2023-07-01,,,,
concept:30cd60fe33f06c7c520a0151,Deep Learning Architectures,2020-07-01,2020-07-01,2019-09-12,293,2,3,2,1.0986122886681098,,True,0.6931471805599453,-0.40546510810816444,1.3862943611198906,1.3862943611198906,1.0986122886681098,0.0,0.0,0.0,-1.5040773967762742,0.629940788348712,0.2857142857142857,0.18181818181818182,0.0,33,1,2,-0.0,0.6931471805599453,1,,,,,0,9,0,15,7,19,1.0,,2.1639556568820564,3.2958368660043287,0.037037037037037035,0.037037037037037035,-1.0,,0,0,0,0,0,0,0,3.0,0.6666666666666666,1.0,1,0.0,0.0,0.0,0.4054651081081645,,1.3862943611198906,0,0,0,,,0,0,0,0,0,0,0,0,0,,0,0,0,0,,,,,,,,,,,,,,,True,,,,,,,,True,0,,True,,,,,0,,,,,,,False,,0.0,0.0,0.3333333333333333,0.0,True,2,False,False,,True,False,,True,False,,True,False,,True,False,,True,1,1,0.0,31,0,418,0,True,0.151813,0.1518126940153821,0.13161376790056245,0.15788615810841627,2.902439024390244,0.461722,False,42,42,0.004124269808350057,0.004124269808350057,0.00464671950967929,0.00464671950967929,37,37,1,2.2448608750032295,0.91653390021251,17,2.057491093201178,6.145571798764292,,50,0.6774193548387097,0.36363636363636365,0.6666666666666666,0.4393939393939394,0.7727272727272727,,,,,,,2021-07-01,2023-07-01,,,,
concept:408457acd140258a8ed14866,ResNet50,2020-07-01,2020-07-01,2019-08-12,324,2,3,2,1.0986122886681098,,True,1.0986122886681098,0.4054651081081644,1.3862943611198906,1.3862943611198906,1.0986122886681098,0.0,0.0,0.0,-0.2876820724517809,1.7371980724307585,0.2857142857142857,0.16666666666666666,0.0,30,1,2,-0.0,0.6931471805599453,1,,,,,0,5,0,3,4,9,1.0,,1.6094379124341005,1.791759469228055,0.16666666666666666,0.16666666666666666,-1.0,,0,0,0,0,0,0,0,3.0,1.0,,0,,,0.0,0.0,,1.3862943611198906,0,0,0,,,0,0,0,0,0,0,0,0,0,,0,0,0,0,,,,,,,,,,,,,,,True,,,,,,,,True,0,,True,,,,,0,,,,,,,False,,0.0,0.0,0.0,0.0,True,2,False,False,,True,False,,True,False,,True,False,,True,False,,True,1,1,0.0,12,1,25,3,False,0.148243,0.1216106019421036,0.0982881119447937,0.1450400953821522,7.5,0.52,True,5,5,0.0033899227768267592,0.0033899227768267592,0.00014810261385432,0.00014810261385432,4,4,0,1.4708084763221114,0.5206249999999999,3,0.7657396629851991,5.824728578425687,,53,0.6580645161290323,0.36363636363636365,0.6666666666666666,0.4393939393939394,0.4393939393939394,,,,,,,2021-07-01,2023-07-01,,,,
concept:549bccb06bc72d705d442e7b,U-Net,2020-07-01,2020-07-01,2017-01-02,1276,2,2,1,0.6931471805599453,,True,0.6931471805599453,0.6931471805599453,0.6931471805599453,0.0,0.6931471805599453,0.0,0.0,0.0,0.6931471805599453,1.0,0.14285714285714285,0.041666666666666664,0.0,51,1,1,-0.0,-0.0,1,,,,,0,4,1,5,4,8,1.0,0.0,1.3321790402101223,2.6156305770275505,0.07555555555555556,0.13333333333333333,-0.3333333333333333,1.0,0,0,0,0,0,0,0,2.0,0.5,,0,,,0.0,0.0,,1.0986122886681098,0,0,0,,,0,0,0,0,0,0,0,0,0,,0,0,0,0,,,,,,,,,,,,,,,True,,,,,,,,True,0,,True,,,,,0,,,,,,,False,,0.0,0.0,0.5,0.0,True,2,False,False,,True,False,,True,False,,True,False,,True,False,,True,1,1,0.07304517336419017,10,0,418,0,True,0.131805,0.13180470570899117,0.17995725856436295,0.15307450268518027,2.902439024390244,0.461722,False,9,4,0.00454058655761166,-0.000561454258714871,0.000249923160879165,0.000249923160879165,5,0,0,1.310388950290287,0.6487654320987655,5,0.8501350535525257,6.058225620250976,,51,0.6709677419354838,0.36363636363636365,0.3484848484848485,0.9242424242424242,0.3787878787878788,,,,,,,2021-07-01,2023-07-01,,,,
concept:557e9abff89cccdb902c8bcb,Central Bank Digital Currency,2020-07-01,2020-07-01,2017-08-01,1065,2,3,1,0.6931471805599453,,True,0.6931471805599453,0.6931471805599453,0.6931471805599453,-0.40546510810816444,0.6931471805599453,0.0,0.0,0.0,0.6931471805599453,1.0,0.14285714285714285,0.041666666666666664,0.5,30,1,2,-0.0,0.6931471805599453,1,,,,,0,1,0,3,4,13,1.0,0.0,-0.0,1.9459101490553132,0.14285714285714285,0.14285714285714285,-1.0,,0,0,0,0,0,0,0,3.0,1.0,1.0,1,0.0,0.0,0.0,1.0986122886681096,,1.3862943611198906,0,0,0,,,0,0,0,0,0,0,0,0,0,,0,0,0,0,,,,,,,,,,,,,,,True,,,,,,,,True,0,1,False,,0,,,0,,,,,,,False,,0.0,0.0,0.0,0.0,True,2,False,False,,True,False,,True,False,,True,False,,True,False,,True,1,1,0.09217274646050577,1,2,7,2,False,0.076789,0.07678873022097044,0.08060322895435301,0.1322087822090066,0.25,0.0,False,1,0,0.0026616981634282675,-0.0024403426528982635,0.0,0.0,1,0,0,1.0986122886681096,0.0,1,0.0,5.5750315712018645,,47,0.6967741935483871,0.36363636363636365,0.3484848484848485,0.4393939393939394,0.6515151515151515,,,,,,,2021-07-01,2023-07-01,,,,
concept:0d7232702532f8b6d41de997,Bitcoin,2020-10-01,2020-10-01,2015-05-01,1980,10,14,1,-0.916290731874155,,True,-0.6931471805599453,0.6931471805599453,-0.916290731874155,0.4054651081081644,-0.916290731874155,0.0,0.0,0.0,0.6931471805599453,-0.5455447255899809,0.14285714285714285,0.16666666666666666,0.8333333333333334,108,1,10,-0.0,2.3025850929940455,1,,,,,0,5,0,14,11,19,1.0,0.0,1.5498260458782016,2.833213344056216,0.058823529411764705,0.058823529411764705,-1.0,,0,0,0,0,0,0,0,14.0,0.9285714285714286,,0,,,0.0,0.0,,2.70805020110221,0,0,0,,,0,0,0,0,0,0,0,0,0,,0,0,0,0,,,,,,,,,,,,,,,True,,,,,,,,True,0,,True,,,,,0,,,,,,,False,,0.0,0.0,0.07142857142857142,0.0,True,10,False,False,,True,False,,True,False,,True,False,,True,False,,True,1,1,0.04911873905677911,11,2,3,3,False,0.077696,0.07769583823888815,0.137608907455534,0.13332370527327636,0.8333333333333334,0.333333,False,15,0,0.00573143638303418,-0.0035925834885423783,0.002743543927834871,-0.0009308957817610883,6,0,0,2.0821943263978553,0.8001900478710002,3,1.6661511777170248,5.961780004249886,,52,0.6645161290322581,0.9571428571428572,0.4142857142857143,0.44285714285714284,0.7571428571428571,,,,,,,2021-10-01,2023-10-01,,,,
concept:388f7195db027de5f36b9fbe,Random Forest (RF),2020-10-01,2020-10-01,2020-01-01,274,2,3,2,1.0986122886681098,,True,1.0986122886681098,0.4054651081081644,1.3862943611198906,1.3862943611198906,1.0986122886681098,0.0,0.0,0.0,-0.2876820724517809,1.7371980724307585,0.2857142857142857,0.2,0.0,68,1,2,-0.0,0.6931471805599453,1,,,,,0,2,0,2,5,4,1.0,,0.6931471805599453,0.6931471805599453,0.5,0.5,-1.0,,0,0,0,0,0,0,0,3.0,0.6666666666666666,,0,,,0.0,0.0,,1.3862943611198906,0,0,0,,,0,0,0,0,0,0,0,0,0,,0,0,0,0,,,,,,,,,,,,,,,True,,,,,,,,True,0,,True,,,,,0,,,,,,,False,,0.5,0.0,0.3333333333333333,0.0,True,2,False,False,,True,False,,True,False,,True,False,,True,False,,True,1,1,0.0,9,1,130,3,True,0.18307,0.1830701849826224,0.1570075920134466,0.19532143320923262,1.4102564102564104,0.284615,False,4,4,0.00311721417755041,0.00311721417755041,0.0001226164883948546,0.0001226164883948546,2,2,1,2.031759218569271,0.4930555555555556,3,1.0017701702667936,5.981659071922946,,53,0.6580645161290323,0.35714285714285715,0.7714285714285715,0.44285714285714284,0.3,,,,,,,2021-10-01,2023-10-01,,,,
concept:923f0b4baec8ab4dd0059ec1,Blockchain Oracles,2020-10-01,2020-10-01,2019-01-01,639,2,3,1,0.0,,True,1.0986122886681098,1.0986122886681098,0.4054651081081644,1.3862943611198906,0.0,0.0,0.0,0.0,1.0986122886681098,1.7371980724307585,0.14285714285714285,0.09090909090909091,0.0,14,1,2,-0.0,0.6931471805599453,1,,,,,0,2,0,2,4,9,1.0,0.0,0.6931471805599453,0.6931471805599453,0.5,0.5,-1.0,,0,0,0,0,0,0,0,3.0,1.0,1.0,1,0.0,0.0,0.0,0.4054651081081645,,1.3862943611198906,0,0,0,,,0,0,0,0,0,0,0,0,0,,0,0,0,0,,,,,,,,,,,,,,,True,,,,,,,,True,0,,True,,,,,0,,,,,,,False,,0.0,0.0,0.0,0.0,True,2,False,False,,True,False,,True,False,,True,False,,True,False,,True,1,1,0.17858696541315572,5,1,84,3,True,0.159299,0.12028970631501068,0.12213351760693114,0.1539952690412885,1.0408163265306123,0.357143,False,2,0,0.0012843366996589216,-0.0008574166817032786,0.0,0.0,2,0,0,2.5400363038209806,0.17055555555555557,0,0.4332173029294673,4.665673915661019,,49,0.6838709677419355,0.35714285714285715,0.4142857142857143,0.44285714285714284,0.45714285714285713,,,,,,,2021-10-01,2023-10-01,,,,
concept:84e312752933249e48c068e4,CryptoNote with ring signatures,2021-01-01,2021-01-01,2019-01-01,731,2,2,1,0.6931471805599453,,True,0.6931471805599453,0.6931471805599453,0.6931471805599453,0.0,0.6931471805599453,0.0,0.0,0.0,0.6931471805599453,1.0,0.14285714285714285,0.041666666666666664,0.0,7,1,2,-0.0,0.6931471805599453,1,,,,,0,3,1,4,3,10,1.0,0.0,1.0986122886681096,2.0794415416798357,0.125,0.125,-0.3333333333333333,1.0,0,0,0,0,0,0,0,2.0,0.5,,0,,,0.0,0.0,,1.0986122886681098,0,0,0,,,0,0,0,0,0,0,0,0,0,,0,0,0,0,,,,,,,,,,,,,,,True,,,,,,,,True,0,,True,,,,,0,,,,,,,False,,0.0,0.0,0.5,0.0,True,2,False,False,,True,False,,True,False,,True,False,,True,False,,True,1,1,0.07304517336419017,6,0,509,0,True,0.194603,0.16878016033015264,0.22076631201609764,0.18971385398391613,0.8535353535353535,0.263261,False,19,15,0.0034076385118814475,0.0004473069547470481,0.00052685063856489,0.00052685063856489,15,11,0,0.9504737632744099,0.8107571560480149,0,0.7706034052106148,5.827838511780044,,51,0.6709677419354838,0.36486486486486486,0.6081081081081081,0.9054054054054054,0.5405405405405406,,,,,,,2022-01-01,2024-01-01,,,,
concept:8d5512b13f658f9330a469f4,Post-Quantum Cryptography,2021-01-01,2021-01-01,2017-01-01,1461,2,2,1,0.6931471805599453,,True,0.6931471805599453,0.6931471805599453,0.6931471805599453,0.6931471805599453,0.6931471805599453,0.0,0.0,0.0,0.6931471805599453,1.0,0.14285714285714285,0.041666666666666664,0.0,0,1,2,-0.0,0.6931471805599453,1,,,,,0,4,0,6,6,9,1.0,0.0,1.3321790402101223,1.9459101490553132,0.14285714285714285,0.14285714285714285,-1.0,,0,0,0,0,0,0,0,2.0,1.0,,0,,,0.0,0.0,,1.0986122886681098,0,0,0,,,0,0,0,0,0,0,0,0,0,,0,0,0,0,,,,,,,,,,,,,,,True,,,,,,,,True,0,,True,,,,,0,,,,,,,False,,0.0,0.0,0.0,0.0,True,2,False,False,,True,False,,True,False,,True,False,,True,False,,True,1,1,0.07304517336419017,12,2,9,3,False,0.03651,0.03651015442352268,0.06865611496536483,0.10393037250445421,0.4,0.111111,False,5,3,0.003553330868704962,0.0006412193401281658,0.0,0.0,3,1,0,1.735433771585304,0.5055555555555554,2,0.8773581845236813,5.846417439777986,,52,0.6645161290322581,0.36486486486486486,0.6081081081081081,0.4189189189189189,0.44594594594594594,,,,,,,2022-01-01,2024-01-01,,,,
concept:0aeb4c903d44b57fc5daaec8,Permissionless blockchains,2021-04-01,2021-04-01,2020-06-05,300,2,2,2,1.0986122886681098,,True,0.6931471805599453,0.0,1.0986122886681098,1.0986122886681098,1.0986122886681098,0.0,0.0,0.0,-0.6931471805599453,0.8017837257372732,0.2857142857142857,0.18181818181818182,0.0,52,1,2,-0.0,0.6931471805599453,1,,,,,0,1,0,2,4,4,1.0,,-0.0,1.0986122886681096,0.3333333333333333,0.3333333333333333,-1.0,,0,0,0,0,0,0,0,2.0,0.5,,0,,,0.0,0.0,,1.0986122886681098,0,0,0,,,0,0,0,0,0,0,0,0,0,,0,0,0,0,,,,,,,,,,,,,,,True,,,,,,,,True,0,,True,,,,,0,,,,,,,False,,0.0,0.0,0.5,0.0,True,2,False,False,,True,False,,True,False,,True,False,,True,False,,True,1,1,0.0,7,1,114,3,True,0.092775,0.09277454658435247,0.10343184481023127,0.11113465928242991,2.0625,0.421053,False,19,19,0.0035656905974594923,0.0035656905974594923,0.0005269188215478465,0.0005269188215478465,14,14,0,2.148102784422799,0.8162831391950818,0,1.7534600841823382,5.303984981080277,,53,0.6580645161290323,0.3625,0.925,0.425,0.2875,,,,,,,2022-04-01,2024-04-01,,,,
concept:5047acfc43f50fd2aa721ec0,GAP-8,2021-04-01,2021-04-01,2018-07-01,1005,2,2,1,0.6931471805599453,,True,0.6931471805599453,0.6931471805599453,0.6931471805599453,0.0,0.6931471805599453,0.0,0.0,0.0,0.6931471805599453,1.0,0.14285714285714285,0.041666666666666664,0.0,47,1,1,-0.0,-0.0,1,,,,,0,2,0,6,6,12,0.8333333333333334,0.14285714285714285,0.6931471805599453,2.2450352741261774,0.1124260355029586,0.15384615384615385,-1.0,,0,0,0,0,0,0,0,2.0,0.5,,0,,,0.0,0.0,,1.0986122886681098,0,0,0,,,0,0,0,0,0,0,0,0,0,,0,0,0,0,,,,,,,,,,,,,,,True,,,,,,,,True,0,,True,,,,,0,,,,,,,False,,0.0,0.0,0.5,0.0,True,2,False,False,,True,False,,True,False,,True,False,,True,False,,True,1,1,0.07304517336419017,7,3,12,1,False,0.165993,0.16599254456109958,0.12100345207095553,0.17647752829551297,2.0,0.25,False,7,5,0.0021337633924205296,0.0012323075456388485,0.003568996817950747,0.003568996817950747,5,3,1,2.412386331666388,0.6025724235272341,5,1.4536374783561892,5.604377162411682,,52,0.6645161290322581,0.3625,0.7125,0.425,0.6875,,,,,,,2022-04-01,2024-04-01,,,,
concept:9ce36fef7cf8af06a17f79a7,RNN,2021-04-01,2021-04-01,2019-09-12,567,2,3,1,0.0,,True,1.0986122886681098,1.0986122886681098,0.4054651081081644,1.3862943611198906,0.0,0.0,0.0,0.0,1.0986122886681098,1.7371980724307585,0.2857142857142857,0.1,0.0,58,1,2,-0.0,0.6931471805599453,1,,,,,0,4,0,4,6,4,1.0,0.0,1.3862943611198906,2.3025850929940455,0.10000000000000002,0.1,-1.0,,0,0,0,0,0,0,0,3.0,0.6666666666666666,,0,,,0.0,0.0,,1.3862943611198906,0,0,0,,,0,0,0,0,0,0,0,0,0,,0,0,0,0,,,,,,,,,,,,,,,True,,,,,,,,True,0,,True,,,,,0,,,,,,,False,,0.0,0.0,0.3333333333333333,0.0,True,2,False,False,,True,False,,True,False,,True,False,,True,False,,True,1,1,0.17858696541315572,1,1,137,3,True,0.076468,0.07646788476199684,0.10543272325458752,0.09742208255100611,0.2875,0.124088,False,41,4,0.0030163337064809913,1.8129550200203515e-05,0.002051470611892949,0.002051470611892949,37,0,1,2.2394222966793906,0.9149560705589247,0,2.0489730248918177,4.64894579591598,,52,0.6645161290322581,0.3625,0.7125,0.425,0.2875,,,,,,,2022-04-01,2024-04-01,,,,
concept:035e4ee3e6c3d40ec3ab81c1,digital tokens,2021-07-01,2021-07-01,2021-02-08,143,2,3,2,1.0986122886681098,,True,-0.40546510810816444,1.3862943611198906,1.3862943611198906,1.3862943611198906,1.0986122886681098,0.0,0.0,0.0,1.3862943611198906,0.629940788348712,0.14285714285714285,0.3333333333333333,0.0,68,1,2,-0.0,0.6931471805599453,1,,,,,0,1,0,1,4,5,1.0,,-0.0,1.3862943611198906,0.25,0.25,-1.0,,0,0,0,0,0,0,0,3.0,1.0,,0,,,0.0,0.0,,1.3862943611198906,0,0,0,,,0,0,0,0,0,0,0,0,0,,0,0,0,0,,,,,,,,,,,,,,,True,,,,,,,,True,0,,True,,,,,0,,,,,,,False,,0.0,0.0,0.0,0.0,True,2,False,False,,True,False,,True,False,,True,False,,True,False,,True,1,1,0.0,6,1,171,3,True,0.121727,0.1217271124837842,0.13365334326439782,0.13566436462828874,1.7735849056603774,0.415205,False,15,15,0.0027798394696744557,0.0027798394696744557,0.0001790630646132668,0.0001790630646132668,14,14,0,2.1950462864899545,0.7788005898805456,2,1.7095033427334776,5.803552082484958,,53,0.6580645161290323,0.3372093023255814,0.8837209302325582,0.4186046511627907,0.26744186046511625,,,,,,,2022-07-01,2024-07-01,,,,
concept:0b277c1a3496f770a45047b7,Smart contracts,2021-07-01,2021-07-01,2017-06-16,1476,19,27,5,0.0,,True,0.0,-0.2876820724517809,-0.2876820724517809,-0.1431008436406733,0.0,0.0,0.0,0.0,-0.2876820724517809,-0.3563483225498992,0.42857142857142855,0.3333333333333333,0.4444444444444444,42,1,16,-0.0,2.698011019844113,1,,,,,0,10,0,27,16,63,1.0,0.0,2.12020822394067,3.5718261734358308,0.030000000000000006,0.075,-1.0,,0,0,0,0,0,0,0,27.0,0.9629629629629629,,0,,,0.0,0.0,,3.332204510175204,0,0,0,,,0,0,0,0,0,0,0,0,0,,0,0,0,0,,,,,,,,,,,,,,,True,,,,,,,,True,0,,True,,,,,0,,,,,,,False,,0.0,0.0,0.037037037037037035,0.0,True,19,False,False,,True,False,,True,False,,True,False,,True,False,,True,1,1,0.5143070483627136,13,1,171,3,True,0.044113,0.0441133114819261,0.11519705824436888,0.08418133845331408,1.7735849056603774,0.415205,False,43,13,0.010230388713328022,-0.0031129197803955334,0.006413390419913048,-0.0019112106671485213,14,8,0,1.9964143763047792,0.9265350182832639,40,1.8497478306505195,6.784359466015891,,52,0.6645161290322581,0.9883720930232558,0.9651162790697675,0.4186046511627907,0.9651162790697675,,,,,,,2022-07-01,2024-07-01,,,,
concept:5de150762390026bbc0d0b16,Public Key Infrastructure (PKI),2021-07-01,2021-07-01,2021-01-01,181,2,2,2,1.0986122886681098,,True,0.6931471805599453,0.0,1.0986122886681098,1.0986122886681098,1.0986122886681098,0.0,0.0,0.0,-0.6931471805599453,0.8017837257372732,0.2857142857142857,0.2857142857142857,0.0,43,1,2,-0.0,0.6931471805599453,1,,,,,0,3,1,5,4,17,1.0,,1.0986122886681096,2.0794415416798357,0.125,0.125,-0.3333333333333333,1.0,0,0,0,0,0,0,0,2.0,0.5,,0,,,0.0,0.0,,1.0986122886681098,0,0,0,,,0,0,0,0,0,0,0,0,0,,0,0,0,0,,,,,,,,,,,,,,,True,,,,,,,,True,0,,True,,,,,0,,,,,,,False,,0.0,0.0,0.5,0.0,True,2,False,False,,True,False,,True,False,,True,False,,True,False,,True,1,1,0.0,13,2,7,3,False,0.125737,0.06164275706756728,0.0822520167979266,0.13913370126181973,1.5,0.285714,False,3,3,0.0028132006300515917,0.0028132006300515917,6.631965356046918e-06,6.631965356046918e-06,2,2,0,1.351783994289646,0.38888888888888884,0,0.5256937755570844,4.861944748571835,,52,0.6645161290322581,0.3372093023255814,0.8837209302325582,0.9069767441860465,0.7325581395348837,,,,,,,2022-07-01,2024-07-01,,,,
concept:02af927ef2577c8ef95f6bed,TFLite Format,2021-10-01,2021-10-01,2020-10-21,345,2,2,2,1.0986122886681098,,True,0.6931471805599453,0.0,1.0986122886681098,1.0986122886681098,1.0986122886681098,0.0,0.0,0.0,-0.6931471805599453,0.8017837257372732,0.2857142857142857,0.15384615384615385,0.0,0,1,2,-0.0,0.6931471805599453,1,,,,,0,2,0,2,5,13,1.0,,0.6931471805599453,0.6931471805599453,0.5,0.5,-1.0,,0,0,0,0,0,0,0,2.0,0.5,,0,,,0.0,0.0,,1.0986122886681098,0,0,0,,,0,0,0,0,0,0,0,0,0,,0,0,0,0,,,,,,,,,,,,,,,True,,,,,,,,True,0,,True,,,,,0,,,,,,,False,,0.0,0.0,0.5,0.0,True,2,False,False,,True,False,,True,False,,True,False,,True,False,,True,1,1,0.0,9,0,612,0,True,0.221487,0.15519251516379995,0.23529389221122898,0.21851607277383017,1.0558375634517767,0.277778,False,5,5,0.0024947410233747587,0.0024947410233747587,6.270032051282051e-06,6.270032051282051e-06,4,4,0,1.5136635047822231,0.46999999999999986,0,0.7114218472476447,4.34624290577481,,53,0.6580645161290323,0.3541666666666667,0.84375,0.4166666666666667,0.65625,,,,,,,2022-10-01,2024-10-01,,,,
concept:215e7f4ad1c27cbe25c0d617,Explainable AI (XAI),2021-10-01,2021-10-01,2021-04-08,176,2,2,2,1.0986122886681098,,True,0.0,1.0986122886681098,1.0986122886681098,1.0986122886681098,1.0986122886681098,0.0,0.0,0.0,1.0986122886681098,0.8017837257372732,0.14285714285714285,0.2857142857142857,0.0,28,1,2,-0.0,0.6931471805599453,1,,,,,0,2,0,5,6,6,1.0,,0.6931471805599453,2.0794415416798357,0.125,0.125,-1.0,,0,0,0,0,0,0,0,2.0,0.5,1.0,1,0.0,0.0,0.0,0.0,,1.0986122886681098,0,0,0,,,0,0,0,0,0,0,0,0,0,,0,0,0,0,,,,,,,,,,,,,,,True,,,,,,,,True,0,,True,,,,,0,,,,,,,False,,0.0,0.0,0.5,0.0,True,2,False,False,,True,False,,True,False,,True,False,,True,False,,True,1,1,0.0,13,1,68,3,True,0.049006,0.0490056460917363,0.15249693179183033,0.11653675617278506,0.9615384615384616,0.235294,False,10,10,0.0016297237203278627,0.0016297237203278627,0.002796434294871795,0.002796434294871795,9,9,3,2.2069922029185265,0.726381916677095,4,1.6031192264473633,6.466415360235209,,50,0.6774193548387097,0.3541666666666667,0.84375,0.4166666666666667,0.2916666666666667,,,,,,,2022-10-01,2024-10-01,,,,
concept:52aa7e808fb1a9716c3dd090,Two-Way Transpose (TWT) SRAM-CIM macro for AI edge chips,2021-10-01,2021-10-01,2020-02-01,608,2,2,1,0.0,,True,0.6931471805599453,0.6931471805599453,0.0,1.0986122886681098,0.0,0.0,0.0,0.0,0.6931471805599453,0.8017837257372732,0.2857142857142857,0.09523809523809523,0.0,21,1,1,-0.0,-0.0,1,,,,,0,3,0,3,2,29,0.24,0.8260869565217391,1.0549201679861442,1.7351264569629226,0.18518518518518517,0.2222222222222222,-1.0,,0,0,0,0,0,0,0,2.0,0.5,1.0,1,0.0,0.0,0.0,0.6931471805599453,,1.0986122886681098,0,0,0,,,0,0,0,0,0,0,0,0,0,,0,0,0,0,,,,,,,,,,,,,,,True,,,,,,,,True,0,3,False,,0,608,,0,,,,,,,False,,0.0,0.0,0.5,0.0,True,2,False,False,,True,False,,True,False,,True,False,,True,False,,True,1,1,0.23804628387473534,2,4,3,1,False,0.130941,0.1309412514719822,0.10201793098703504,0.16865593313178567,0.3333333333333333,0.0,False,1,1,0.00033544653021513025,-4.38681745515913e-05,0.0,0.0,1,1,0,2.995732273553991,0.0,0,0.0,6.386037214049723,,46,0.7032258064516129,0.3541666666666667,0.6666666666666666,0.4166666666666667,0.8854166666666666,,,,,,,2022-10-01,2024-10-01,,,,
concept:7113d535db62e0caa78e5dd4,Lightning Network,2021-10-01,2021-10-01,2020-07-16,442,2,2,1,0.0,,True,0.6931471805599453,0.6931471805599453,0.0,1.0986122886681098,0.0,0.0,0.0,0.0,1.3862943611198906,0.8017837257372732,0.2857142857142857,0.125,0.0,18,1,2,-0.0,0.6931471805599453,1,,,,,0,2,0,4,3,3,1.0,0.0,0.6931471805599453,2.3025850929940455,0.10000000000000002,0.1,-1.0,,0,0,0,0,0,0,0,2.0,0.5,,0,,,0.0,0.0,,1.0986122886681098,0,0,0,,,0,0,0,0,0,0,0,0,0,,0,0,0,0,,,,,,,,,,,,,,,True,,,,,,,,True,0,,True,,,,,0,,,,,,,False,,0.0,0.0,0.5,0.0,True,2,False,False,,True,False,,True,False,,True,False,,True,False,,True,1,1,0.23804628387473534,0,1,180,3,True,0.139789,0.13392314929033355,0.11847478479083451,0.14279372010832309,1.5,0.377778,False,13,7,0.0031660069727286375,0.0006372422742838271,0.00023826121794871797,0.00023826121794871797,7,1,1,1.0986122886681096,0.7378134685826994,0,0.8105709433297957,4.307961585619275,,52,0.6645161290322581,0.3541666666666667,0.6666666666666666,0.4166666666666667,0.14583333333333334,,,,,,,2022-10-01,2024-10-01,,,,
concept:e4bb24e055fad8b1c24b09fd,Explainable AI Systems,2021-10-01,2021-10-01,2017-12-28,1373,2,2,1,0.6931471805599453,,True,0.6931471805599453,0.6931471805599453,0.6931471805599453,0.0,0.6931471805599453,0.0,0.0,0.0,0.6931471805599453,1.0,0.14285714285714285,0.041666666666666664,0.0,28,1,2,-0.0,0.6931471805599453,1,,,,,0,1,0,3,5,7,1.0,0.0,-0.0,1.6094379124341005,0.20000000000000004,0.2,-1.0,,0,0,0,0,0,0,0,2.0,0.5,1.0,1,1.0,0.0,0.0,0.0,,1.0986122886681098,0,0,0,,,0,0,0,0,0,0,0,0,0,,0,0,0,0,,,,,,,,,,,,,,,True,,,,,,,,True,0,,True,,,,,0,,,,,,,False,,0.0,0.0,0.5,0.0,True,2,False,False,,True,False,,True,False,,True,False,,True,False,,True,1,1,0.07304517336419017,6,0,612,0,True,0.055631,0.05563102339200099,0.18315480262923567,0.10571217653284541,1.0558375634517767,0.277778,False,3,1,0.0013970451945583128,-0.0011317195038864968,0.002470392628205128,0.002470392628205128,2,0,1,2.0253262207700677,0.38888888888888884,0,0.787626863632804,5.707760462006957,,49,0.6838709677419355,0.3541666666666667,0.6666666666666666,0.4166666666666667,0.34375,,,,,,,2022-10-01,2024-10-01,,,,
concept:03fa31a739e5ec637ffcf961,Blockchain Smart Contracts,2022-01-01,2022-01-01,2021-04-18,258,2,2,2,1.0986122886681098,,True,0.6931471805599453,0.0,1.0986122886681098,1.0986122886681098,1.0986122886681098,0.0,0.0,0.0,-0.6931471805599453,0.8017837257372732,0.2857142857142857,0.2,0.0,0,1,2,-0.0,0.6931471805599453,1,,,,,0,4,0,6,6,7,1.0,,1.3862943611198906,2.4849066497880004,0.08333333333333333,0.08333333333333333,-1.0,,0,0,0,0,0,0,0,2.0,1.0,1.0,2,0.0,0.0,0.0,0.0,,1.0986122886681098,0,0,0,,,0,0,0,0,0,0,0,0,0,,0,0,0,0,,,,,,,,,,,,,,,True,,,,,,,,True,0,,True,,,,,0,,,,,,,False,,0.0,0.0,0.0,0.0,True,2,False,False,,True,False,,True,False,,True,False,,True,False,,True,1,1,0.0,16,2,53,3,True,0.076342,0.07634242517866574,0.08445018106227287,0.09285300702903662,1.6666666666666667,0.396226,False,1,1,0.0014983518130056938,0.0014983518130056938,0.0,0.0,1,1,0,1.0986122886681096,0.0,5,0.0,6.325282569591193,,50,0.6774193548387097,0.3387096774193548,0.8145161290322581,0.3870967741935484,0.3064516129032258,,,,,,,2023-01-01,2025-01-01,,,,
concept:24e1f5dfcd426ad1fef169cb,Convolutional Neural Networks,2022-01-01,2022-01-01,2018-01-01,1461,11,15,4,0.22314355131420976,,True,1.0986122886681098,-0.2876820724517809,0.4054651081081644,0.4054651081081644,0.0,0.6931471805599453,0.0,0.0,-1.6739764335716716,0.8386278693775346,0.2857142857142857,0.25,0.16666666666666663,58,2,6,0.30463609734923813,1.6417347121875212,2,,1372,,,1,11,2,17,16,82,1.0,0.0,2.3195749966735852,3.6526297829792207,0.027160493827160494,0.044444444444444446,-0.6,1.0,0,0,0,0,0,0,0,14.666666666666666,1.0,1.0,2,0.0,0.0,0.0,0.5108256237659905,,2.0794415416798357,0,0,0,,,0,0,0,0,0,0,0,0,0,,0,0,1,0,,,,,,,,,,,,,,,True,,,,,,,,True,0,,True,,,,,1,0.0,,,1,,,False,,0.09090909090909091,0.0,0.0,0.0,True,10,False,True,1,False,False,,True,False,,True,False,,True,False,,True,2,2,0.35717393082631144,8,2,22,3,False,0.072379,0.07026342353565918,0.06187594249481787,0.082372773091514,1.5,0.227273,False,91,11,0.0063151025964001475,3.64806998663517e-05,0.01984408291029538,0.012986602166770672,39,0,4,2.5132457948143805,0.9591640068969121,28,2.4106149068709755,6.352603940453693,,44,0.7161290322580645,0.9435483870967742,0.9274193548387096,0.967741935483871,0.967741935483871,,,,,,,2023-01-01,2025-01-01,,,,
concept:2503e5798f4ba2f3313005ad,Post-Quantum Cryptography (PQC),2022-01-01,2022-01-01,2019-03-16,1022,2,2,1,0.6931471805599453,,True,0.6931471805599453,0.6931471805599453,0.6931471805599453,0.0,0.6931471805599453,0.0,0.0,0.0,0.6931471805599453,1.0,0.14285714285714285,0.041666666666666664,0.0,0,1,2,-0.0,0.6931471805599453,1,,,,,0,2,0,2,4,2,1.0,0.0,0.6931471805599453,0.6931471805599453,0.5,0.5,-1.0,,0,0,0,0,0,0,0,2.0,1.0,,0,,,0.0,0.0,,1.0986122886681098,0,0,0,,,0,0,0,0,0,0,0,0,0,,0,0,0,0,,,,,,,,,,,,,,,True,,,,,,,,True,0,,True,,,,,0,,,,,,,False,,0.0,0.0,0.0,0.0,True,2,False,False,,True,False,,True,False,,True,False,,True,False,,True,1,1,0.07304517336419017,3,3,8,2,False,0.03651,0.03651015442352268,0.03474881021668541,0.0693836740220675,2.0,0.5,False,9,8,0.0019045853699011014,0.0008699484852856473,2.6181206555276363e-06,2.6181206555276363e-06,8,7,0,1.7205498380200266,0.6370366058311215,0,1.0960532289755638,4.822242889941648,,52,0.6645161290322581,0.3387096774193548,0.5887096774193549,0.3870967741935484,0.06451612903225806,,,,,,,2023-01-01,2025-01-01,,,,
concept:4b7dac0abb9474e4424253c0,quantum simulators,2022-01-01,2022-01-01,2017-09-01,1583,2,2,1,0.6931471805599453,,True,0.6931471805599453,0.6931471805599453,0.6931471805599453,0.6931471805599453,0.6931471805599453,0.0,0.0,0.0,0.6931471805599453,1.0,0.14285714285714285,0.041666666666666664,0.0,29,1,2,-0.0,0.6931471805599453,1,,,,,0,7,1,6,3,9,1.0,0.0,1.9459101490553132,2.6390573296152584,0.07142857142857142,0.07142857142857142,-0.3333333333333333,,0,0,0,0,0,0,0,2.0,0.5,,0,,,0.0,0.0,,1.0986122886681098,0,0,0,,,0,0,0,0,0,0,0,0,0,,0,0,0,0,,,,,,,,,,,,,,,True,,,,,,,,True,0,,True,,,,,0,,,,,,,False,,0.5,0.0,0.5,0.0,True,2,False,False,,True,False,,True,False,,True,False,,True,False,,True,1,1,0.07304517336419017,5,0,732,0,True,0.124999,0.12499868842435724,0.22795954154982256,0.15648244199350997,1.7100591715976332,0.304645,False,20,6,0.0026748352583914245,0.0004384458660307692,0.00025657582424170835,0.00025657582424170835,14,0,1,1.0718529685711655,0.8216799886621315,0,0.8807201350630274,4.8544750087577375,,52,0.6645161290322581,0.3387096774193548,0.5887096774193549,0.8629032258064516,0.4112903225806452,,,,,,,2023-01-01,2025-01-01,,,,
concept:4de1522a4eea5118bcaa412f,GPU acceleration,2022-01-01,2022-01-01,2016-05-27,2045,2,3,1,0.6931471805599453,,True,1.0986122886681098,1.0986122886681098,1.0986122886681098,1.0986122886681098,0.6931471805599453,0.0,0.0,0.0,1.0986122886681098,2.0,0.14285714285714285,0.041666666666666664,0.0,63,1,2,-0.0,0.6931471805599453,1,,,,,0,1,1,0,8,47,1.0,0.0,-0.0,-0.0,1.0,1.0,1.0,,0,0,0,0,0,0,0,3.0,0.6666666666666666,1.0,1,0.0,0.0,0.0,0.4054651081081645,,1.3862943611198906,0,0,0,,,0,0,0,0,0,0,0,0,0,,0,0,0,0,,,,,,,,,,,,,,,True,,,,,,,,True,0,,True,,,,,0,,,,,,,False,,0.0,0.0,0.3333333333333333,0.0,True,2,False,False,,True,False,,True,False,,True,False,,True,False,,True,1,1,0.0,4,2,9,2,False,0.121773,0.12177302123013112,0.13444666853206755,0.1447265345493206,4.0,0.222222,False,22,9,0.002654677669348178,0.000488534487283844,0.00039271809832914546,0.00039271809832914546,13,0,1,2.0628203216133905,0.8343222434131525,8,1.7210568784867248,5.775998156999573,,49,0.6838709677419355,0.3387096774193548,0.5887096774193549,0.8629032258064516,0.9274193548387096,,,,,,,2023-01-01,2025-01-01,,,,
concept:55d343acdad2eb88c776adbd,quantum teleportation,2022-01-01,2022-01-01,2011-07-29,3809,2,2,1,0.6931471805599453,,True,0.6931471805599453,0.6931471805599453,0.6931471805599453,0.6931471805599453,0.6931471805599453,0.0,0.0,0.0,0.6931471805599453,1.0,0.14285714285714285,0.041666666666666664,0.0,29,1,2,-0.0,0.6931471805599453,1,,,,,0,2,0,2,3,5,1.0,0.0,0.6931471805599453,0.6931471805599453,0.5,0.5,-1.0,,0,0,0,0,0,0,0,2.0,0.5,1.0,1,0.0,0.0,0.0,0.0,,1.0986122886681098,0,0,0,,,0,0,0,0,0,0,0,0,0,,0,0,0,0,,,,,,,,,,,,,,,True,,,,,,,,True,0,,True,,,,,0,,,,,,,False,,0.0,0.0,0.5,0.0,True,2,False,False,,True,False,,True,False,,True,False,,True,False,,True,1,1,0.07304517336419017,4,2,9,3,False,0.166338,0.14081541483672932,0.14668463644969076,0.18213592024973868,5.0,0.333333,False,6,5,0.0012154695158118438,-0.000453046212369668,0.0,0.0,6,5,1,1.2469826398977568,0.5087671642731166,0,0.6344238215985867,4.8544750087577375,,49,0.6838709677419355,0.3387096774193548,0.5887096774193549,0.3870967741935484,0.22580645161290322,,,,,,,2023-01-01,2025-01-01,,,,
concept:7fc6a740143349e748bb8f40,Bluetooth Low Energy (BLE),2022-01-01,2022-01-01,2022-01-01,0,2,2,2,1.0986122886681098,,True,1.0986122886681098,1.0986122886681098,1.0986122886681098,1.0986122886681098,1.0986122886681098,0.0,0.0,0.0,1.0986122886681098,2.0,0.14285714285714285,1.0,0.0,0,1,2,-0.0,0.6931471805599453,1,,,,,0,2,1,1,7,9,1.0,,0.6931471805599453,0.6931471805599453,0.5,0.5,0.0,1.0,0,0,0,0,0,0,0,2.0,0.5,,0,,,0.0,0.0,,1.0986122886681098,0,0,0,,,0,0,0,0,0,0,0,0,0,,0,0,0,0,,,,,,,,,,,,,,,True,,,,,,,,True,0,,True,,,,,0,,,,,,,False,,0.0,0.0,0.5,0.0,True,2,False,False,,True,False,,True,False,,True,False,,True,False,,True,1,1,0.0,11,3,4,3,False,0.231195,0.21512064725090696,0.2401078655172233,0.23532345747391395,3.0,0.5,True,10,10,0.001977171294994124,0.001977171294994124,1.0472482622110545e-05,1.0472482622110545e-05,9,9,0,1.7843017061164077,0.672237037037037,12,1.199473692099824,7.103875741566585,,52,0.6645161290322581,0.3387096774193548,0.8145161290322581,0.8629032258064516,0.4112903225806452,,,,,,,2023-01-01,2025-01-01,,,,
concept:807a77a866f91e433a96eb19,Sharding in blockchain,2022-01-01,2022-01-01,2020-01-01,731,2,2,1,0.6931471805599453,,True,0.6931471805599453,0.6931471805599453,0.6931471805599453,0.0,0.6931471805599453,0.0,0.0,0.0,0.6931471805599453,1.0,0.14285714285714285,0.041666666666666664,0.0,14,1,2,-0.0,0.6931471805599453,1,,,,,0,3,0,5,3,10,1.0,0.0,1.0986122886681096,2.0794415416798357,0.125,0.125,-1.0,,0,0,0,0,1,0,0,2.0,0.5,1.0,2,0.0,0.0,0.0,0.2876820724517808,,1.0986122886681098,0,0,0,,,0,0,0,0,0,0,0,0,0,,0,0,0,0,,,,,,,,,,,,,,,True,,,,,,,,True,0,,True,,,,,0,,,,,,,False,,0.0,0.0,0.5,0.0,True,2,False,False,,True,False,,True,False,,True,False,,True,False,,True,1,1,0.07304517336419017,3,1,141,3,True,0.172624,0.16503055165934555,0.1364914829700946,0.17238951965259125,1.1785714285714286,0.297872,False,2,1,0.0021867836795248768,2.0640497460542532e-05,5.236241311055273e-06,5.236241311055273e-06,1,0,0,1.0986122886681096,0.5,0,0.5493061443340548,3.9596186835250258,,49,0.6838709677419355,0.3387096774193548,0.5887096774193549,0.3870967741935484,0.5080645161290323,,,,,,,2023-01-01,2025-01-01,,,,
concept:9bb6fee8598aa3c9504bf33e,Self Sovereign Identity (SSI) implementation for cloud data migration,2022-01-01,2022-01-01,2019-01-01,1096,2,3,1,0.6931471805599453,,True,0.6931471805599453,0.6931471805599453,0.6931471805599453,-0.40546510810816444,0.6931471805599453,0.0,0.0,0.0,0.6931471805599453,1.0,0.14285714285714285,0.041666666666666664,0.5,47,1,2,-0.0,0.6931471805599453,1,,,,,0,4,0,8,4,11,1.0,0.0,1.3862943611198906,2.3978952727983707,0.09090909090909091,0.09090909090909091,-1.0,,0,0,0,0,0,1,0,3.0,0.6666666666666666,1.0,1,0.0,0.0,0.0,0.916290731874155,,1.3862943611198906,0,0,0,,,0,0,0,0,0,0,0,0,0,,0,0,0,0,,,,,,,,,,,,,,,True,,,,,,,,True,0,3,False,,3,47,,0,,,,,,,False,,0.0,0.0,0.3333333333333333,0.0,True,2,False,False,,True,False,,True,False,,True,False,,True,False,,True,1,1,0.09217274646050577,12,0,732,0,True,0.183855,0.18385480867744974,0.1802182718985137,0.1893823818734722,1.7100591715976332,0.304645,False,5,1,0.0013438735216211774,2.6995001986682013e-05,3.1417447866331634e-05,3.1417447866331634e-05,4,0,0,1.3522093992338282,0.5482202216066481,0,0.7413085365065618,4.640253193011579,1.0,45,0.7096774193548387,0.3387096774193548,0.5887096774193549,0.3870967741935484,0.5806451612903226,,,,,,,2023-01-01,2025-01-01,,,,
concept:a4ce68a51f57e57fd5ddc125,Explainable Artificial Intelligence (XAI),2022-01-01,2022-01-01,2019-12-26,737,2,4,1,0.6931471805599453,,True,1.3862943611198906,1.3862943611198906,1.3862943611198906,0.6931471805599453,0.6931471805599453,0.0,0.0,0.0,1.3862943611198906,3.0,0.14285714285714285,0.041666666666666664,0.0,0,1,2,-0.0,0.6931471805599453,1,,,,,0,5,2,9,4,18,1.0,0.0,1.6094379124341005,3.2958368660043287,0.037037037037037035,0.037037037037037035,-0.3333333333333333,,0,0,0,0,0,0,0,4.0,0.75,1.0,2,0.0,0.0,0.0,0.980829253011726,,1.6094379124341003,0,0,0,,,0,0,0,0,0,0,0,0,0,,0,0,0,0,,,,,,,,,,,,,,,True,,,,,,,,True,0,,True,,,,,0,,,,,,,False,,0.5,0.0,0.25,0.0,True,2,False,False,,True,False,,True,False,,True,False,,True,False,,True,1,1,0.0,10,0,732,0,True,0.055631,0.0490056460917363,0.18897380247530826,0.11321570217686427,1.7100591715976332,0.304645,False,6,5,0.0011195330209439207,0.0007279627700672415,0.0007245212560730145,0.0007245212560730145,5,4,1,2.7439582568493224,0.5735802469135802,0,1.5738802544841914,6.885094003066417,,49,0.6838709677419355,0.3387096774193548,0.5887096774193549,0.967741935483871,0.7983870967741935,,,,,,,2023-01-01,2025-01-01,,,,
concept:e3403969af4ca848deff6b33,Proof-of-Work,2022-01-01,2022-01-01,2019-08-22,863,2,2,1,0.6931471805599453,,True,0.6931471805599453,0.6931471805599453,0.6931471805599453,0.0,0.6931471805599453,0.0,0.0,0.0,0.6931471805599453,1.0,0.14285714285714285,0.041666666666666664,0.0,0,1,2,-0.0,0.6931471805599453,1,,,,,0,2,0,5,1,9,1.0,0.0,0.6931471805599453,1.6094379124341005,0.20000000000000004,0.2,-1.0,,0,0,0,0,0,0,0,2.0,0.5,,0,,,0.0,0.0,,1.0986122886681098,0,0,0,,,0,0,0,0,0,0,0,0,0,,0,0,0,0,,,,,,,,,,,,,,,True,,,,,,,,True,0,,True,,,,,0,,,,,,,False,,0.0,0.0,0.5,0.0,True,2,False,False,,True,False,,True,False,,True,False,,True,False,,True,1,1,0.07304517336419017,4,2,10,3,True,0.133928,0.13392809848917775,0.1154328564638063,0.1561170990168174,0.75,0.2,False,9,7,0.00209474627687599,-7.139690518834403e-05,0.0006702388878150749,0.0006702388878150749,7,5,1,2.5634286735589225,0.679535282738746,0,1.741940228467471,,,53,0.6580645161290323,0.3387096774193548,0.5887096774193549,0.3870967741935484,0.4112903225806452,,,,,,,2023-01-01,2025-01-01,,,,
concept:3d756ff3fc05b7ef030f2903,Initial Crypto-asset Offerings (ICOs),2022-04-01,2022-04-01,2018-01-01,1551,3,4,0,0.0,,True,0.0,0.0,0.0,-1.3862943611198906,0.0,0.0,0.0,0.0,0.0,0.0,0.0,0.0,1.0,742,1,2,-0.0,0.6365141682948128,0,,,,,0,1,0,3,5,3,,0.0,-0.0,1.5607104090414063,0.2222222222222222,0.3333333333333333,-1.0,,2,0,0,0,0,0,0,4.0,0.75,1.0,1,0.0,0.0,0.25,0.916290731874155,,1.6094379124341003,0,0,0,,,0,0,0,0,0,0,0,0,0,,0,0,0,0,,,,,,,,,,,,,,,True,,,,,,,,True,0,,True,,,,,0,,,,,,,False,0.5,0.3333333333333333,0.0,0.25,0.0,True,3,False,False,,True,False,,True,False,,True,False,,True,False,,True,1,1,0.34873150258179014,0,2,5,2,False,0.136312,0.13631249661055356,0.11111731472827935,0.1619163715304891,1.0,0.2,False,7,0,0.0014463012606910862,-0.0005208179323438983,1.475269431192784e-05,-9.625153742748508e-05,6,0,0,1.4843071366586966,0.562302628534407,0,0.8346298044955645,5.471098699781596,,49,0.6838709677419355,0.7578125,0.2109375,0.3828125,0.125,,,,,,,2023-04-01,2025-04-01,,,,
concept:3ed464ff37f6beff4383ffcc,Membership Inference Attacks Against Machine Learning Models,2022-04-01,2022-04-01,2017-05-01,1796,2,2,1,0.6931471805599453,,True,0.6931471805599453,0.6931471805599453,0.6931471805599453,0.6931471805599453,0.6931471805599453,0.0,0.0,0.0,0.6931471805599453,1.0,0.14285714285714285,0.041666666666666664,0.0,60,1,2,-0.0,0.6931471805599453,1,,,,,0,4,0,6,1,10,1.0,0.0,1.3321790402101223,2.1972245773362196,0.1111111111111111,0.1111111111111111,-1.0,,0,0,0,0,0,0,0,2.0,0.5,1.0,2,0.0,0.0,0.0,0.6931471805599452,,1.0986122886681098,0,0,0,,,0,0,0,0,0,0,0,0,0,,0,0,0,0,,,,,,,,,,,,,,,True,,,,,,,,True,0,,True,,,,,0,,,,,,,False,,0.0,0.0,0.5,0.0,True,2,False,False,,True,False,,True,False,,True,False,,True,False,,True,1,1,0.07304517336419017,6,1,157,3,True,0.168522,0.16852202850561782,0.16592959355148074,0.21034658146975102,1.32,0.127389,False,0,0,0.00022016732716864822,-8.323073108377899e-05,0.0,0.0,0,0,0,,,0,,,,53,0.6580645161290323,0.328125,0.6015625,0.3828125,0.484375,,,,,,,2023-04-01,2025-04-01,,,,
concept:5fb16a1a8ff4e9aff6af6e7a,Ethereum,2022-04-01,2022-04-01,2018-12-19,1199,5,5,0,-0.6931471805599453,,True,0.0,0.0,-0.6931471805599453,-0.916290731874155,-0.6931471805599453,0.0,0.0,0.0,0.0,-0.13363062095621217,0.0,0.041666666666666664,1.0,658,1,3,-0.0,0.9502705392332347,0,,,,,0,3,0,7,5,22,,0.0,0.9502705392332347,2.6393405872324323,0.0795847750865052,0.17647058823529413,-1.0,,0,0,0,0,0,0,0,5.0,1.0,1.0,1,0.0,0.0,0.0,0.6931471805599453,,1.791759469228055,0,0,0,,,0,0,0,0,0,0,0,0,0,,0,0,0,0,,,,,,,,,,,,,,,True,,,,,,,,True,0,,True,,,,,0,,,,,,,False,,0.0,0.0,0.0,0.0,True,5,False,False,,True,False,,True,False,,True,False,,True,False,,True,1,1,0.11913154659444304,0,1,148,3,True,0.106547,0.10654651301600493,0.09292107788737458,0.11776877364774055,0.8656716417910447,0.22973,False,14,0,0.00291775315604771,-0.0010543369489193306,0.00029579439456856813,-0.00012456973195515837,5,0,0,2.647394771119687,0.785802009579342,0,2.0803281312956923,5.364669062254113,,50,0.6774193548387097,0.8984375,0.2109375,0.3828125,0.8359375,,,,,,,2023-04-01,2025-04-01,,,,
concept:e03c3b611c6abb5279900ff5,Lattice-based cryptography,2022-04-01,2022-04-01,2017-01-01,1916,2,2,0,0.0,,True,0.0,0.0,0.0,-0.6931471805599453,0.0,0.0,0.0,0.0,0.0,0.0,0.0,0.0,1.0,1112,1,2,-0.0,0.6931471805599453,0,,,,,0,2,0,1,5,3,,0.0,0.6931471805599453,0.6931471805599453,0.5,0.5,-1.0,,0,0,0,0,1,0,0,2.0,0.5,1.0,1,0.0,0.0,0.0,0.0,,1.0986122886681098,0,0,0,,,0,0,0,0,0,0,0,0,0,,0,0,0,0,,,,,,,,,,,,,,,True,,,,,,,,True,0,,True,,,,,0,,,,,,,False,,0.0,0.0,0.5,0.0,True,2,False,False,,True,False,,True,False,,True,False,,True,False,,True,1,1,0.23804628387473534,0,2,13,3,False,0.051359,0.05135887536587602,0.08360218540910624,0.10089706315578048,1.6666666666666667,0.307692,False,3,0,0.000868271798908132,-0.0014706782138183409,2.5530958840690222e-06,-5.365157841436794e-05,2,0,0,1.9085352816435597,0.4538660400483763,0,0.8662193505721749,5.235042331459807,,50,0.6774193548387097,0.328125,0.2109375,0.3828125,0.125,,,,,,,2023-04-01,2025-04-01,,,,
concept:22d489ee0d0acd24c9c97262,Code-based cryptography,2022-07-01,2022-07-01,2021-12-01,212,2,2,2,1.0986122886681098,,True,0.6931471805599453,0.0,1.0986122886681098,1.0986122886681098,1.0986122886681098,0.0,0.0,0.0,-0.6931471805599453,0.8017837257372732,0.2857142857142857,0.25,0.0,1,1,2,-0.0,0.6931471805599453,1,,,,,0,2,0,3,2,3,1.0,,0.6931471805599453,1.0986122886681096,0.3333333333333333,0.3333333333333333,-1.0,,0,0,0,0,1,0,0,2.0,1.0,1.0,1,0.0,0.0,0.0,0.0,,1.0986122886681098,0,0,0,,,0,0,0,0,0,0,0,0,0,,0,0,0,0,,,,,,,,,,,,,,,True,,,,,,,,True,0,,True,,,,,0,,,,,,,False,,0.0,0.0,0.0,0.0,True,2,False,False,,True,False,,True,False,,True,False,,True,False,,True,1,1,0.0,8,1,59,3,True,0.092179,0.0881809338603694,0.08618220802075949,0.09729130722897714,2.3333333333333335,0.474576,False,12,12,0.0021370900527726607,0.0021370900527726607,0.0002483183313975997,0.0002483183313975997,8,8,0,1.3670622497944254,0.7223388118878176,0,0.9874821212931921,3.9883224520975356,,50,0.6774193548387097,0.3380281690140845,0.8309859154929577,0.3873239436619718,0.13380281690140844,,,,,,,2023-07-01,2025-07-01,,,,
concept:368aa7d6acba46f8eb61bcb9,self-sovereign identities,2022-07-01,2022-07-01,2022-03-17,106,2,2,2,1.0986122886681098,,True,0.0,1.0986122886681098,1.0986122886681098,1.0986122886681098,1.0986122886681098,0.0,0.0,0.0,1.0986122886681098,0.8017837257372732,0.14285714285714285,0.4,0.0,72,1,2,-0.0,0.6931471805599453,1,,,,,0,3,0,5,5,9,1.0,,1.0986122886681096,2.0794415416798357,0.125,0.125,-1.0,,0,0,0,0,0,0,0,2.0,0.5,,0,,,0.0,0.0,,1.0986122886681098,0,0,0,,,0,0,0,0,0,0,0,0,0,,0,0,0,0,,,,,,,,,,,,,,,True,,,,,,,,True,0,,True,,,,,0,,,,,,,False,,0.0,0.0,0.5,0.0,True,2,False,False,,True,False,,True,False,,True,False,,True,False,,True,1,1,0.0,13,0,802,0,True,0.136116,0.13611590249965555,0.20654870034175388,0.17759178443639864,1.538860103626943,0.279302,False,4,4,0.0009551752966047558,0.0009551752966047558,0.04659311460473808,0.04659311460473808,3,3,1,3.2855113402701304,0.6447191773812003,4,2.118232168575563,6.699146651946282,,53,0.6580645161290323,0.3380281690140845,0.8309859154929577,0.3873239436619718,0.43661971830985913,,,,,,,2023-07-01,2025-07-01,,,,
concept:5e02152b1284507f34a33e29,Post-Quantum Cryptography (PQC) frameworks,2022-07-01,2022-07-01,2021-12-01,212,2,2,2,1.0986122886681098,,True,0.6931471805599453,0.0,1.0986122886681098,1.0986122886681098,1.0986122886681098,0.0,0.0,0.0,-0.6931471805599453,0.8017837257372732,0.2857142857142857,0.25,0.0,1,1,2,-0.0,0.6931471805599453,1,,,,,0,2,0,3,2,3,1.0,,0.6931471805599453,1.0986122886681096,0.3333333333333333,0.3333333333333333,-1.0,,0,0,0,0,0,0,0,2.0,0.5,1.0,2,0.0,0.0,0.0,1.2039728043259361,,1.0986122886681098,0,0,0,,,0,0,0,0,0,0,0,0,0,,0,0,0,0,,,,,,,,,,,,,,,True,,,,,,,,True,0,1,False,,1,,,0,,,,,,,False,,0.0,0.0,0.5,0.0,True,2,False,False,,True,False,,True,False,,True,False,,True,False,,True,1,1,0.0,7,2,5,2,False,0.125116,0.06179157855311346,0.07053080092810737,0.10000609830523222,5.0,0.8,True,12,12,0.0021370900527726607,0.0021370900527726607,0.0002483183313975997,0.0002483183313975997,8,8,0,1.3670622497944254,0.7223388118878176,0,0.9874821212931921,3.9883224520975356,,48,0.6903225806451613,0.3380281690140845,0.8309859154929577,0.3873239436619718,0.13380281690140844,,,,,,,2023-07-01,2025-07-01,,,,
concept:8207f97d85118a779365d576,distributed metaverse architecture with ternary-world interactions,2022-07-01,2022-07-01,2022-03-06,117,2,2,2,1.0986122886681098,,True,0.0,1.0986122886681098,1.0986122886681098,1.0986122886681098,1.0986122886681098,0.0,0.0,0.0,1.0986122886681098,0.8017837257372732,0.14285714285714285,0.4,0.0,81,1,1,-0.0,-0.0,1,,,,,0,2,0,4,1,7,1.0,,0.6931471805599453,1.3862943611198906,0.25,0.25,-1.0,,0,0,0,0,0,0,0,2.0,0.5,,0,,,0.5,0.0,,1.0986122886681098,0,0,0,,,0,0,0,0,0,0,0,0,0,,0,0,0,0,,,,,,,,,,,,,,,True,,,,,,,,True,0,,True,,,,,0,,,,,,,False,,0.0,0.0,0.5,0.0,True,2,False,False,,True,False,,True,False,,True,False,,True,False,,True,1,1,0.0,7,0,802,0,True,0.239321,0.18964309220873088,0.19792287103536654,0.21880853857516697,1.538860103626943,0.279302,False,0,0,0.00020594494405162358,0.00020594494405162358,0.0,0.0,0,0,0,,,0,,,,57,0.6322580645161291,0.3380281690140845,0.8309859154929577,0.3873239436619718,0.323943661971831,,,,,,,2023-07-01,2025-07-01,,,,
concept:946d057c26e6865edf3ac79b,AutoML,2022-07-01,2022-07-01,2019-01-01,1277,2,2,0,0.0,,True,0.0,0.0,0.0,-1.0986122886681098,0.0,0.0,0.0,0.0,0.0,0.0,0.0,0.0,1.0,1115,1,2,-0.0,0.6931471805599453,0,,,,,0,4,0,6,5,9,,0.0,1.3321790402101223,2.833213344056216,0.058823529411764705,0.058823529411764705,-1.0,,0,0,0,0,0,0,0,2.0,0.5,1.0,1,0.0,0.0,0.0,0.0,,1.0986122886681098,0,0,0,,,0,0,0,0,0,0,0,0,0,,0,0,0,0,,,,,,,,,,,,,,,True,,,,,,,,True,0,,True,,,,,0,,,,,,,False,,0.0,0.0,0.5,0.0,True,2,False,False,,True,False,,True,False,,True,False,,True,False,,True,1,1,0.23804628387473534,0,0,802,0,True,0.182475,0.17653070665372372,0.16721782624798798,0.18302591187750855,1.538860103626943,0.279302,False,6,0,0.0013066593593711417,-0.00040969193952297093,0.0,0.0,6,0,0,1.7031617822460579,0.5429922399541628,0,0.924803631146111,4.3267365981739445,,50,0.6774193548387097,0.3380281690140845,0.2112676056338028,0.3873239436619718,0.43661971830985913,,,,,,,2023-07-01,2025-07-01,,,,
concept:af4b571954770e8cad1c2545,Recurrent Neural Networks,2022-07-01,2022-07-01,2014-01-01,3103,4,6,0,0.0,,True,0.0,0.0,0.0,-1.791759469228055,0.0,0.0,0.0,0.0,0.0,0.0,0.0,0.0,1.0,821,1,3,-0.0,1.0397207708399179,0,,,,,0,8,0,9,11,24,,0.0,2.0253262207700677,3.075220548054372,0.04725897920604914,0.08695652173913043,-1.0,,0,0,0,0,0,0,0,6.0,1.0,0.0,0,0.0,0.0,0.0,0.6931471805599453,,1.9459101490553132,0,0,0,,,0,0,0,0,0,0,0,0,0,,0,0,0,0,,,,,,,,,,,,,,,True,,,,,,,,True,0,,True,,,,,0,,,,,,,False,,0.0,0.0,0.0,0.0,True,4,False,False,,True,False,,True,False,,True,False,,True,False,,True,1,1,0.4216379923242304,0,1,176,3,True,0.076468,0.07646788476199684,0.10795852812047069,0.10125120476692381,1.2307692307692308,0.119318,False,74,0,0.003522313648780438,-0.0009967582958073048,0.004949084399759486,8.280086779153747e-05,39,0,2,2.356528360349082,0.9480126927647905,0,2.2340187964711298,5.34153327619565,,50,0.6774193548387097,0.8591549295774648,0.2112676056338028,0.3873239436619718,0.8591549295774648,,,,,,,2023-07-01,2025-07-01,,,,
concept:c56f8c08cde22fdf98ebc2c6,Mobile Computing,2022-07-01,2022-07-01,2019-01-01,1277,2,3,0,0.0,,True,0.0,0.0,0.0,-1.3862943611198906,0.0,0.0,0.0,0.0,0.0,0.0,0.0,0.0,1.0,1115,1,2,-0.0,0.6931471805599453,0,,,,,0,2,0,4,5,9,,0.0,0.6365141682948128,2.3025850929940455,0.10000000000000002,0.1,-1.0,,0,0,0,0,0,0,0,3.0,0.6666666666666666,,0,,,0.0,0.0,,1.3862943611198906,0,0,0,,,0,0,0,0,0,0,0,0,0,,0,0,0,0,,,,,,,,,,,,,,,True,,,,,,,,True,0,,True,,,,,0,,,,,,,False,,0.0,0.0,0.3333333333333333,0.0,True,2,False,False,,True,False,,True,False,,True,False,,True,False,,True,1,1,0.3003809664473759,0,0,802,0,True,0.23612,0.23612031034782177,0.2537153547575569,0.24998907638531861,1.538860103626943,0.279302,False,10,0,0.002229533573312461,-0.0007444345363971311,0.004097252468060399,0.0007282140671885642,6,0,1,1.867941891389892,0.7017611953414006,0,1.3108491345300473,5.112755103921161,,53,0.6580645161290323,0.3380281690140845,0.2112676056338028,0.3873239436619718,0.43661971830985913,,,,,,,2023-07-01,2025-07-01,,,,
concept:1c2db47f9f6a46eb053a4bc2,Quantum Key Distribution (QKD),2022-10-01,2022-10-01,2020-09-28,733,2,2,1,0.6931471805599453,,True,0.6931471805599453,0.6931471805599453,0.6931471805599453,0.0,0.6931471805599453,0.0,0.0,0.0,0.6931471805599453,1.0,0.14285714285714285,0.041666666666666664,0.0,78,1,2,-0.0,0.6931471805599453,1,,,,,0,8,2,7,5,13,1.0,0.0,2.0794415416798357,2.4849066497880004,0.08333333333333333,0.08333333333333333,-0.3333333333333333,,0,0,0,0,0,0,0,2.0,0.5,1.0,1,0.0,0.0,0.0,0.0,,1.0986122886681098,0,0,0,,,0,0,0,0,0,0,0,0,0,,0,0,0,0,,,,,,,,,,,,,,,True,,,,,,,,True,0,,True,,,,,0,,,,,,,False,,0.0,0.0,0.5,0.0,True,2,False,False,,True,False,,True,False,,True,False,,True,False,,True,1,1,0.07304517336419017,4,1,64,3,True,0.13757,0.08958038657035428,0.11543949845215451,0.13468811016789556,2.9166666666666665,0.421875,False,1,1,0.0013243279035889286,0.001052613384976484,0.0,0.0,1,1,0,1.3862943611198906,0.0,3,0.0,6.17831333040034,,49,0.6838709677419355,0.3424657534246575,0.6095890410958904,0.9452054794520548,0.6986301369863014,,,,,,,2023-10-01,2025-10-01,,,,
concept:352715353875136c412a9572,MobileNetV1,2022-10-01,2022-10-01,2019-08-12,1146,2,2,0,0.0,,True,0.0,0.0,0.0,-1.0986122886681098,0.0,0.0,0.0,0.0,0.0,0.0,0.0,0.0,1.0,935,1,2,-0.0,0.6931471805599453,0,,,,,0,4,0,3,4,24,,0.0,1.3321790402101223,1.791759469228055,0.16666666666666666,0.16666666666666666,-1.0,,0,0,0,0,0,0,0,2.0,0.5,1.0,1,0.0,0.0,0.0,0.4054651081081645,,1.0986122886681098,0,0,0,,,0,0,0,0,0,0,0,0,0,,0,0,0,0,,,,,,,,,,,,,,,True,,,,,,,,True,0,,True,,,,,0,,,,,,,False,,0.0,0.0,0.5,0.0,True,2,False,False,,True,False,,True,False,,True,False,,True,False,,True,1,1,0.23804628387473534,0,0,833,0,True,0.155597,0.045895246053877736,0.1856681245229872,0.1369283667663135,1.3894230769230769,0.265306,False,8,0,0.002078068125046344,-0.0007276558559813325,0.0019324151517246147,-0.004024115296993334,4,0,1,2.512341127890952,0.6568704803719008,0,1.6502827235358128,6.177856518250974,,50,0.6774193548387097,0.3424657534246575,0.22602739726027396,0.3767123287671233,0.8561643835616438,,,,,,,2023-10-01,2025-10-01,,,,
concept:66868c041e38c29fe52136cf,Long Short-Term Memory,2022-10-01,2022-10-01,2019-09-12,1115,2,2,0,0.0,,True,0.0,0.0,0.0,-1.0986122886681098,0.0,0.0,0.0,0.0,0.0,0.0,0.0,0.0,1.0,1030,1,1,-0.0,-0.0,0,,,,,0,4,0,4,7,11,,0.0,1.3321790402101223,2.5400363038209806,0.08163265306122448,0.14285714285714285,-1.0,,0,0,0,0,0,0,0,2.0,0.5,1.0,1,0.0,0.0,0.0,0.0,,1.0986122886681098,0,0,0,,,0,0,0,0,0,0,0,0,0,,0,0,0,0,,,,,,,,,,,,,,,True,,,,,,,,True,0,,True,,,,,0,,,,,,,False,,0.0,0.0,0.5,0.0,True,2,False,False,,True,False,,True,False,,True,False,,True,False,,True,1,1,0.23804628387473534,0,2,28,3,True,0.083725,0.08372458749619693,0.12296057811587147,0.12509381147819093,0.9090909090909091,0.107143,False,70,0,0.0028723306762499737,-0.000781515351197221,0.0004081734044969338,-0.00023943133451405498,39,0,1,2.318986263077179,0.9442967117394461,0,2.189811102792726,4.68210432969867,,50,0.6774193548387097,0.3424657534246575,0.22602739726027396,0.3767123287671233,0.589041095890411,,,,,,,2023-10-01,2025-10-01,,,,
concept:6cce4b340a543f6c0ab8dc31,Generative Adversarial Networks,2022-10-01,2022-10-01,2019-09-12,1115,3,6,0,0.0,,True,0.0,0.0,0.0,-1.9459101490553135,0.0,0.0,0.0,0.0,0.0,0.0,0.0,0.0,1.0,913,1,2,-0.0,0.6365141682948128,0,,,,,0,7,0,7,10,17,,0.0,1.9061547465398494,2.9785084205272376,0.05215419501133786,0.09523809523809523,-1.0,,0,0,0,0,0,0,0,6.0,1.0,1.0,1,0.0,0.0,0.0,0.0,,1.9459101490553132,0,0,0,,,0,0,0,0,0,0,0,0,0,,0,0,0,0,,,,,,,,,,,,,,,True,,,,,,,,True,0,,True,,,,,0,,,,,,,False,,0.0,0.0,0.0,0.0,True,3,False,False,,True,False,,True,False,,True,False,,True,False,,True,1,1,0.4216379923242304,0,1,177,3,True,0.049466,0.04946592443215825,0.14782833214705204,0.1360965025621905,0.7575757575757576,0.090395,False,73,0,0.003219882572795989,-0.000853017779336487,0.0032209110142294283,3.6033305132971826e-05,39,0,2,2.356528360349082,0.9467820264102276,0,2.231118696304475,5.08102737781007,,50,0.6774193548387097,0.7671232876712328,0.22602739726027396,0.3767123287671233,0.7671232876712328,,,,,,,2023-10-01,2025-10-01,,,,
concept:6ec797f97ab98c88883b12d1,Scaling solutions for blockchain,2022-10-01,2022-10-01,2020-01-01,1004,2,2,0,0.0,,True,0.0,0.0,0.0,-1.0986122886681098,0.0,0.0,0.0,0.0,0.0,0.0,0.0,0.0,1.0,1004,1,2,-0.0,0.6931471805599453,0,,,,,0,3,0,4,3,7,,0.0,1.0986122886681096,1.791759469228055,0.16666666666666666,0.16666666666666666,-1.0,,0,0,0,0,0,0,0,2.0,0.5,1.0,2,0.0,0.0,0.0,0.0,,1.0986122886681098,1,1,0,0.0,0.0,0,0,0,0,0,0,0,0,0,,0,0,0,0,,,,,,,,,,,,,,,True,,,,,,,,True,0,,True,,,,,0,,,,,,,False,,0.0,0.0,0.5,0.0,True,2,False,False,,True,False,,True,False,,True,False,,True,False,,True,1,1,0.23804628387473534,0,0,833,0,True,0.16034,0.14813608216931407,0.16705137879340992,0.1684177870684981,1.3894230769230769,0.265306,False,1,0,0.0010200904330272245,-0.0007913396910557387,0.0,0.0,1,0,0,1.0986122886681096,0.0,0,0.0,3.9475872690127556,,48,0.6903225806451613,0.3424657534246575,0.22602739726027396,0.3767123287671233,0.3150684931506849,,,,,,,2023-10-01,2025-10-01,,,,
concept:7ad9361ee152b83a52687d53,tokenization,2022-10-01,2022-10-01,2019-01-01,1369,2,6,0,0.0,,True,0.0,0.0,0.0,-1.9459101490553135,0.0,0.0,0.0,0.0,0.0,0.0,0.0,0.0,1.0,925,1,1,-0.0,-0.0,0,,,,,0,1,0,3,4,2,,0.0,-0.0,1.5607104090414063,0.2222222222222222,0.3333333333333333,-1.0,,0,0,0,0,0,0,0,6.0,1.0,1.0,1,0.0,0.0,0.0,0.0,,1.9459101490553132,0,0,0,,,0,0,0,0,0,0,0,0,0,,0,0,0,0,,,,,,,,,,,,,,,True,,,,,,,,True,0,,True,,,,,0,,,,,,,False,,0.5,0.0,0.0,0.0,True,2,False,False,,True,False,,True,False,,True,False,,True,False,,True,1,1,0.4216379923242304,0,2,14,3,True,0.131778,0.13177778187181954,0.18249573167880395,0.1704863890551379,0.3333333333333333,0.071429,False,7,0,0.0013061352856944591,-0.00046499609284316834,6.079678426225736e-05,4.023053627413438e-05,6,0,0,1.5853722711633438,0.562302628534407,0,0.8914589952807109,5.01901401188234,,50,0.6774193548387097,0.3424657534246575,0.22602739726027396,0.3767123287671233,0.06164383561643835,,,,,,,2023-10-01,2025-10-01,,,,
concept:83baf8b143644ea212d7dca0,Decentralized Autonomous Organization (DAO),2022-10-01,2022-10-01,2019-01-01,1369,3,4,0,-0.6931471805599453,,True,0.0,0.0,-0.6931471805599453,-0.6931471805599453,-0.6931471805599453,0.0,0.0,0.0,0.6931471805599453,-0.13363062095621217,0.14285714285714285,0.041666666666666664,1.0,512,1,2,-0.0,0.6365141682948128,0,,,,,0,6,0,9,4,16,,0.0,1.7478680974667573,2.6156305770275505,0.07555555555555556,0.13333333333333333,-1.0,,0,0,0,0,0,0,0,4.0,0.75,1.0,1,0.0,0.0,0.33333333333333337,0.0,,1.6094379124341003,0,0,0,,,0,0,0,0,0,0,0,0,0,,0,0,0,0,,,,,,,,,,,,,,,True,,,,,,,,True,0,,True,,,,,0,,,,,,,False,,0.3333333333333333,0.0,0.25,0.25,True,3,False,False,,True,False,,True,False,,True,False,,True,False,,True,1,1,0.10700924479478903,0,1,151,3,True,0.060927,0.060926890447156046,0.14482061446801986,0.12892908720798044,0.6323529411764706,0.172185,False,10,0,0.001885314064587487,-0.0006553997289097094,0.00043085767182634194,-1.3560028528858284e-05,6,0,0,2.0329740415449757,0.7105027777777777,0,1.4444337036678205,5.01901401188234,,50,0.6774193548387097,0.7671232876712328,0.22602739726027396,0.3767123287671233,0.7465753424657534,,,,,,,2023-10-01,2025-10-01,,,,
concept:b41e4c95c176cb788d9d1c8e,Echo state networks / reservoir computers,2022-10-01,2022-10-01,2019-09-12,1115,2,4,0,0.0,,True,0.0,0.0,0.0,-1.6094379124341003,0.0,0.0,0.0,0.0,0.0,0.0,0.0,0.0,1.0,1030,1,1,-0.0,-0.0,0,,,,,0,4,0,4,7,11,,0.0,1.3321790402101223,2.5400363038209806,0.08163265306122448,0.14285714285714285,-1.0,,0,0,0,0,0,0,0,4.0,0.75,,0,,,0.0,0.0,,1.6094379124341003,0,0,0,,,0,0,0,0,0,0,0,0,0,,0,0,0,0,,,,,,,,,,,,,,,True,,,,,,,,True,0,,True,,,,,0,,,,,,,False,,0.0,0.0,0.25,0.0,True,2,False,False,,True,False,,True,False,,True,False,,True,False,,True,1,1,0.34873150258179014,0,1,177,3,True,0.166112,0.16611192916718687,0.1741044950169115,0.18730585520690238,0.7575757575757576,0.090395,False,70,0,0.0028723306762499737,-0.000781515351197221,0.0004081734044969338,-0.00023943133451405498,39,0,1,2.318986263077179,0.9442967117394461,0,2.189811102792726,4.68210432969867,,53,0.6580645161290323,0.3424657534246575,0.22602739726027396,0.3767123287671233,0.589041095890411,,,,,,,2023-10-01,2025-10-01,,,,
concept:b86aa1218f95fb7096dc8475,Autoencoder,2022-10-01,2022-10-01,2019-09-12,1115,4,7,1,0.0,,True,0.0,-0.6931471805599453,-0.40546510810816444,-0.2231435513142097,-0.6931471805599453,0.6931471805599453,0.0,0.0,-0.28768207245178085,-0.3585685828003181,0.2857142857142857,0.08333333333333333,0.75,362,2,3,0.5623351446188083,1.0397207708399179,1,,753,,,1,4,0,7,10,15,1.0,0.0,1.3296613488547582,2.8133554045006153,0.06172839506172839,0.1111111111111111,-1.0,,0,0,0,0,0,0,0,6.666666666666667,0.8571428571428571,,0,,,0.0,0.0,,1.3862943611198904,0,0,0,,,0,0,0,0,0,0,0,0,0,,0,0,0,0,,,,,,,,,,,,,,,True,,,,,,,,True,0,,True,,,,,1,0.0,,,0,,,False,,0.25,0.0,0.14285714285714285,0.0,True,3,False,True,1,False,False,,True,False,,True,False,,True,False,,True,2,2,0.2678804481197336,0,1,177,3,True,0.062157,0.06215667147784876,0.12884381448821824,0.1286841834444538,0.7575757575757576,0.090395,False,79,1,0.0037527539626245406,-0.0008786807946188353,0.004832177171691238,0.0008928056057571727,39,0,2,2.43015705126068,0.9510137247112043,0,2.3111127089526162,5.431066342417292,,48,0.6903225806451613,0.863013698630137,0.6095890410958904,0.3767123287671233,0.7328767123287672,,,,,,,2023-10-01,2025-10-01,,,,
concept:e0604d558c0850ed308056f5,DAICO,2022-10-01,2022-10-01,2019-01-01,1369,2,2,0,0.0,,True,0.0,0.0,0.0,-1.0986122886681098,0.0,0.0,0.0,0.0,0.0,0.0,0.0,0.0,1.0,925,1,1,-0.0,-0.0,0,,,,,0,1,0,3,4,2,,0.0,-0.0,1.5607104090414063,0.2222222222222222,0.3333333333333333,-1.0,,0,0,0,0,0,0,0,2.0,0.5,1.0,1,0.0,0.0,0.0,0.4054651081081645,,1.0986122886681098,0,0,0,,,0,0,0,0,0,0,0,0,0,,0,0,0,0,,,,,,,,,,,,,,,True,,,,,,,,True,0,,True,,,,,0,,,,,,,False,,0.5,0.0,0.5,0.0,True,2,False,False,,True,False,,True,False,,True,False,,True,False,,True,1,1,0.23804628387473534,0,1,151,3,True,0.159986,0.15998600893692205,0.16684524144752166,0.17961026844455516,0.6323529411764706,0.172185,False,7,0,0.0013061352856944591,-0.00046499609284316834,6.079678426225736e-05,4.023053627413438e-05,6,0,0,1.5853722711633438,0.562302628534407,0,0.8914589952807109,5.01901401188234,,50,0.6774193548387097,0.3424657534246575,0.22602739726027396,0.3767123287671233,0.06164383561643835,,,,,,,2023-10-01,2025-10-01,,,,
concept:e0faced752653e6b046f4dc0,distributed corporate governance models,2022-10-01,2022-10-01,2019-01-01,1369,2,3,0,0.0,,True,0.0,0.0,0.0,-1.3862943611198906,0.0,0.0,0.0,0.0,0.0,0.0,0.0,0.0,1.0,925,1,1,-0.0,-0.0,0,,,,,0,1,0,3,4,2,,0.0,-0.0,1.5607104090414063,0.2222222222222222,0.3333333333333333,-1.0,,0,0,0,0,0,0,0,3.0,0.6666666666666666,1.0,1,0.0,0.0,0.5,0.916290731874155,,1.3862943611198906,0,0,0,,,0,0,0,0,0,0,0,0,0,,0,0,0,0,,,,,,,,,,,,,,,True,,,,,,,,True,0,1,False,,0,,,0,,,,,,,False,,0.5,0.0,0.3333333333333333,0.0,True,2,False,False,,True,False,,True,False,,True,False,,True,False,,True,1,1,0.3003809664473759,0,1,151,3,True,0.095439,0.09543946790553659,0.09605287622478542,0.11987371386471406,0.6323529411764706,0.172185,False,7,0,0.0013061352856944591,-0.00046499609284316834,6.079678426225736e-05,4.023053627413438e-05,6,0,0,1.5853722711633438,0.562302628534407,0,0.8914589952807109,5.01901401188234,,48,0.6903225806451613,0.3424657534246575,0.22602739726027396,0.3767123287671233,0.06164383561643835,,,,,,,2023-10-01,2025-10-01,,,,
concept:e3eb8e6af0a1b29159ea14ca,Edge Intelligence,2022-10-01,2022-10-01,2019-05-24,1226,5,11,2,1.0986122886681098,,True,-1.3862943611198906,1.3862943611198906,1.3862943611198906,-0.8109302162163288,1.0986122886681098,0.0,0.0,0.0,1.3862943611198906,-0.3585685828003181,0.14285714285714285,0.08333333333333333,0.625,122,1,2,-0.0,0.5004024235381879,1,,,,0,1,6,2,17,6,28,0.9166666666666666,0.058823529411764705,1.6417347121875212,3.331965027286289,0.041551246537396114,0.10526315789473684,-0.42857142857142855,1.0,2,4,0,0,0,0,4,11.0,0.9090909090909091,1.0,2,0.0,0.0,0.0,2.079441541679836,,0.8754687373539001,0,0,0,,,0,0,0,0,0,0,0,0,0,,0,0,0,0,,,,,,,,,,,,,,,True,,,,,,,,True,0,,True,,,,,0,,,,,,,False,0.16666666666666666,0.0,0.0,0.09090909090909091,0.0,True,5,False,False,,True,False,,True,False,,True,False,,True,False,,True,1,1,0.0,8,2,29,3,False,0.081137,0.08113728868431713,0.10330372979784508,0.10255994145882649,3.2,0.344828,False,23,7,0.004106244186345556,0.0008355603669680462,0.02093449747701668,0.010802125682144885,6,0,4,2.2939565044162418,0.8797063596708588,0,2.0180081257433002,4.836150892273383,,46,0.7032258064516129,0.8904109589041096,0.8356164383561644,0.9452054794520548,0.8835616438356164,,,,,,,2023-10-01,2025-10-01,,,,
concept:04b7a6edd052154d7891cd68,Blockchain-based governance systems,2023-01-01,2023-01-01,2020-03-20,1017,2,2,0,0.0,,True,0.0,0.0,0.0,-1.0986122886681098,0.0,0.0,0.0,0.0,0.0,0.0,0.0,0.0,1.0,940,1,2,-0.0,0.6931471805599453,0,,,,,0,2,0,5,4,3,,0.0,0.6931471805599453,1.9459101490553132,0.14285714285714285,0.14285714285714285,-1.0,,0,0,0,0,0,0,0,2.0,0.5,1.0,1,0.3333333333333333,0.0,0.0,0.6931471805599453,,1.0986122886681098,0,0,0,,,0,0,0,0,0,0,0,0,0,,0,0,0,0,,,,,,,,,,,,,,,True,,,,,,,,True,0,,True,,,,,0,,,,,,,False,,0.0,0.0,0.5,0.0,True,2,False,False,,True,False,,True,False,,True,False,,True,False,,True,1,1,0.23804628387473534,0,1,170,3,True,0.076769,0.07676852449223814,0.07071073105758319,0.08697514194711409,0.4583333333333333,0.123529,False,12,0,0.0017698649486651411,-0.00047174434004581623,0.0029772808920981724,0.0014725755480758348,6,0,0,2.507224832147019,0.7739803988308918,0,1.9405428755438656,5.115147758405025,,50,0.6774193548387097,0.31875,0.275,0.375,0.13125,,,,,,,2024-01-01,2026-01-01,,,,
concept:106fa46d38b22d2405a73883,permissioned blockchains,2023-01-01,2023-01-01,2019-02-19,1412,3,3,1,0.6931471805599453,,True,0.0,-0.6931471805599453,0.6931471805599453,-0.40546510810816444,0.6931471805599453,0.0,0.0,0.0,-1.3862943611198906,-0.13363062095621217,0.14285714285714285,0.041666666666666664,0.0,290,1,3,-0.0,1.0986122886681096,1,,,,,0,5,0,8,6,7,1.0,0.0,1.6094379124341005,2.3978952727983707,0.09090909090909091,0.09090909090909091,-1.0,,0,0,0,0,0,0,0,3.0,0.6666666666666666,1.0,1,0.0,0.0,0.0,0.0,,1.3862943611198906,0,0,0,,,0,0,0,0,0,0,0,0,0,,0,0,0,0,,,,,,,,,,,,,,,True,,,,,,,,True,0,,True,,,,,0,,,,,,,False,,0.0,0.0,0.3333333333333333,0.0,True,3,False,False,,True,False,,True,False,,True,False,,True,False,,True,1,1,0.09217274646050577,7,1,170,3,True,0.015191,0.015191107108913138,0.09399978318905922,0.07224400804465048,0.4583333333333333,0.123529,False,7,1,0.0010891401456351482,-7.013137577529236e-05,0.00277534925645731,0.00277534925645731,6,0,0,2.6463096863201887,0.6690756525309507,5,1.7705813801736556,6.747164288578636,,49,0.6838709677419355,0.725,0.675,0.375,0.325,,,,,,,2024-01-01,2026-01-01,,,,
concept:30cd60fe33f06c7c520a0151,Deep Learning Architectures,2023-01-01,2023-01-01,2019-09-12,1207,2,3,0,0.0,,True,0.0,0.0,0.0,-1.3862943611198906,0.0,0.0,0.0,0.0,0.0,0.0,0.0,0.0,1.0,947,1,2,-0.0,0.6931471805599453,0,,,,,0,9,0,15,7,19,,0.0,2.1639556568820564,3.2958368660043287,0.037037037037037035,0.037037037037037035,-1.0,,0,0,0,0,0,0,0,3.0,0.6666666666666666,1.0,1,0.0,0.0,0.0,0.4054651081081645,,1.3862943611198906,0,0,0,,,0,0,0,0,0,0,0,0,0,,0,0,0,0,,,,,,,,,,,,,,,True,,,,,,,,True,0,,True,,,,,0,,,,,,,False,,0.0,0.0,0.3333333333333333,0.0,True,2,False,False,,True,False,,True,False,,True,False,,True,False,,True,1,1,0.3003809664473759,0,1,209,3,True,0.151186,0.1511862982694644,0.0990792754356421,0.1538725712399548,1.0,0.148325,False,42,0,0.0020863927644480178,-0.0004720191113955284,0.005513239351672119,0.002387203288972121,37,0,1,2.48638166959467,0.9174670525235774,0,2.281173261851673,5.542388790092376,,50,0.6774193548387097,0.31875,0.275,0.375,0.825,,,,,,,2024-01-01,2026-01-01,,,,
concept:388f7195db027de5f36b9fbe,Random Forest (RF),2023-01-01,2023-01-01,2020-01-01,1096,3,4,1,0.6931471805599453,,True,0.6931471805599453,0.6931471805599453,0.6931471805599453,-0.6931471805599453,0.6931471805599453,0.0,0.0,0.0,0.6931471805599453,1.0,0.14285714285714285,0.041666666666666664,0.6666666666666667,79,1,3,-0.0,1.0986122886681096,1,,,,,0,3,0,3,7,7,1.0,0.0,1.0986122886681096,1.0986122886681096,0.3333333333333333,0.3333333333333333,-1.0,,0,0,0,0,0,0,0,4.0,0.75,,0,,,0.0,0.0,,1.6094379124341003,0,0,0,,,0,0,0,0,0,0,0,0,0,,0,0,0,0,,,,,,,,,,,,,,,True,,,,,,,,True,0,,True,,,,,0,,,,,,,False,,0.3333333333333333,0.0,0.25,0.0,True,3,False,False,,True,False,,True,False,,True,False,,True,False,,True,1,1,0.10700924479478903,4,1,209,3,True,0.18307,0.1830701849826224,0.15737445213133672,0.19446377645382656,1.0,0.148325,False,5,1,0.0016908233416225156,0.00010931414743478108,0.0036013237618545842,0.0030462821828827254,2,0,1,2.694153703984459,0.6472888888888888,2,1.7438957575479848,5.477403146310327,,52,0.6645161290322581,0.725,0.675,0.375,0.325,,,,,,,2024-01-01,2026-01-01,,,,
concept:408457acd140258a8ed14866,ResNet50,2023-01-01,2023-01-01,2019-08-12,1238,2,3,0,0.0,,True,0.0,0.0,0.0,-1.3862943611198906,0.0,0.0,0.0,0.0,0.0,0.0,0.0,0.0,1.0,944,1,2,-0.0,0.6931471805599453,0,,,,,0,5,0,3,4,9,,0.0,1.6094379124341005,1.791759469228055,0.16666666666666666,0.16666666666666666,-1.0,,0,0,0,0,0,0,0,3.0,1.0,,0,,,0.0,0.0,,1.3862943611198906,0,0,0,,,0,0,0,0,0,0,0,0,0,,0,0,0,0,,,,,,,,,,,,,,,True,,,,,,,,True,0,,True,,,,,0,,,,,,,False,,0.0,0.0,0.0,0.0,True,2,False,False,,True,False,,True,False,,True,False,,True,False,,True,1,1,0.3003809664473759,0,0,931,0,True,0.121611,0.1216106019421036,0.17487100030918978,0.14274604614472397,0.8961937716262975,0.213749,False,5,0,0.001409814882068435,-0.000374023465689168,0.00035848417309078813,8.619962491591396e-05,4,0,0,1.4708084763221114,0.5206249999999999,0,0.7657396629851991,5.696369908733778,,53,0.6580645161290323,0.31875,0.275,0.375,0.44375,,,,,,,2024-01-01,2026-01-01,,,,
concept:4d6f83d3da0d93315fda8352,Quantum-safe cryptographic algorithms,2023-01-01,2023-01-01,2022-04-06,270,2,2,2,1.0986122886681098,,True,0.6931471805599453,0.0,1.0986122886681098,1.0986122886681098,1.0986122886681098,0.0,0.0,0.0,-0.6931471805599453,0.8017837257372732,0.2857142857142857,0.2,0.0,89,1,2,-0.0,0.6931471805599453,1,,,,,0,1,0,1,5,2,1.0,,-0.0,0.6931471805599453,0.5,0.5,-1.0,,0,0,0,0,0,0,0,2.0,0.5,1.0,1,0.0,0.0,0.0,0.0,,1.0986122886681098,0,0,0,,,0,0,0,0,0,0,0,0,0,,0,0,0,0,,,,,,,,,,,,,,,True,,,,,,,,True,0,,True,,,,,0,,,,,,,False,,0.0,0.0,0.5,0.5,True,2,False,False,,True,False,,True,False,,True,False,,True,False,,True,1,1,0.0,7,3,5,1,False,0.035531,0.03553146324146028,0.03302902777364014,0.04802035777849747,5.0,0.6,True,5,5,0.001245028333296748,0.001245028333296748,0.00021426640230713773,0.00021426640230713773,4,4,1,1.7193391211724212,0.5366666666666666,0,0.9227119950291993,5.391808971419271,,50,0.6774193548387097,0.31875,0.8625,0.375,0.0625,,,,,,,2024-01-01,2026-01-01,,,,
concept:4d95499f713e6b5c1d8d3532,post-quantum cryptographic assemblages,2023-01-01,2023-01-01,2021-09-03,485,2,4,1,0.0,,True,0.6931471805599453,0.6931471805599453,-0.6931471805599453,1.6094379124341003,0.0,0.0,0.0,0.0,2.0794415416798357,0.47809144373375745,0.2857142857142857,0.11764705882352941,0.6666666666666667,0,1,1,-0.0,-0.0,1,,,,,0,2,1,3,3,2,0.0,1.0,0.6365141682948128,2.1458417525947544,0.12396694214876033,0.18181818181818182,-0.3333333333333333,1.0,0,1,0,0,0,0,0,4.0,0.75,0.3888888888888889,1,0.0,0.0,0.0,2.251291798606495,,1.6094379124341003,0,0,0,,,0,0,0,0,0,0,0,0,0,,0,0,0,0,,,,,,,,,,,,,,,True,,,,,,,,True,0,1,False,,0,,,0,,,,,,,False,1.0,0.0,0.0,0.25,0.0,True,2,False,False,,True,False,,True,False,,True,False,,True,False,,True,1,1,0.10700924479478903,5,2,51,1,True,0.081905,0.0819045116874253,0.08761538775066802,0.10168695852447993,1.6111111111111112,0.352941,False,0,0,0.00017685550904910692,-4.78972629017472e-05,0.0,0.0,0,0,0,,,2,,7.95570387200772,,48,0.6903225806451613,0.31875,0.675,0.81875,0.0625,,,,,,,2024-01-01,2026-01-01,,,,
concept:549bccb06bc72d705d442e7b,U-Net,2023-01-01,2023-01-01,2017-01-02,2190,2,2,0,0.0,,True,0.0,0.0,0.0,-0.6931471805599453,0.0,0.0,0.0,0.0,0.0,0.0,0.0,0.0,1.0,965,1,1,-0.0,-0.0,0,,,,,0,4,1,5,4,8,,0.0,1.3321790402101223,2.6156305770275505,0.07555555555555556,0.13333333333333333,-0.3333333333333333,,0,0,0,0,0,0,0,2.0,0.5,,0,,,0.0,0.0,,1.0986122886681098,0,0,0,,,0,0,0,0,0,0,0,0,0,,0,0,0,0,,,,,,,,,,,,,,,True,,,,,,,,True,0,,True,,,,,0,,,,,,,False,,0.0,0.0,0.5,0.0,True,2,False,False,,True,False,,True,False,,True,False,,True,False,,True,1,1,0.23804628387473534,0,2,22,3,False,0.131805,0.13180470570899117,0.11073888919963415,0.15307450268518027,0.4,0.090909,False,9,0,0.002011316830389318,-0.0005447190846461932,3.708456963008153e-05,-1.0041602169415928e-05,5,0,0,1.310388950290287,0.6487654320987655,0,0.8501350535525257,5.842804991773686,,53,0.6580645161290323,0.31875,0.275,0.81875,0.38125,,,,,,,2024-01-01,2026-01-01,,,,
concept:557e9abff89cccdb902c8bcb,Central Bank Digital Currency,2023-01-01,2023-01-01,2017-08-01,1979,13,18,2,-0.6931471805599453,,True,0.0,-1.0986122886681098,-1.0986122886681098,0.4519851237430572,-0.6931471805599453,0.0,0.0,0.0,-0.8109302162163289,-0.9166984970282113,0.2857142857142857,0.25,0.8,269,1,8,-0.0,1.9512595041439562,1,,,,,0,11,1,19,12,59,0.7272727272727273,0.058823529411764705,2.220636797977266,3.8128368956999314,0.023452518262206845,0.058823529411764705,-0.75,,0,0,0,0,0,0,0,18.0,0.9444444444444444,1.0,4,0.04,0.0,0.0,1.6486586255873819,,2.9444389791664403,1,1,0,0.0,0.0,0,0,0,0,0,0,0,0,0,,0,0,1,0,,,,,,,,,,,,,,,True,,,,,,,,True,0,4,False,,0,0,1096,0,,,,,,,False,,0.15384615384615385,0.0,0.05555555555555555,0.0,True,13,False,False,,True,False,,True,False,,True,False,,True,False,,True,1,1,0.0,1,3,5,1,False,0.076789,0.07678873022097044,0.08655262995324631,0.11703480620089872,0.4,0.0,False,13,0,0.0023228875982738203,-0.0007233402702317348,4.94460928401087e-05,-1.3388802892554566e-05,9,0,0,1.4350844086385628,0.7807530406678663,4,1.1204465156596046,6.7023727382147635,,43,0.7225806451612904,0.9375,0.8625,0.81875,0.94375,,,,,,,2024-01-01,2026-01-01,,,,
concept:923f0b4baec8ab4dd0059ec1,Blockchain Oracles,2023-01-01,2023-01-01,2019-01-01,1461,4,7,1,0.0,,True,1.3862943611198906,1.3862943611198906,0.6931471805599453,0.5108256237659907,0.0,0.0,0.0,0.0,2.0794415416798357,2.6726124191242437,0.2857142857142857,0.08333333333333333,0.0,0,1,4,-0.0,1.3862943611198906,1,,,,,0,4,0,4,6,13,1.0,0.0,1.3862943611198906,1.3862943611198906,0.25,0.25,-1.0,,0,0,0,0,0,0,0,7.0,1.0,1.0,2,0.0,0.0,0.0,0.5108256237659905,,2.0794415416798357,0,0,0,,,0,0,0,0,0,0,0,0,0,,0,0,0,0,,,,,,,,,,,,,,,True,,,,,,,,True,0,,True,,,,,0,,,,,,,False,,0.0,0.0,0.0,0.0,True,4,False,False,,True,False,,True,False,,True,False,,True,False,,True,1,1,0.13825911969075866,2,1,170,3,True,0.12029,0.12028970631501068,0.11935617489888517,0.15308588694879555,0.4583333333333333,0.123529,False,4,1,0.0013376969656767775,0.00017646545621445857,0.0007169683461815763,0.0001776354911428832,2,0,1,2.919023506060834,0.6699371301775148,0,1.9555622305711025,5.254597736255345,,49,0.6838709677419355,0.84375,0.675,0.375,0.68125,,,,,,,2024-01-01,2026-01-01,,,,
concept:95a554207168ef357bcfef73,Blockchain architecture for agricultural data integrity with smart contracts,2023-01-01,2023-01-01,2019-08-29,1221,2,2,1,0.6931471805599453,,True,0.6931471805599453,0.6931471805599453,0.6931471805599453,0.0,0.6931471805599453,0.0,0.0,0.0,0.6931471805599453,1.0,0.14285714285714285,0.041666666666666664,0.0,72,1,2,-0.0,0.6931471805599453,1,,,,,0,2,0,3,5,6,1.0,0.0,0.6931471805599453,1.0986122886681096,0.3333333333333333,0.3333333333333333,-1.0,,0,0,0,0,0,0,0,2.0,0.5,1.0,1,0.0,0.0,0.0,0.916290731874155,,1.0986122886681098,0,0,0,,,0,0,0,0,0,0,0,0,0,,0,0,0,0,,,,,,,,,,,,,,,True,,,,,,,,True,0,,True,,,,,0,,,,,,,False,,0.0,0.0,0.5,0.0,True,2,False,False,,True,False,,True,False,,True,False,,True,False,,True,1,1,0.07304517336419017,4,1,170,3,True,0.125419,0.12541916863648406,0.11433980103820773,0.13277824126502957,0.4583333333333333,0.123529,False,0,0,0.00017685550904910692,-4.78972629017472e-05,0.0,0.0,0,0,0,,,0,,5.122342875020952,,52,0.6645161290322581,0.31875,0.675,0.375,0.25625,,,,,,,2024-01-01,2026-01-01,,,,
concept:0aeb4c903d44b57fc5daaec8,Permissionless blockchains,2023-04-01,2023-04-01,2020-06-05,1030,2,2,0,0.0,,True,0.0,0.0,0.0,-1.0986122886681098,0.0,0.0,0.0,0.0,0.0,0.0,0.0,0.0,1.0,782,1,2,-0.0,0.6931471805599453,0,,,,,0,1,0,2,4,4,,0.0,-0.0,1.0986122886681096,0.3333333333333333,0.3333333333333333,-1.0,,0,0,0,0,0,0,0,2.0,0.5,,0,,,0.0,0.0,,1.0986122886681098,0,0,0,,,0,0,0,0,0,0,0,0,0,,0,0,0,0,,,,,,,,,,,,,,,True,,,,,,,,True,0,,True,,,,,0,,,,,,,False,,0.0,0.0,0.5,0.0,True,2,False,False,,True,False,,True,False,,True,False,,True,False,,True,1,1,0.23804628387473534,0,2,10,3,True,0.092775,0.09277454658435247,0.09080105005860561,0.11016007282747212,0.2,0.1,False,19,0,0.002022691599938401,-0.00065658613547326,0.00014354384068908003,-1.6604901129794975e-05,14,0,0,2.4383810332524165,0.819644102858806,0,1.9986046344281052,5.111228925088398,,53,0.6580645161290323,0.3181818181818182,0.26704545454545453,0.3806818181818182,0.17045454545454544,,,,,,,2024-04-01,2026-04-01,,,,
concept:219316095020e912af190772,AlexNet,2023-04-01,2023-04-01,2019-10-04,1275,2,2,1,0.6931471805599453,,True,0.6931471805599453,0.6931471805599453,0.6931471805599453,0.0,0.0,0.6931471805599453,0.0,0.0,0.6931471805599453,1.0,0.14285714285714285,0.041666666666666664,0.0,11,2,2,0.6931471805599453,0.6931471805599453,1,,1264,,,1,1,0,2,6,5,1.0,0.0,-0.0,1.0986122886681096,0.3333333333333333,0.3333333333333333,-1.0,,0,0,0,0,0,0,0,1.6666666666666665,0.5,,0,,,0.0,0.0,,0.4054651081081645,0,0,0,,,0,0,0,0,0,0,0,0,0,,0,0,0,0,,,,,,,,,,,,,,,True,,,,,,,,True,0,,True,,,,,1,0.0,,,0,,,False,,0.5,0.0,0.5,0.0,True,1,False,True,1,False,False,,True,False,,True,False,,True,False,,True,2,2,0.07304517336419017,1,2,10,1,False,0.116981,0.0628914210777527,0.08154400023521235,0.0988468704018007,3.0,0.2,False,18,16,0.0011641324989138653,0.000671403648275322,0.0004113274513220427,0.0004113274513220427,16,14,1,2.4374855035111067,0.8120813420069242,0,1.9794364988137227,4.556853500552653,,48,0.6903225806451613,0.3181818181818182,0.6477272727272727,0.3806818181818182,0.21022727272727273,,,,,,,2024-04-01,2026-04-01,,,,
concept:33f0c3b7e203784bf3b8e93f,Hash-based cryptography,2023-04-01,2023-04-01,2022-06-30,275,2,2,2,1.0986122886681098,,True,0.6931471805599453,0.0,1.0986122886681098,1.0986122886681098,1.0986122886681098,0.0,0.0,0.0,-0.6931471805599453,0.8017837257372732,0.2857142857142857,0.18181818181818182,0.0,40,1,2,-0.0,0.6931471805599453,1,,,,,0,1,0,1,4,2,1.0,,-0.0,-0.0,1.0,1.0,-1.0,,0,0,0,0,0,0,0,2.0,1.0,,0,,,0.0,0.0,,1.0986122886681098,0,0,0,,,0,0,0,0,0,0,0,0,0,,0,0,0,0,,,,,,,,,,,,,,,True,,,,,,,,True,0,,True,,,,,0,,,,,,,False,,0.0,0.0,0.0,0.0,True,2,False,False,,True,False,,True,False,,True,False,,True,False,,True,1,1,0.0,6,2,58,3,True,0.088181,0.0881809338603694,0.06936942965038972,0.10613634658881273,2.4705882352941178,0.396552,False,10,10,0.001393199009732121,0.001393199009732121,9.659353064314113e-06,9.659353064314113e-06,8,8,0,1.8457117967091015,0.6834037923996028,0,1.2613664415476846,4.850397360205646,,53,0.6580645161290323,0.3181818181818182,0.8295454545454546,0.3806818181818182,0.06818181818181818,,,,,,,2024-04-01,2026-04-01,,,,
concept:36e9a64509a7c0abef59ada8,IPFS,2023-04-01,2023-04-01,2023-01-01,90,2,2,2,1.0986122886681098,,True,0.0,1.0986122886681098,1.0986122886681098,1.0986122886681098,1.0986122886681098,0.0,0.0,0.0,1.0986122886681098,0.8017837257372732,0.14285714285714285,0.5,0.0,8,1,2,-0.0,0.6931471805599453,1,,,,,0,7,0,11,2,9,1.0,,1.9459101490553132,2.6390573296152584,0.07142857142857142,0.07142857142857142,-1.0,,0,0,0,0,0,0,0,2.0,0.5,,0,,,0.0,0.0,,1.0986122886681098,0,0,0,,,0,0,0,0,0,0,0,0,0,,0,0,0,0,,,,,,,,,,,,,,,True,,,,,,,,True,0,,True,,,,,0,,,,,,,False,,0.0,0.0,0.5,0.0,True,2,False,False,,True,False,,True,False,,True,False,,True,False,,True,1,1,0.0,20,1,273,3,True,0.154254,0.09556664435481022,0.1744809631239398,0.14397657954558216,1.0123456790123457,0.186813,False,6,6,0.0013156819875781473,0.0013156819875781473,0.00296348952013157,0.00296348952013157,4,4,0,2.740402893816222,0.5686090690824486,0,1.55821793836369,3.7874644906462454,,53,0.6580645161290323,0.3181818181818182,0.8295454545454546,0.3806818181818182,0.4375,,,,,,,2024-04-01,2026-04-01,,,,
concept:3c2c3809274c3686a3219fa0,ResNet,2023-04-01,2023-04-01,2019-12-06,1212,2,3,1,0.6931471805599453,,True,1.0986122886681098,1.0986122886681098,1.0986122886681098,0.4054651081081644,0.0,0.6931471805599453,0.0,0.0,1.0986122886681098,2.0,0.14285714285714285,0.041666666666666664,0.0,11,2,2,0.6931471805599453,0.6931471805599453,1,,1201,,,1,1,0,0,4,9,1.0,0.0,-0.0,1.3862943611198906,0.25,0.25,,,0,0,0,0,0,0,0,2.333333333333333,0.6666666666666666,,0,,,0.0,0.0,,0.6931471805599453,0,0,0,,,0,0,0,0,0,0,0,0,0,,0,0,0,0,,,,,,,,,,,,,,,True,,,,,,,,True,0,,True,,,,,1,0.0,,,0,,,False,,0.5,0.0,0.3333333333333333,0.0,True,1,False,True,1,False,False,,True,False,,True,False,,True,False,,True,2,2,0.0,0,1,61,3,True,0.046256,0.0462558707422388,0.06571954609645003,0.07448970589882269,0.8095238095238095,0.147541,False,55,16,0.0022904382395461304,0.000489670705009364,0.011163883164997172,0.011163883164997172,39,0,1,2.363753738307761,0.9343487268436158,0,2.208570295959694,4.51603515161393,,49,0.6838709677419355,0.3181818181818182,0.6477272727272727,0.3806818181818182,0.4375,,,,,,,2024-04-01,2026-04-01,,,,
concept:5047acfc43f50fd2aa721ec0,GAP-8,2023-04-01,2023-04-01,2018-07-01,1735,2,2,0,0.0,,True,0.0,0.0,0.0,-0.6931471805599453,0.0,0.0,0.0,0.0,0.0,0.0,0.0,0.0,1.0,777,1,1,-0.0,-0.0,0,,,,,0,2,0,6,6,12,,0.0,0.6931471805599453,2.2450352741261774,0.1124260355029586,0.15384615384615385,-1.0,,0,0,0,0,0,0,0,2.0,0.5,,0,,,0.0,0.0,,1.0986122886681098,0,0,0,,,0,0,0,0,0,0,0,0,0,,0,0,0,0,,,,,,,,,,,,,,,True,,,,,,,,True,0,,True,,,,,0,,,,,,,False,,0.0,0.0,0.5,0.0,True,2,False,False,,True,False,,True,False,,True,False,,True,False,,True,1,1,0.23804628387473534,0,1,139,3,True,0.165993,0.162720758159975,0.11678907326656063,0.17079033986270348,1.1206896551724137,0.338129,False,7,0,0.0012534188697016398,-0.0003154862636024999,0.0033498636427041345,3.083899341440547e-05,5,0,2,2.6520535760705553,0.6166688808587524,0,1.6354389107328815,5.266500958654165,,53,0.6580645161290323,0.3181818181818182,0.26704545454545453,0.3806818181818182,0.6193181818181818,,,,,,,2024-04-01,2026-04-01,,,,
concept:515d09d98851c3e6b82a40b3,генеративные модели,2023-04-01,2023-04-01,2019-12-06,1212,2,4,1,0.6931471805599453,,True,0.6931471805599453,0.6931471805599453,0.6931471805599453,-0.6931471805599453,0.6931471805599453,0.0,0.0,0.0,0.6931471805599453,1.0,0.14285714285714285,0.041666666666666664,0.6666666666666667,4,1,2,-0.0,0.6931471805599453,1,,,,,0,1,0,0,7,20,1.0,0.0,-0.0,1.3862943611198906,0.25,0.25,,,0,0,0,0,0,0,0,4.0,0.75,1.0,1,0.0,0.0,0.0,0.0,,1.6094379124341003,0,0,0,,,0,0,0,0,0,0,0,0,0,,0,0,0,0,,,,,,,,,,,,,,,True,,,,,,,,True,0,,True,,,,,0,,,,,,,False,,0.0,0.0,0.25,0.0,True,2,False,False,,True,False,,True,False,,True,False,,True,False,,True,1,1,0.10700924479478903,3,0,994,0,True,0.159593,0.15959314922845302,0.19966169493276653,0.18049308467960945,1.1691176470588236,0.245473,False,41,2,0.0016860697529137126,-0.0001146977816230538,0.021783773030641187,0.021783773030641187,39,0,1,2.451831622012887,0.9159841576441552,3,2.245838922974777,6.247287200376106,,50,0.6774193548387097,0.3181818181818182,0.6477272727272727,0.3806818181818182,0.8181818181818182,,,,,,,2024-04-01,2026-04-01,,,,
concept:84e312752933249e48c068e4,CryptoNote with ring signatures,2023-04-01,2023-04-01,2019-01-01,1551,2,2,0,0.0,,True,0.0,0.0,0.0,-0.6931471805599453,0.0,0.0,0.0,0.0,0.0,0.0,0.0,0.0,1.0,827,1,2,-0.0,0.6931471805599453,0,,,,,0,3,1,4,3,10,,0.0,1.0986122886681096,2.0794415416798357,0.125,0.125,-0.3333333333333333,,0,0,0,0,0,0,0,2.0,0.5,,0,,,0.0,0.0,,1.0986122886681098,0,0,0,,,0,0,0,0,0,0,0,0,0,,0,0,0,0,,,,,,,,,,,,,,,True,,,,,,,,True,0,,True,,,,,0,,,,,,,False,,0.0,0.0,0.5,0.0,True,2,False,False,,True,False,,True,False,,True,False,,True,False,,True,1,1,0.23804628387473534,0,1,273,3,True,0.16878,0.16878016033015264,0.15217295924749052,0.18971385398391613,1.0123456790123457,0.186813,False,19,0,0.0018137789498261325,-0.0005892851468428184,0.00011591223677176936,-0.00013939735163513283,15,0,0,1.1361226774845592,0.812190674053555,0,0.9227482432337138,5.15844384664074,,53,0.6580645161290323,0.3181818181818182,0.26704545454545453,0.8295454545454546,0.5227272727272727,,,,,,,2024-04-01,2026-04-01,,,,
concept:8d5512b13f658f9330a469f4,Post-Quantum Cryptography,2023-04-01,2023-04-01,2017-01-01,2281,5,6,2,0.4054651081081644,,True,-1.0986122886681098,1.0986122886681098,0.0,0.9162907318741551,0.4054651081081644,0.0,0.0,0.0,2.1972245773362196,-0.4558423058385518,0.2857142857142857,0.08333333333333333,0.0,90,1,5,-0.0,1.6094379124341005,1,,,,,0,5,0,7,7,12,1.0,0.0,1.5607104090414063,2.0794415416798357,0.125,0.125,-1.0,,0,0,0,0,0,0,0,6.0,0.8333333333333334,1.0,1,0.0,0.0,0.0,0.0,,1.9459101490553132,0,0,0,,,0,0,0,0,0,0,0,0,0,,0,0,0,0,,,,,,,,,,,,,,,True,,,,,,,,True,0,,True,,,,,0,,,,,,,False,,0.0,0.0,0.16666666666666666,0.0,True,5,False,False,,True,False,,True,False,,True,False,,True,False,,True,1,1,0.4216379923242304,0,3,16,3,False,0.03651,0.03651015442352268,0.027779044141731712,0.044254947247768794,2.8333333333333335,0.5625,True,22,9,0.0027982944964322636,-0.00014001510638795471,0.0008693417757882703,0.000718709118628198,10,2,3,1.8069296098676468,0.8493858225544851,0,1.5347803929754862,5.558684521968345,,49,0.6838709677419355,0.8863636363636364,0.8295454545454546,0.3806818181818182,0.6193181818181818,,,,,,,2024-04-01,2026-04-01,,,,
concept:9ce36fef7cf8af06a17f79a7,RNN,2023-04-01,2023-04-01,2019-09-12,1297,3,5,0,-0.6931471805599453,,True,0.0,0.0,-1.0986122886681098,-0.2876820724517809,-0.6931471805599453,0.0,0.0,0.0,0.0,-0.2519763153394848,0.0,0.041666666666666664,1.0,723,1,3,-0.0,1.0986122886681096,0,,,,,0,4,0,7,9,7,,0.0,1.3321790402101223,2.6390573296152584,0.07142857142857142,0.07142857142857142,-1.0,,0,0,0,0,0,0,0,5.0,0.6,,0,,,0.0,0.0,,1.791759469228055,0,0,0,,,0,0,0,0,0,0,0,0,0,,0,0,0,0,,,,,,,,,,,,,,,True,,,,,,,,True,0,,True,,,,,0,,,,,,,False,,0.0,0.0,0.4,0.0,True,3,False,False,,True,False,,True,False,,True,False,,True,False,,True,1,1,0.0,0,3,5,1,False,0.076468,0.07646788476199684,0.05849387400513617,0.09742208255100611,0.0,0.0,False,49,0,0.002566468019689112,-0.0007008602158083146,0.01115772459564949,0.0034250779883735075,37,0,3,2.6751870215510904,0.9296232499991477,0,2.486916053329865,5.585707725065924,,53,0.6580645161290323,0.7159090909090909,0.26704545454545453,0.3806818181818182,0.3181818181818182,,,,,,,2024-04-01,2026-04-01,,,,
concept:00c31db56a96cb8b36d34461,Isogeny-based cryptography,2023-07-01,2023-07-01,2023-02-20,131,2,2,2,1.0986122886681098,,True,0.0,1.0986122886681098,1.0986122886681098,1.0986122886681098,1.0986122886681098,0.0,0.0,0.0,1.0986122886681098,0.8017837257372732,0.14285714285714285,0.3333333333333333,0.0,8,1,2,-0.0,0.6931471805599453,1,,,,,0,1,0,3,5,7,1.0,,-0.0,1.0986122886681096,0.3333333333333333,0.3333333333333333,-1.0,,0,0,0,0,0,0,0,2.0,0.5,,0,,,0.0,0.0,,1.0986122886681098,0,0,0,,,0,0,0,0,0,0,0,0,0,,0,0,0,0,,,,,,,,,,,,,,,True,,,,,,,,True,0,,True,,,,,0,,,,,,,False,,0.0,0.0,0.5,0.0,True,2,False,False,,True,False,,True,False,,True,False,,True,False,,True,1,1,0.0,9,2,59,3,True,0.083513,0.08351267791626349,0.10973756284052372,0.10139112892883266,1.5416666666666667,0.271186,False,7,7,0.0009868516964691787,0.0009868516964691787,3.7451992703807585e-06,3.7451992703807585e-06,5,5,0,1.7986575436019776,0.6350290532879819,0,1.1421997971028508,5.024837914094176,,53,0.6580645161290323,0.30319148936170215,0.8617021276595744,0.3882978723404255,0.2925531914893617,,,,,,,2024-07-01,2026-07-01,,,,
concept:02af927ef2577c8ef95f6bed,TFLite Format,2023-07-01,2023-07-01,2020-10-21,983,2,2,0,-0.6931471805599453,,True,0.0,0.0,-0.6931471805599453,0.0,-0.6931471805599453,0.0,0.0,0.0,0.0,-0.13363062095621217,0.0,0.041666666666666664,1.0,638,1,2,-0.0,0.6931471805599453,0,,,,,0,2,0,2,5,13,,0.0,0.6931471805599453,0.6931471805599453,0.5,0.5,-1.0,,0,0,0,0,0,0,0,2.0,0.5,,0,,,0.0,0.0,,1.0986122886681098,0,0,0,,,0,0,0,0,0,0,0,0,0,,0,0,0,0,,,,,,,,,,,,,,,True,,,,,,,,True,0,,True,,,,,0,,,,,,,False,,0.0,0.0,0.5,0.0,True,2,False,False,,True,False,,True,False,,True,False,,True,False,,True,1,1,0.07304517336419017,0,0,1026,0,True,0.155193,0.15519251516379995,0.22620696955694997,0.187033173114241,1.0,0.218324,False,5,0,0.0014829565865769744,-0.00040792249896436724,7.490398540761517e-06,-1.6386364093623068e-05,4,0,0,1.5136635047822231,0.46999999999999986,0,0.7114218472476447,4.423795328310421,,53,0.6580645161290323,0.30319148936170215,0.2765957446808511,0.3882978723404255,0.675531914893617,,,,,,,2024-07-01,2026-07-01,,,,
concept:035e4ee3e6c3d40ec3ab81c1,digital tokens,2023-07-01,2023-07-01,2021-02-08,873,3,4,1,0.6931471805599453,,True,0.6931471805599453,0.6931471805599453,0.6931471805599453,-0.6931471805599453,0.6931471805599453,0.0,0.0,0.0,0.6931471805599453,1.0,0.14285714285714285,0.041666666666666664,0.6666666666666667,0,1,3,-0.0,1.0986122886681096,1,,,,,0,1,0,1,5,6,1.0,0.0,-0.0,1.3862943611198906,0.25,0.25,-1.0,,0,0,0,0,0,0,0,4.0,0.75,1.0,1,0.0,0.0,0.0,0.0,,1.6094379124341003,0,0,0,,,0,0,0,0,0,0,0,0,0,,0,0,0,0,,,,,,,,,,,,,,,True,,,,,,,,True,0,,True,,,,,0,,,,,,,False,,0.0,0.0,0.25,0.0,True,3,False,False,,True,False,,True,False,,True,False,,True,False,,True,1,1,0.10700924479478903,1,1,276,3,True,0.121727,0.1217271124837842,0.144130348559945,0.13553379758819292,0.7586206896551724,0.130435,False,15,0,0.0015833201220259968,-0.00044445737404309976,0.00032957753579350674,-6.200137141040049e-05,14,0,0,2.4944253479047567,0.7805900034415151,0,1.9471234909055766,5.812470282253413,,49,0.6838709677419355,0.7021276595744681,0.6648936170212766,0.3882978723404255,0.20212765957446807,,,,,,,2024-07-01,2026-07-01,,,,
concept:215e7f4ad1c27cbe25c0d617,Explainable AI (XAI),2023-07-01,2023-07-01,2021-04-08,814,3,3,0,-1.0986122886681098,,True,0.0,0.0,-1.0986122886681098,0.4054651081081644,-1.0986122886681098,0.0,0.0,0.0,0.0,-0.2519763153394848,0.0,0.08333333333333333,1.0,546,1,3,-0.0,1.0986122886681096,0,,,,,0,5,0,10,8,12,,0.0,1.6094379124341005,2.9444389791664407,0.05263157894736841,0.05263157894736842,-1.0,,0,0,0,0,0,0,0,3.0,0.6666666666666666,1.0,2,0.0,0.0,0.0,1.2992829841302609,,1.3862943611198906,0,0,0,,,0,0,0,0,0,0,0,0,0,,0,0,0,0,,,,,,,,,,,,,,,True,,,,,,,,True,0,,True,,,,,0,,,,,,,False,,0.0,0.0,0.3333333333333333,0.0,True,3,False,False,,True,False,,True,False,,True,False,,True,False,,True,1,1,0.0,0,1,221,3,True,0.049006,0.0490056460917363,0.13976066593143543,0.107568849277686,1.3111111111111111,0.180995,False,15,0,0.001675802996514379,-0.00039991466405029773,0.004448349084306047,-0.0014635373439675758,9,0,4,2.5678600492747954,0.8143649057269151,0,2.0911751069475804,6.210242687606255,,50,0.6774193548387097,0.7021276595744681,0.2765957446808511,0.3882978723404255,0.6329787234042553,,,,,,,2024-07-01,2026-07-01,,,,
concept:2e17846494a1f3cf6831535a,MobileNet V2,2023-07-01,2023-07-01,2021-10-29,610,2,2,1,0.0,,True,0.6931471805599453,0.6931471805599453,0.0,1.0986122886681098,0.0,0.0,0.0,0.0,0.6931471805599453,0.8017837257372732,0.2857142857142857,0.09090909090909091,0.0,13,1,2,-0.0,0.6931471805599453,1,,,,,0,3,0,3,6,6,1.0,0.0,1.0986122886681096,1.0986122886681096,0.3333333333333333,0.3333333333333333,-1.0,,0,0,0,0,0,0,0,2.0,0.5,,0,,,0.0,0.0,,1.0986122886681098,0,0,0,,,0,0,0,0,0,0,0,0,0,,0,0,0,0,,,,,,,,,,,,,,,True,,,,,,,,True,0,,True,,,,,0,,,,,,,False,,0.0,0.0,0.5,0.0,True,2,False,False,,True,False,,True,False,,True,False,,True,False,,True,1,1,0.23804628387473534,7,0,1026,0,True,0.045895,0.04201221159124402,0.18039068250358503,0.0842951444092441,1.0,0.218324,False,9,4,0.0012529422160985938,2.1437181342781088e-05,6.241998783967932e-05,6.241998783967932e-05,5,0,0,2.7246782197876023,0.706949549942726,7,1.926210041217593,7.4692431802089265,,52,0.6645161290322581,0.30319148936170215,0.6648936170212766,0.3882978723404255,0.20212765957446807,,,,,,,2024-07-01,2026-07-01,,,,
concept:35a986746ff7e5146d9fd96d,CNN model,2023-07-01,2023-07-01,2021-04-08,814,3,4,2,1.0986122886681098,,True,0.0,1.0986122886681098,1.0986122886681098,0.0,1.0986122886681098,0.0,0.0,0.0,1.0986122886681098,0.8017837257372732,0.14285714285714285,0.08333333333333333,0.0,13,1,3,-0.0,1.0986122886681096,1,,,,,0,4,0,7,9,11,1.0,0.0,1.3862943611198906,2.3025850929940455,0.10000000000000002,0.1,-1.0,,0,0,0,0,0,0,0,4.0,0.75,,0,,,0.0,0.0,,1.6094379124341003,0,0,0,,,0,0,0,0,0,0,0,0,0,,0,0,0,0,,,,,,,,,,,,,,,True,,,,,,,,True,0,,True,,,,,0,,,,,,,False,,0.0,0.0,0.25,0.0,True,3,False,False,,True,False,,True,False,,True,False,,True,False,,True,1,1,0.0,13,2,31,3,False,0.0754,0.0753996411518375,0.0592492081358873,0.08548264166963723,1.2857142857142858,0.258065,False,16,7,0.0016579295238010117,0.0006639803072665811,0.0027807889760541066,0.0027807889760541066,9,0,3,2.9137247280869163,0.8350263726687509,14,2.43303699064966,7.0596858252125925,,52,0.6645161290322581,0.7021276595744681,0.8617021276595744,0.3882978723404255,0.574468085106383,,,,,,,2024-07-01,2026-07-01,,,,
concept:52aa7e808fb1a9716c3dd090,Two-Way Transpose (TWT) SRAM-CIM macro for AI edge chips,2023-07-01,2023-07-01,2020-02-01,1246,2,2,0,-0.6931471805599453,,True,0.0,0.0,-0.6931471805599453,0.0,-0.6931471805599453,0.0,0.0,0.0,0.0,-0.13363062095621217,0.0,0.041666666666666664,1.0,659,1,1,-0.0,-0.0,0,,,,,0,3,0,3,2,29,,0.0,1.0549201679861442,1.7351264569629226,0.18518518518518517,0.2222222222222222,-1.0,,0,0,0,0,0,0,0,2.0,0.5,1.0,1,0.0,0.0,0.0,0.6931471805599453,,1.0986122886681098,0,0,0,,,0,0,0,0,0,0,0,0,0,,0,0,0,0,,,,,,,,,,,,,,,True,,,,,,,,True,0,3,False,,0,1246,,0,,,,,,,False,,0.0,0.0,0.5,0.0,True,2,False,False,,True,False,,True,False,,True,False,,True,False,,True,1,1,0.07304517336419017,0,3,4,1,False,0.130941,0.10579097341667487,0.09922971954649618,0.12916475487500517,0.5,0.25,False,1,0,0.00021034630948839193,-5.500564042668196e-05,0.0,0.0,1,0,0,2.995732273553991,0.0,0,0.0,6.630023537383524,,47,0.6967741935483871,0.30319148936170215,0.2765957446808511,0.3882978723404255,0.8882978723404256,,,,,,,2024-07-01,2026-07-01,,,,
concept:5de150762390026bbc0d0b16,Public Key Infrastructure (PKI),2023-07-01,2023-07-01,2021-01-01,911,3,3,1,0.6931471805599453,,True,0.0,-0.6931471805599453,0.6931471805599453,-0.40546510810816444,0.6931471805599453,0.0,0.0,0.0,-1.3862943611198906,-0.13363062095621217,0.14285714285714285,0.041666666666666664,0.5,270,1,3,-0.0,1.0986122886681096,1,,,,,0,4,1,6,6,18,1.0,0.0,1.3862943611198906,2.3025850929940455,0.10000000000000002,0.1,-0.5,,0,0,0,0,0,0,0,3.0,0.6666666666666666,,0,,,0.0,0.0,,1.3862943611198906,0,0,0,,,0,0,0,0,0,0,0,0,0,,0,0,0,0,,,,,,,,,,,,,,,True,,,,,,,,True,0,,True,,,,,0,,,,,,,False,,0.0,0.0,0.3333333333333333,0.0,True,3,False,False,,True,False,,True,False,,True,False,,True,False,,True,1,1,0.09217274646050577,4,3,4,3,False,0.061643,0.06164275706756728,0.09713244938029442,0.13845699934862035,1.0,0.0,False,4,1,0.001443472805745603,-0.0005705911312907153,0.0003445583328750298,0.000335007627821276,2,0,0,1.660947433286918,0.59375,0,0.9861875385141076,5.127446737343747,,52,0.6645161290322581,0.7021276595744681,0.6648936170212766,0.8404255319148937,0.7553191489361702,,,,,,,2024-07-01,2026-07-01,,,,
concept:5f71df0a9bafbf0b59299a5c,ECC,2023-07-01,2023-07-01,2023-01-01,181,2,4,2,1.0986122886681098,,True,0.6931471805599453,-0.6931471805599453,1.6094379124341003,1.6094379124341003,1.0986122886681098,0.0,0.0,0.0,-2.0794415416798357,0.47809144373375745,0.2857142857142857,0.2857142857142857,0.0,66,1,2,-0.0,0.6931471805599453,1,,,,,0,1,0,3,4,6,1.0,,-0.0,1.791759469228055,0.16666666666666666,0.16666666666666666,-1.0,,0,0,0,0,0,0,0,4.0,0.75,,0,,,0.0,0.0,,1.6094379124341003,0,0,0,,,0,0,0,0,0,0,0,0,0,,0,0,0,0,,,,,,,,,,,,,,,True,,,,,,,,True,0,,True,,,,,0,,,,,,,False,,0.0,0.0,0.25,0.0,True,2,False,False,,True,False,,True,False,,True,False,,True,False,,True,1,1,0.0,8,2,59,3,True,0.138845,0.12348875352793254,0.10409512710161883,0.14290545379450298,1.5416666666666667,0.271186,False,11,11,0.0014221311569808082,0.0014221311569808082,4.868759051494986e-05,4.868759051494986e-05,10,10,0,1.869473150018456,0.724842264872618,0,1.3550731521779253,5.23870526005311,,53,0.6580645161290323,0.30319148936170215,0.8617021276595744,0.3882978723404255,0.20212765957446807,,,,,,,2024-07-01,2026-07-01,,,,
concept:7113d535db62e0caa78e5dd4,Lightning Network,2023-07-01,2023-07-01,2020-07-16,1080,2,2,0,-0.6931471805599453,,True,0.0,0.0,-0.6931471805599453,0.0,-0.6931471805599453,0.0,0.0,0.0,0.0,-0.13363062095621217,0.0,0.041666666666666664,1.0,656,1,2,-0.0,0.6931471805599453,0,,,,,0,2,0,4,3,3,,0.0,0.6931471805599453,2.3025850929940455,0.10000000000000002,0.1,-1.0,,0,0,0,0,0,0,0,2.0,0.5,,0,,,0.0,0.0,,1.0986122886681098,0,0,0,,,0,0,0,0,0,0,0,0,0,,0,0,0,0,,,,,,,,,,,,,,,True,,,,,,,,True,0,,True,,,,,0,,,,,,,False,,0.0,0.0,0.5,0.0,True,2,False,False,,True,False,,True,False,,True,False,,True,False,,True,1,1,0.07304517336419017,0,1,276,3,True,0.133923,0.13392314929033355,0.12383978350719427,0.1408824866169991,0.7586206896551724,0.130435,False,13,0,0.0018819792713414929,-0.0005176831839270517,9.737518102989972e-05,-3.155933719577704e-05,7,0,1,1.0986122886681096,0.7378134685826994,0,0.8105709433297957,4.335343163139397,,53,0.6580645161290323,0.30319148936170215,0.2765957446808511,0.3882978723404255,0.11702127659574468,,,,,,,2024-07-01,2026-07-01,,,,
concept:e4bb24e055fad8b1c24b09fd,Explainable AI Systems,2023-07-01,2023-07-01,2017-12-28,2011,2,2,0,-0.6931471805599453,,True,0.0,0.0,-0.6931471805599453,0.6931471805599453,-0.6931471805599453,0.0,0.0,0.0,0.0,-0.13363062095621217,0.0,0.041666666666666664,1.0,666,1,2,-0.0,0.6931471805599453,0,,,,,0,1,0,3,5,7,,0.0,-0.0,1.6094379124341005,0.20000000000000004,0.2,-1.0,,0,0,0,0,0,0,0,2.0,0.5,1.0,1,1.0,0.0,0.0,0.0,,1.0986122886681098,0,0,0,,,0,0,0,0,0,0,0,0,0,,0,0,0,0,,,,,,,,,,,,,,,True,,,,,,,,True,0,,True,,,,,0,,,,,,,False,,0.0,0.0,0.5,0.0,True,2,False,False,,True,False,,True,False,,True,False,,True,False,,True,1,1,0.07304517336419017,0,0,1026,0,True,0.055631,0.05563102339200099,0.17812519648784453,0.09631171715551368,1.0,0.218324,False,3,0,0.0008521606591991971,-0.00022845384164075176,0.0020598595987094174,1.6826596254660396e-06,2,0,1,2.0947290475276485,0.38888888888888884,0,0.8146168518163077,5.6667942756892895,,50,0.6774193548387097,0.30319148936170215,0.2765957446808511,0.3882978723404255,0.2925531914893617,,,,,,,2024-07-01,2026-07-01,,,,
concept:03fa31a739e5ec637ffcf961,Blockchain Smart Contracts,2023-10-01,2023-10-01,2021-04-18,896,3,3,0,-1.0986122886681098,,True,0.0,0.0,-1.0986122886681098,0.4054651081081644,-1.0986122886681098,0.0,0.0,0.0,0.0,-0.2519763153394848,0.0,0.08333333333333333,1.0,622,1,3,-0.0,1.0986122886681096,0,,,,,0,5,0,9,8,12,,0.0,1.6094379124341005,2.772588722239781,0.0625,0.0625,-1.0,,0,0,0,0,0,0,0,3.0,0.6666666666666666,1.0,3,0.0,0.0,0.0,1.01160091167848,,1.3862943611198906,0,0,0,,,0,0,0,0,0,0,0,0,0,,0,0,0,0,,,,,,,,,,,,,,,True,,,,,,,,True,0,,True,,,,,0,,,,,,,False,,0.0,0.0,0.3333333333333333,0.0,True,3,False,False,,True,False,,True,False,,True,False,,True,False,,True,1,1,0.0,0,1,174,3,True,0.076342,0.07634242517866574,0.09058441116456928,0.09285300702903662,0.5106382978723404,0.097701,False,1,0,0.001026219918928626,-0.00029810798466030266,0.0,0.0,1,0,0,1.0986122886681096,0.0,0,0.0,6.019867713974352,,50,0.6774193548387097,0.7070707070707071,0.2676767676767677,0.3888888888888889,0.6262626262626263,,,,,,,2024-10-01,2026-10-01,,,,
concept:2503e5798f4ba2f3313005ad,Post-Quantum Cryptography (PQC),2023-10-01,2023-10-01,2019-03-16,1660,5,5,3,0.6931471805599453,,True,0.0,-1.3862943611198906,0.6931471805599453,1.6094379124341003,0.6931471805599453,0.0,0.0,0.0,-2.772588722239781,-0.4558423058385518,0.14285714285714285,0.125,0.0,183,1,5,-0.0,1.6094379124341005,1,,,,,0,4,1,4,8,14,1.0,0.0,1.3862943611198906,1.6094379124341005,0.20000000000000004,0.2,-0.5,1.0,0,0,0,0,0,0,0,5.0,1.0,,0,,,0.0,0.0,,1.791759469228055,0,0,0,,,0,0,0,0,0,0,0,0,0,,0,0,0,0,,,,,,,,,,,,,,,True,,,,,,,,True,0,,True,,,,,0,,,,,,,False,,0.0,0.0,0.0,0.0,True,5,False,False,,True,False,,True,False,,True,False,,True,False,,True,1,1,0.11913154659444304,9,2,15,3,False,0.03651,0.03651015442352268,0.044197547165485185,0.05835167330377607,3.25,0.333333,False,25,16,0.0030145629306649597,0.0014764339307480028,0.0012776596921356006,0.001079817188506652,10,2,3,1.9173245617127401,0.8687483516988063,3,1.665672552659579,5.718144649691708,,51,0.6709677419354838,0.8737373737373737,0.9646464646464646,0.8434343434343434,0.6818181818181818,,,,,,,2024-10-01,2026-10-01,,,,
concept:30e15f90cf429a1dcd1424a8,GPT-3,2023-10-01,2023-10-01,2022-06-15,473,2,2,1,0.0,,True,0.6931471805599453,0.6931471805599453,0.0,1.0986122886681098,0.0,0.0,0.0,0.0,1.3862943611198906,0.8017837257372732,0.2857142857142857,0.11764705882352941,0.0,52,1,2,-0.0,0.6931471805599453,1,,,,,0,0,0,0,2,25,1.0,0.0,,,,,,,0,0,0,0,0,0,0,2.0,0.5,,0,,,0.0,0.0,,1.0986122886681098,0,0,0,,,0,0,0,0,0,0,0,0,0,,0,0,0,0,,,,,,,,,,,,,,,True,,,,,,,,True,0,,True,,,,,0,,,,,,,False,,0.0,0.0,0.5,0.0,True,2,False,False,,True,False,,True,False,,True,False,,True,False,,True,1,1,0.23804628387473534,1,2,15,3,True,0.180342,0.1770314404112493,0.15981474395187423,0.1936881853533719,3.1666666666666665,0.6,True,13,3,0.0014507892904342535,0.00012646138684532576,0.0077088446319901836,0.0077088446319901836,10,0,1,2.0102013999820136,0.7499522828042924,0,1.5075551288128957,7.342994915791532,,57,0.6322580645161291,0.30808080808080807,0.6565656565656566,0.3888888888888889,0.8484848484848485,,,,,,,2024-10-01,2026-10-01,,,,
concept:3e2fbbad3ef0a070f4a10a45,Batch dataflow systems,2023-10-01,2023-10-01,2016-05-27,2683,2,2,1,0.6931471805599453,,True,0.6931471805599453,0.6931471805599453,0.6931471805599453,0.6931471805599453,0.0,0.6931471805599453,0.0,0.0,0.6931471805599453,1.0,0.14285714285714285,0.041666666666666664,0.0,31,2,2,0.6931471805599453,0.6931471805599453,1,,2652,,,1,1,1,0,4,23,1.0,0.0,-0.0,-0.0,1.0,1.0,1.0,,0,0,0,0,0,0,0,1.6666666666666665,0.5,,0,,,0.0,0.0,,0.4054651081081645,0,0,0,,,0,0,0,0,0,0,0,0,0,,0,0,0,0,,,,,,,,,,,,,,,True,,,,,,,,True,0,,True,,,,,1,0.0,,,0,,,False,,0.5,0.0,0.5,0.0,True,1,False,True,1,False,False,,True,False,,True,False,,True,False,,True,2,2,0.07304517336419017,0,0,1076,0,True,0.172489,0.15725073277667212,0.20536322572405807,0.2028846304331493,1.1176470588235294,0.225836,False,23,10,0.0016482610138096492,0.0003050649368393774,0.019702763308373613,0.019702763308373613,13,0,1,1.9343267275911016,0.8491618103318926,0,1.6425563857746255,4.65758170883296,,48,0.6903225806451613,0.30808080808080807,0.6565656565656566,0.8434343434343434,0.803030303030303,,,,,,,2024-10-01,2026-10-01,,,,
concept:3ed464ff37f6beff4383ffcc,Membership Inference Attacks Against Machine Learning Models,2023-10-01,2023-10-01,2017-05-01,2344,2,2,0,-0.6931471805599453,,True,0.0,0.0,-0.6931471805599453,0.6931471805599453,-0.6931471805599453,0.0,0.0,0.0,0.0,-0.13363062095621217,0.14285714285714285,0.041666666666666664,1.0,608,1,2,-0.0,0.6931471805599453,0,,,,,0,4,0,6,1,10,,0.0,1.3321790402101223,2.1972245773362196,0.1111111111111111,0.1111111111111111,-1.0,,0,0,0,0,0,0,0,2.0,0.5,1.0,2,0.0,0.0,0.0,0.6931471805599452,,1.0986122886681098,0,0,0,,,0,0,0,0,0,0,0,0,0,,0,0,0,0,,,,,,,,,,,,,,,True,,,,,,,,True,0,,True,,,,,0,,,,,,,False,,0.0,0.0,0.5,0.0,True,2,False,False,,True,False,,True,False,,True,False,,True,False,,True,1,1,0.07304517336419017,0,1,236,3,True,0.168522,0.16852202850561782,0.16698729236675203,0.20791603341119477,1.8918918918918919,0.186441,False,0,0,0.000153932987839294,-4.471619769904535e-05,0.0,0.0,0,0,0,,,0,,,,54,0.6516129032258065,0.30808080808080807,0.2676767676767677,0.3888888888888889,0.51010101010101,,,,,,,2024-10-01,2026-10-01,,,,
concept:4b7dac0abb9474e4424253c0,quantum simulators,2023-10-01,2023-10-01,2017-09-01,2221,2,2,0,-0.6931471805599453,,True,0.0,0.0,-0.6931471805599453,0.6931471805599453,-0.6931471805599453,0.0,0.0,0.0,0.0,-0.13363062095621217,0.0,0.041666666666666664,1.0,667,1,2,-0.0,0.6931471805599453,0,,,,,0,7,1,6,3,9,,0.0,1.9459101490553132,2.6390573296152584,0.07142857142857142,0.07142857142857142,-0.3333333333333333,,0,0,0,0,0,0,0,2.0,0.5,,0,,,0.0,0.0,,1.0986122886681098,0,0,0,,,0,0,0,0,0,0,0,0,0,,0,0,0,0,,,,,,,,,,,,,,,True,,,,,,,,True,0,,True,,,,,0,,,,,,,False,,0.5,0.0,0.5,0.0,True,2,False,False,,True,False,,True,False,,True,False,,True,False,,True,1,1,0.07304517336419017,0,0,1076,0,True,0.124999,0.12499868842435724,0.22855072351537242,0.15642317481106766,1.1176470588235294,0.225836,False,20,0,0.0018319924587720628,-0.0005321779179335883,0.00015367655038274358,-0.00014998868774541017,14,0,1,1.2269254459161782,0.8216799886621315,0,1.0081400864896861,5.0010939457430545,,53,0.6580645161290323,0.30808080808080807,0.2676767676767677,0.8434343434343434,0.4292929292929293,,,,,,,2024-10-01,2026-10-01,,,,
concept:4de1522a4eea5118bcaa412f,GPU acceleration,2023-10-01,2023-10-01,2016-05-27,2683,2,3,0,-0.6931471805599453,,True,0.0,0.0,-1.0986122886681098,1.0986122886681098,-0.6931471805599453,0.0,0.0,0.0,0.0,-0.2519763153394848,0.0,0.041666666666666664,1.0,701,1,2,-0.0,0.6931471805599453,0,,,,,0,1,1,0,8,47,,0.0,-0.0,-0.0,1.0,1.0,1.0,,0,0,0,0,0,0,0,3.0,0.6666666666666666,1.0,1,0.0,0.0,0.0,0.4054651081081645,,1.3862943611198906,0,0,0,,,0,0,0,0,0,0,0,0,0,,0,0,0,0,,,,,,,,,,,,,,,True,,,,,,,,True,0,,True,,,,,0,,,,,,,False,,0.0,0.0,0.3333333333333333,0.0,True,2,False,False,,True,False,,True,False,,True,False,,True,False,,True,1,1,0.0,0,0,1076,0,True,0.121773,0.12177302123013112,0.19127015256786395,0.13813284241999582,1.1176470588235294,0.225836,False,22,0,0.0017824239713199737,-0.0005639299904373766,0.010417840566644127,0.01007276643240759,13,0,1,2.0628203216133905,0.8374837810704401,0,1.7275785626137234,5.448997444845637,,50,0.6774193548387097,0.30808080808080807,0.2676767676767677,0.8434343434343434,0.9343434343434344,,,,,,,2024-10-01,2026-10-01,,,,
concept:55d343acdad2eb88c776adbd,quantum teleportation,2023-10-01,2023-10-01,2011-07-29,4447,2,2,0,-0.6931471805599453,,True,0.0,0.0,-0.6931471805599453,0.6931471805599453,-0.6931471805599453,0.0,0.0,0.0,0.0,-0.13363062095621217,0.0,0.041666666666666664,1.0,667,1,2,-0.0,0.6931471805599453,0,,,,,0,2,0,2,3,5,,0.0,0.6931471805599453,0.6931471805599453,0.5,0.5,-1.0,,0,0,0,0,0,0,0,2.0,0.5,1.0,1,0.0,0.0,0.0,0.0,,1.0986122886681098,0,0,0,,,0,0,0,0,0,0,0,0,0,,0,0,0,0,,,,,,,,,,,,,,,True,,,,,,,,True,0,,True,,,,,0,,,,,,,False,,0.0,0.0,0.5,0.0,True,2,False,False,,True,False,,True,False,,True,False,,True,False,,True,1,1,0.07304517336419017,0,3,4,1,False,0.140815,0.12709828941101842,0.13751315446505075,0.14954000031169473,1.0,0.5,True,6,0,0.000832474067271614,-0.0002418264953728364,0.0,0.0,6,0,1,1.5087286069565187,0.5087671642731166,0,0.7675915750189976,5.0010939457430545,,50,0.6774193548387097,0.30808080808080807,0.2676767676767677,0.3888888888888889,0.15151515151515152,,,,,,,2024-10-01,2026-10-01,,,,
concept:7fb75e78a42d0d7015bb7d40,Non-Fungible Tokens (NFTs),2023-10-01,2023-10-01,2022-01-15,624,2,3,1,0.0,,True,0.6931471805599453,0.6931471805599453,-0.40546510810816444,1.3862943611198906,0.0,0.0,0.0,0.0,0.6931471805599453,0.629940788348712,0.2857142857142857,0.09090909090909091,0.5,0,1,2,-0.0,0.6931471805599453,1,,,,,0,1,0,1,7,6,1.0,0.0,-0.0,-0.0,1.0,1.0,-1.0,,0,0,0,0,0,1,0,3.0,0.6666666666666666,1.0,2,0.0,0.0,0.0,0.8472978603872034,,1.3862943611198906,0,0,0,,,0,0,0,0,0,0,0,0,0,,0,0,0,0,,,,,,,,,,,,,,,True,,,,,,,,True,0,,True,,,,,0,,,,,,,False,,0.0,0.0,0.3333333333333333,0.0,True,2,False,False,,True,False,,True,False,,True,False,,True,False,,True,1,1,0.17858696541315572,5,1,174,3,True,0.091563,0.09156273687169003,0.1691305007210544,0.1572547750890113,0.5106382978723404,0.097701,False,3,1,0.00150540660735841,0.00018107870376948138,3.5738732647149667e-06,3.5738732647149667e-06,2,0,0,1.907283999321379,0.38888888888888884,5,0.7417215552916473,6.525902586135887,1.0,48,0.6903225806451613,0.30808080808080807,0.6565656565656566,0.3888888888888889,0.19696969696969696,,,,,,,2024-10-01,2026-10-01,,,,
concept:7fc6a740143349e748bb8f40,Bluetooth Low Energy (BLE),2023-10-01,2023-10-01,2022-01-01,638,4,4,2,0.0,,True,0.0,-1.0986122886681098,0.0,1.6094379124341003,0.0,0.0,0.0,0.0,-2.1972245773362196,-0.4558423058385518,0.14285714285714285,0.13636363636363635,0.0,193,1,4,-0.0,1.3862943611198906,1,,,,,0,4,1,4,10,20,1.0,0.0,1.3862943611198906,1.9459101490553132,0.14285714285714285,0.14285714285714285,-0.5,,0,0,0,0,0,0,0,4.0,0.5,,0,,,0.0,0.0,,1.6094379124341003,0,0,0,,,0,0,0,0,0,0,0,0,0,,0,0,0,0,,,,,,,,,,,,,,,True,,,,,,,,True,0,,True,,,,,0,,,,,,,False,,0.25,0.0,0.5,0.0,True,4,False,False,,True,False,,True,False,,True,False,,True,False,,True,1,1,0.34873150258179014,8,0,1076,0,True,0.05366,0.05365976504587455,0.24962115483140623,0.15432847141441106,1.1176470588235294,0.225836,False,17,7,0.002241721573550216,0.0004941859858411991,0.002473715944726876,0.0024599129793574145,9,0,2,2.5172694400322655,0.8176986534904569,8,2.0583678315870597,6.617437924942474,,52,0.6645161290322581,0.8232323232323232,0.8636363636363636,0.8434343434343434,0.7878787878787878,,,,,,,2024-10-01,2026-10-01,,,,
concept:807a77a866f91e433a96eb19,Sharding in blockchain,2023-10-01,2023-10-01,2020-01-01,1369,2,2,0,-0.6931471805599453,,True,0.0,0.0,-0.6931471805599453,0.0,-0.6931471805599453,0.0,0.0,0.0,0.0,-0.13363062095621217,0.0,0.041666666666666664,1.0,652,1,2,-0.0,0.6931471805599453,0,,,,,0,3,0,5,3,10,,0.0,1.0986122886681096,2.0794415416798357,0.125,0.125,-1.0,,0,0,0,0,1,0,0,2.0,0.5,1.0,2,0.0,0.0,0.0,0.2876820724517808,,1.0986122886681098,0,0,0,,,0,0,0,0,0,0,0,0,0,,0,0,0,0,,,,,,,,,,,,,,,True,,,,,,,,True,0,,True,,,,,0,,,,,,,False,,0.0,0.0,0.5,0.0,True,2,False,False,,True,False,,True,False,,True,False,,True,False,,True,1,1,0.07304517336419017,0,1,174,3,True,0.165031,0.16503055165934555,0.1362048290576704,0.16957500904600972,0.5106382978723404,0.097701,False,2,0,0.0014977263357270282,-0.00043507650898530915,0.0,0.0,1,0,0,1.0986122886681096,0.5,0,0.5493061443340548,3.859373695491692,,50,0.6774193548387097,0.30808080808080807,0.2676767676767677,0.3888888888888889,0.51010101010101,,,,,,,2024-10-01,2026-10-01,,,,
concept:9bb6fee8598aa3c9504bf33e,Self Sovereign Identity (SSI) implementation for cloud data migration,2023-10-01,2023-10-01,2019-01-01,1734,2,3,0,-0.6931471805599453,,True,0.0,0.0,-0.6931471805599453,0.6931471805599453,-0.6931471805599453,0.0,0.0,0.0,0.0,-0.13363062095621217,0.0,0.041666666666666664,1.0,685,1,2,-0.0,0.6931471805599453,0,,,,,0,4,0,8,4,11,,0.0,1.3862943611198906,2.3978952727983707,0.09090909090909091,0.09090909090909091,-1.0,,0,0,0,0,0,1,0,3.0,0.6666666666666666,1.0,1,0.0,0.0,0.0,0.916290731874155,,1.3862943611198906,0,0,0,,,0,0,0,0,0,0,0,0,0,,0,0,0,0,,,,,,,,,,,,,,,True,,,,,,,,True,0,3,False,,0,685,,0,,,,,,,False,,0.0,0.0,0.3333333333333333,0.0,True,2,False,False,,True,False,,True,False,,True,False,,True,False,,True,1,1,0.09217274646050577,0,0,1076,0,True,0.136116,0.13611590249965555,0.1770603506513717,0.17696326376562754,1.1176470588235294,0.225836,False,5,0,0.0009204178647749747,-0.0002673734056924783,1.07216197941449e-05,-1.688431094477817e-05,4,0,0,1.3522093992338282,0.5482202216066481,0,0.7413085365065618,4.3357059243341425,1.0,46,0.7032258064516129,0.30808080808080807,0.2676767676767677,0.3888888888888889,0.5656565656565656,,,,,,,2024-10-01,2026-10-01,,,,
concept:a4ce68a51f57e57fd5ddc125,Explainable Artificial Intelligence (XAI),2023-10-01,2023-10-01,2019-12-26,1375,2,4,0,-0.6931471805599453,,True,0.0,0.0,-1.3862943611198906,0.6931471805599453,-0.6931471805599453,0.0,0.0,0.0,0.0,-0.3585685828003181,0.0,0.041666666666666664,1.0,638,1,2,-0.0,0.6931471805599453,0,,,,,0,5,2,9,4,18,,0.0,1.6094379124341005,3.2958368660043287,0.037037037037037035,0.037037037037037035,-0.3333333333333333,,0,0,0,0,0,0,0,4.0,0.75,1.0,2,0.0,0.0,0.0,0.980829253011726,,1.6094379124341003,0,0,0,,,0,0,0,0,0,0,0,0,0,,0,0,0,0,,,,,,,,,,,,,,,True,,,,,,,,True,0,,True,,,,,0,,,,,,,False,,0.5,0.0,0.25,0.0,True,2,False,False,,True,False,,True,False,,True,False,,True,False,,True,1,1,0.0,0,0,1076,0,True,0.049006,0.0490056460917363,0.1856604090588263,0.09314868571560861,1.1176470588235294,0.225836,False,6,0,0.0007853662926983784,-0.00021419063860701488,0.0011081227254008095,0.0004972648246611951,5,0,1,2.7439582568493224,0.5735802469135802,0,1.5738802544841914,6.285714059008644,,50,0.6774193548387097,0.30808080808080807,0.2676767676767677,0.9292929292929293,0.7373737373737373,,,,,,,2024-10-01,2026-10-01,,,,
concept:e3403969af4ca848deff6b33,Proof-of-Work,2023-10-01,2023-10-01,2019-08-22,1501,2,2,0,-0.6931471805599453,,True,0.0,0.0,-0.6931471805599453,0.6931471805599453,-0.6931471805599453,0.0,0.0,0.0,0.0,-0.13363062095621217,0.0,0.041666666666666664,1.0,638,1,2,-0.0,0.6931471805599453,0,,,,,0,2,0,5,1,9,,0.0,0.6931471805599453,1.6094379124341005,0.20000000000000004,0.2,-1.0,,0,0,0,0,0,0,0,2.0,0.5,,0,,,0.0,0.0,,1.0986122886681098,0,0,0,,,0,0,0,0,0,0,0,0,0,,0,0,0,0,,,,,,,,,,,,,,,True,,,,,,,,True,0,,True,,,,,0,,,,,,,False,,0.0,0.0,0.5,0.0,True,2,False,False,,True,False,,True,False,,True,False,,True,False,,True,1,1,0.07304517336419017,0,3,4,1,False,0.133928,0.13392809848917775,0.11975272380299173,0.14592721685439472,0.0,0.0,False,9,0,0.0014413747299471522,-0.0004256715160792059,0.000643297187648694,-0.00012966887304115184,7,0,1,2.6853985473648887,0.6803703024570966,0,1.8270654218884972,,,54,0.6516129032258065,0.30808080808080807,0.2676767676767677,0.3888888888888889,0.4292929292929293,,,,,,,2024-10-01,2026-10-01,,,,
concept:134e3780ebc656d1c24a6c57,RSA,2024-01-01,2024-01-01,2022-01-01,730,3,4,2,1.0986122886681098,,True,1.3862943611198906,1.3862943611198906,1.3862943611198906,0.6931471805599453,1.0986122886681098,0.0,0.0,0.0,1.3862943611198906,3.0,0.14285714285714285,0.041666666666666664,0.0,0,1,3,-0.0,1.0986122886681096,1,,,,,0,3,0,8,6,9,1.0,0.0,1.0986122886681096,2.0794415416798357,0.125,0.125,-1.0,,0,0,0,0,0,0,0,4.0,1.0,,0,,,0.0,0.0,,1.6094379124341003,0,0,0,,,0,0,0,0,0,0,0,0,0,,0,0,0,0,,,,,,,,,,,,,,,True,,,,,,,,True,0,,True,,,,,0,,,,,,,False,,0.0,0.0,0.0,0.0,True,3,False,False,,True,False,,True,False,,True,False,,True,False,,True,1,1,0.0,8,2,21,3,False,0.096943,0.09694348242111861,0.08987493664614532,0.12574229106873444,3.0,0.333333,False,19,15,0.0022046031670035974,0.0010255664400095515,0.00079479140237051,0.00079479140237051,11,7,2,2.181616315936925,0.839573968524892,0,1.8316282681698186,5.718341017311771,,52,0.6645161290322581,0.6972477064220184,0.8532110091743119,0.3761467889908257,0.42201834862385323,,,,,,,2025-01-01,2027-01-01,,,,
concept:1c2db47f9f6a46eb053a4bc2,Quantum Key Distribution (QKD),2024-01-01,2024-01-01,2020-09-28,1190,8,9,5,0.6931471805599453,,True,1.3862943611198906,0.28768207245178085,0.4054651081081644,1.5040773967762742,0.6931471805599453,0.0,0.0,0.0,0.5753641449035618,1.745743121887939,0.42857142857142855,0.25,0.0,0,1,8,-0.0,2.0794415416798357,1,,,,,0,10,3,9,8,44,1.0,0.0,2.210253577620973,2.833213344056216,0.058823529411764705,0.058823529411764705,-0.3333333333333333,1.0,0,0,0,1,0,0,0,9.0,0.8888888888888888,1.0,2,0.0,0.0,0.0,0.8472978603872034,,2.302585092994046,0,0,0,,,0,0,0,0,0,0,0,0,0,,0,0,0,0,,,,,,,,,,,,,,,True,,,,,,,,True,0,1,False,,1,,,0,,,,,,,False,,0.0,0.0,0.1111111111111111,0.0,True,8,False,False,,True,False,,True,False,,True,False,,True,False,,True,1,1,0.29662652889331986,9,1,97,3,True,0.075782,0.07578161627760738,0.1070127807372403,0.11560384941797477,1.4722222222222223,0.257732,False,24,20,0.002939653243707395,0.0012650915863070375,0.0010425531914893618,0.0010343121760160103,11,8,3,2.2054540581359965,0.8795471518445237,0,1.9398008353574623,5.855470127088508,,46,0.7032258064516129,0.9220183486238532,0.9724770642201835,0.9678899082568807,0.9220183486238532,,,,,,,2025-01-01,2027-01-01,,,,
concept:22d489ee0d0acd24c9c97262,Code-based cryptography,2024-01-01,2024-01-01,2021-12-01,761,4,4,2,0.4054651081081644,,True,0.0,-1.0986122886681098,0.4054651081081644,0.6931471805599453,0.4054651081081644,0.0,0.0,0.0,-2.1972245773362196,-0.3585685828003181,0.2857142857142857,0.125,0.0,192,1,4,-0.0,1.3862943611198906,1,,,,,0,3,0,6,5,10,1.0,0.0,1.0986122886681096,1.791759469228055,0.16666666666666666,0.16666666666666666,-1.0,,0,0,0,0,1,0,0,4.0,0.75,1.0,1,0.0,0.0,0.0,0.0,,1.6094379124341003,0,0,0,,,0,0,0,0,0,0,0,0,0,,0,0,0,0,,,,,,,,,,,,,,,True,,,,,,,,True,0,,True,,,,,0,,,,,,,False,,0.0,0.0,0.25,0.0,True,4,False,False,,True,False,,True,False,,True,False,,True,False,,True,1,1,0.207333046186742,7,1,97,3,True,0.088181,0.0881809338603694,0.08004777947043773,0.09379312108304264,1.4722222222222223,0.257732,False,16,4,0.0018073108477604702,-2.4789731232934984e-05,0.00013598037261227302,-2.4719429118080267e-05,8,0,0,1.760953123195196,0.7895293303128543,0,1.3903241400686324,5.060147062193808,,49,0.6838709677419355,0.8302752293577982,0.8532110091743119,0.3761467889908257,0.5,,,,,,,2025-01-01,2027-01-01,,,,
concept:2bdc42e2c7110f47c4dbfeea,"Open RAN (ORAN, O-RAN)",2024-01-01,2024-01-01,2023-03-21,286,2,2,2,1.0986122886681098,,True,0.6931471805599453,0.0,1.0986122886681098,1.0986122886681098,1.0986122886681098,0.0,0.0,0.0,-0.6931471805599453,0.8017837257372732,0.2857142857142857,0.18181818181818182,0.0,0,1,2,-0.0,0.6931471805599453,1,,,,,0,5,1,5,4,7,1.0,,1.6094379124341005,2.1972245773362196,0.1111111111111111,0.1111111111111111,-0.3333333333333333,1.0,0,0,0,0,0,0,0,2.0,0.5,1.0,1,0.0,0.0,0.0,0.4054651081081645,,1.0986122886681098,0,0,0,,,0,0,0,0,0,0,0,0,0,,0,0,0,0,,,,,,,,,,,,,,,True,,,,,,,,True,0,,True,,,,,0,,,,,,,False,,0.0,0.0,0.5,0.0,True,2,False,False,,True,False,,True,False,,True,False,,True,False,,True,1,1,0.0,15,2,19,3,False,0.168632,0.16863213521100384,0.12737717606217536,0.18616297940650844,1.6666666666666667,0.210526,False,5,5,0.000956846234810066,0.000956846234810066,0.0,0.0,5,5,0,1.0986122886681096,0.3520000000000001,0,0.38671152561117467,6.01356694297649,,49,0.6838709677419355,0.2981651376146789,0.8532110091743119,0.8256880733944955,0.26605504587155965,,,,,,,2025-01-01,2027-01-01,,,,
concept:368aa7d6acba46f8eb61bcb9,self-sovereign identities,2024-01-01,2024-01-01,2022-03-17,655,2,2,0,-1.0986122886681098,,True,0.0,0.0,-1.0986122886681098,1.0986122886681098,-1.0986122886681098,0.0,0.0,0.0,0.0,-0.2519763153394848,0.0,0.08695652173913043,1.0,621,1,2,-0.0,0.6931471805599453,0,,,,,0,3,0,5,5,9,,0.0,1.0986122886681096,2.0794415416798357,0.125,0.125,-1.0,,0,0,0,0,0,0,0,2.0,0.5,,0,,,0.0,0.0,,1.0986122886681098,0,0,0,,,0,0,0,0,0,0,0,0,0,,0,0,0,0,,,,,,,,,,,,,,,True,,,,,,,,True,0,,True,,,,,0,,,,,,,False,,0.0,0.0,0.5,0.0,True,2,False,False,,True,False,,True,False,,True,False,,True,False,,True,1,1,0.0,0,1,193,3,True,0.136116,0.13611590249965555,0.1803505794048894,0.17759178443639864,0.5405405405405406,0.067358,False,4,0,0.0006315341593415968,-0.00018952734371417126,0.04796055493131321,0.004365583077284033,3,0,1,3.4512476649720596,0.6487261536957438,0,2.2389146231487413,6.440251513913729,,53,0.6580645161290323,0.2981651376146789,0.27522935779816515,0.3761467889908257,0.42201834862385323,,,,,,,2025-01-01,2027-01-01,,,,
concept:457e08c1f194159b1f5da544,Post-Quantum Cryptography (PQC) algorithms,2024-01-01,2024-01-01,2020-01-01,1461,2,2,1,0.6931471805599453,,True,0.6931471805599453,0.6931471805599453,0.6931471805599453,0.6931471805599453,0.6931471805599453,0.0,0.0,0.0,0.6931471805599453,1.0,0.14285714285714285,0.041666666666666664,0.0,0,1,2,-0.0,0.6931471805599453,1,,,,,0,5,1,6,6,8,1.0,0.0,1.6094379124341005,2.0794415416798357,0.125,0.125,-0.3333333333333333,,0,0,0,0,0,0,0,2.0,0.5,1.0,1,0.0,0.0,0.0,0.0,,1.0986122886681098,0,0,0,,,0,0,0,0,0,0,0,0,0,,0,0,0,0,,,,,,,,,,,,,,,True,,,,,,,,True,0,,True,,,,,0,,,,,,,False,,0.0,0.0,0.5,0.0,True,2,False,False,,True,False,,True,False,,True,False,,True,False,,True,1,1,0.07304517336419017,12,3,3,2,False,0.094977,0.09497655317102105,0.10150721408980712,0.10521781190555579,3.0,0.666667,True,0,0,0.00014352693522150993,-3.332857382759699e-05,0.0,0.0,0,0,0,,,3,,6.553043989393467,,52,0.6645161290322581,0.2981651376146789,0.6605504587155964,0.8256880733944955,0.3440366972477064,,,,,,,2025-01-01,2027-01-01,,,,
concept:5e02152b1284507f34a33e29,Post-Quantum Cryptography (PQC) frameworks,2024-01-01,2024-01-01,2021-12-01,761,2,2,0,-0.6931471805599453,,True,0.0,0.0,-0.6931471805599453,0.0,-0.6931471805599453,0.0,0.0,0.0,0.0,-0.13363062095621217,0.14285714285714285,0.041666666666666664,1.0,550,1,2,-0.0,0.6931471805599453,0,,,,,0,2,0,3,2,3,,0.0,0.6931471805599453,1.0986122886681096,0.3333333333333333,0.3333333333333333,-1.0,,0,0,0,0,0,0,0,2.0,0.5,1.0,2,0.0,0.0,0.0,1.2039728043259361,,1.0986122886681098,0,0,0,,,0,0,0,0,0,0,0,0,0,,0,0,0,0,,,,,,,,,,,,,,,True,,,,,,,,True,0,1,False,,0,,,0,,,,,,,False,,0.0,0.0,0.5,0.0,True,2,False,False,,True,False,,True,False,,True,False,,True,False,,True,1,1,0.07304517336419017,0,3,3,2,False,0.061792,0.06179157855311346,0.04317764899421639,0.10000609830523222,0.0,0.0,False,12,0,0.0013824803581442811,-0.0004496202208491241,0.00012654499981876836,-3.415480191158493e-05,8,0,0,1.782047155905169,0.748586115933642,0,1.3340157588496437,3.9693480720474157,,48,0.6903225806451613,0.2981651376146789,0.27522935779816515,0.3761467889908257,0.10091743119266056,,,,,,,2025-01-01,2027-01-01,,,,
concept:67aa8277279d5751f5415940,Llama 2 series,2024-01-01,2024-01-01,2024-01-01,0,2,5,2,1.0986122886681098,,True,1.791759469228055,1.791759469228055,1.791759469228055,1.791759469228055,1.0986122886681098,0.0,0.0,0.0,1.791759469228055,5.0,0.14285714285714285,1.0,0.0,0,1,1,-0.0,-0.0,1,,,,,0,1,2,4,2,16,1.0,,-0.0,2.3693821196946763,0.09722222222222221,0.16666666666666666,0.0,1.0,0,0,0,0,0,0,0,5.0,0.8,,0,,,0.0,0.0,,1.791759469228055,0,0,0,,,0,0,0,0,0,0,0,0,0,,0,0,0,0,,,,,,,,,,,,,,,True,,,,,,,,True,0,,True,,,,,0,,,,,,,False,,0.0,0.0,0.2,0.0,True,2,False,False,,True,False,,True,False,,True,False,,True,False,,True,1,1,0.0,9,2,43,3,True,0.155342,0.15534227837338865,0.13472541622222145,0.18054843619914138,1.55,0.488372,False,3,3,0.0014036393345521025,0.0014036393345521025,6.660263148356229e-06,6.660263148356229e-06,2,2,0,0.6730116670092565,0.38888888888888884,0,0.26172675939248863,3.9693480720474157,,52,0.6645161290322581,0.2981651376146789,0.8532110091743119,0.926605504587156,0.7110091743119266,,,,,,,2025-01-01,2027-01-01,,,,
concept:6c0bd376a4ab12ba40236edc,Artificial Intelligence of Things (AIoT),2024-01-01,2024-01-01,2021-06-14,931,3,3,2,1.0986122886681098,,True,0.6931471805599453,0.0,1.0986122886681098,0.4054651081081644,1.0986122886681098,0.0,0.0,0.0,-0.6931471805599453,0.8017837257372732,0.2857142857142857,0.08333333333333333,0.0,74,1,2,-0.0,0.6365141682948128,1,,,,,0,4,0,4,8,12,1.0,0.0,1.3862943611198906,2.685945324669788,0.0703125,0.125,-1.0,,0,0,0,0,0,0,0,3.0,0.6666666666666666,,0,,,0.0,0.0,,1.3862943611198906,0,0,0,,,0,0,0,0,0,0,0,0,0,,0,0,0,0,,,,,,,,,,,,,,,True,,,,,,,,True,0,,True,,,,,0,,,,,,,False,,0.0,0.0,0.3333333333333333,0.0,True,3,False,False,,True,False,,True,False,,True,False,,True,False,,True,1,1,0.0,10,1,183,3,True,0.152176,0.1521758393000101,0.1535536232922491,0.16964463515973877,0.9824561403508771,0.196721,False,3,2,0.001403639334552103,0.0002246026075580572,0.0,0.0,2,1,0,1.5047882836811908,0.38888888888888884,16,0.5851954436537964,7.293030891203109,,52,0.6645161290322581,0.6972477064220184,0.8532110091743119,0.3761467889908257,0.6055045871559633,,,,,,,2025-01-01,2027-01-01,,,,
concept:8207f97d85118a779365d576,distributed metaverse architecture with ternary-world interactions,2024-01-01,2024-01-01,2022-03-06,666,2,2,0,-1.0986122886681098,,True,0.0,0.0,-1.0986122886681098,1.0986122886681098,-1.0986122886681098,0.0,0.0,0.0,0.0,-0.2519763153394848,0.0,0.08695652173913043,1.0,630,1,1,-0.0,-0.0,0,,,,,0,2,0,4,1,7,,0.0,0.6931471805599453,1.3862943611198906,0.25,0.25,-1.0,,0,0,0,0,0,0,0,2.0,0.5,,0,,,0.5,0.0,,1.0986122886681098,0,0,0,,,0,0,0,0,0,0,0,0,0,,0,0,0,0,,,,,,,,,,,,,,,True,,,,,,,,True,0,,True,,,,,0,,,,,,,False,,0.0,0.0,0.5,0.0,True,2,False,False,,True,False,,True,False,,True,False,,True,False,,True,1,1,0.0,0,0,1155,0,True,0.189643,0.18964309220873088,0.1984683496876627,0.21842194949351795,1.223938223938224,0.193939,False,0,0,0.00014352693522150993,-3.332857382759699e-05,0.0,0.0,0,0,0,,,0,,,,57,0.6322580645161291,0.2981651376146789,0.27522935779816515,0.3761467889908257,0.26605504587155965,,,,,,,2025-01-01,2027-01-01,,,,
concept:8b697745e6caa6ab4958749e,Foundation models (PFMs),2024-01-01,2024-01-01,2023-01-01,365,2,2,1,0.0,,True,0.6931471805599453,0.6931471805599453,0.0,1.0986122886681098,0.0,0.0,0.0,0.0,1.3862943611198906,0.8017837257372732,0.2857142857142857,0.15384615384615385,0.5,59,1,1,-0.0,-0.0,1,,,,,0,3,0,8,6,12,1.0,0.0,1.0397207708399179,2.4583113296830836,0.08875739644970415,0.15384615384615385,-1.0,,0,0,0,0,0,0,0,2.0,0.5,,0,,,0.0,0.0,,1.0986122886681098,0,0,0,,,0,0,0,0,0,0,0,0,0,,0,0,0,0,,,,,,,,,,,,,,,True,,,,,,,,True,0,,True,,,,,0,,,,,,,False,,0.0,0.0,0.5,0.0,True,2,False,False,,True,False,,True,False,,True,False,,True,False,,True,1,1,0.23804628387473534,12,0,1155,0,True,0.174038,0.17206337790122905,0.16155337861370422,0.1774489547875267,1.223938223938224,0.193939,False,10,2,0.0011993931076248424,6.418236868813566e-05,0.005893702179557733,0.005893702179557733,8,0,2,2.2062232393337777,0.7111571010048249,6,1.5689713230540834,7.33402071885766,,52,0.6645161290322581,0.2981651376146789,0.6605504587155964,0.3761467889908257,0.6055045871559633,,,,,,,2025-01-01,2027-01-01,,,,
concept:d19feca96639c7010204fbbe,Information Bottleneck theory for deep learning,2024-01-01,2024-01-01,2019-12-06,1487,2,2,1,0.6931471805599453,,True,0.6931471805599453,0.6931471805599453,0.6931471805599453,0.6931471805599453,0.6931471805599453,0.0,0.0,0.0,0.6931471805599453,1.0,0.14285714285714285,0.041666666666666664,0.0,28,1,2,-0.0,0.6931471805599453,1,,,,,0,2,0,1,6,12,1.0,0.0,0.6931471805599453,1.791759469228055,0.16666666666666666,0.16666666666666666,-1.0,,0,0,0,0,0,0,0,2.0,0.5,1.0,1,0.0,0.0,0.0,0.4054651081081645,,1.0986122886681098,0,0,0,,,0,0,0,0,0,0,0,0,0,,0,0,0,0,,,,,,,,,,,,,,,True,,,,,,,,True,0,,True,,,,,0,,,,,,,False,,0.0,0.0,0.5,0.0,True,2,False,False,,True,False,,True,False,,True,False,,True,False,,True,1,1,0.07304517336419017,4,1,250,3,True,0.204912,0.18961651427261594,0.15410965479386807,0.20629643205209797,2.075,0.212,False,39,0,0.0013312009303325183,-0.00015801762931876343,0.0,0.0,39,0,0,2.443218553073722,0.9102132417749241,0,2.223849879557872,5.650359720176392,,49,0.6838709677419355,0.2981651376146789,0.6605504587155964,0.3761467889908257,0.6055045871559633,,,,,,,2025-01-01,2027-01-01,,,,
concept:1332c6cf742f698f0ffce355,LLM-based agents,2024-04-01,2024-04-01,2024-01-01,91,2,4,2,1.0986122886681098,,True,0.6931471805599453,1.6094379124341003,1.6094379124341003,1.6094379124341003,1.0986122886681098,0.0,0.0,0.0,1.6094379124341003,2.6726124191242437,0.2857142857142857,0.5,0.0,82,1,2,-0.0,0.6931471805599453,1,,,,,0,1,1,3,2,33,1.0,,-0.0,1.6094379124341005,0.20000000000000004,0.2,-0.3333333333333333,1.0,0,0,0,0,0,0,0,4.0,0.75,1.0,2,0.0,0.0,0.0,1.0986122886681098,,1.6094379124341003,0,0,0,,,0,0,0,0,0,0,0,0,0,,0,0,0,0,,,,,,,,,,,,,,,True,,,,,,,,True,0,,True,,,,,0,,,,,,,False,,0.0,0.0,0.25,0.0,True,2,False,False,,True,False,,True,False,,True,False,,True,False,,True,1,1,0.0,7,3,5,2,False,0.166727,0.06551644166501003,0.0728815304516175,0.09151135694605297,5.0,0.8,True,5,5,0.0011011655421606084,0.0011011655421606084,0.0008233751290075573,0.0008233751290075573,3,3,1,2.666148586953558,0.5583431952662721,0,1.4886259210943058,7.543979312142461,,49,0.6838709677419355,0.3034188034188034,0.8888888888888888,0.8205128205128205,0.8846153846153846,,,,,,,2025-04-01,2027-04-01,,,,
concept:219316095020e912af190772,AlexNet,2024-04-01,2024-04-01,2019-10-04,1641,3,3,1,0.0,,True,0.0,-0.6931471805599453,0.0,1.0986122886681098,0.6931471805599453,-0.6931471805599453,0.0,0.0,-0.6931471805599453,-0.2519763153394848,0.14285714285714285,0.08333333333333333,0.5,288,2,3,0.6365141682948128,1.0986122886681096,1,,1264,,,1,3,0,4,9,7,1.0,0.0,1.0986122886681096,1.6094379124341005,0.20000000000000004,0.2,-1.0,,0,0,0,0,0,0,0,2.6666666666666665,0.6666666666666666,,0,,,0.0,0.0,,0.6931471805599453,0,0,0,,,0,0,0,0,0,0,0,0,0,,0,0,0,0,,,,,,,,,,,,,,,True,,,,,,,,True,0,,True,,,,,1,0.0,,,0,,,False,,0.3333333333333333,0.0,0.3333333333333333,0.0,True,2,False,True,1,False,False,,True,False,,True,False,,True,False,,True,2,2,0.3003809664473759,7,2,28,3,True,0.062891,0.0628914210777527,0.07857749430256467,0.0988468704018007,0.8461538461538461,0.071429,False,23,5,0.001520644806589997,0.00035651230767613177,0.00547748814802743,0.005066160696705387,16,0,2,3.190288333488773,0.8649810771408994,6,2.759539039091164,6.5178416976396685,,48,0.6903225806451613,0.7008547008547008,0.7008547008547008,0.3717948717948718,0.2692307692307692,,,,,,,2025-04-01,2027-04-01,,,,
concept:33f0c3b7e203784bf3b8e93f,Hash-based cryptography,2024-04-01,2024-04-01,2022-06-30,641,4,4,2,0.0,,True,0.6931471805599453,0.0,0.0,1.6094379124341003,0.0,0.0,0.0,0.0,0.0,0.47809144373375745,0.2857142857142857,0.17391304347826086,0.0,14,1,4,-0.0,1.3862943611198906,1,,,,,0,2,0,4,7,11,1.0,0.0,0.6931471805599453,1.3862943611198906,0.25,0.25,-1.0,,0,0,0,0,0,0,0,4.0,0.75,,0,,,0.0,0.0,,1.6094379124341003,0,0,0,,,0,0,0,0,0,0,0,0,0,,0,0,0,0,,,,,,,,,,,,,,,True,,,,,,,,True,0,,True,,,,,0,,,,,,,False,,0.0,0.0,0.25,0.0,True,4,False,False,,True,False,,True,False,,True,False,,True,False,,True,1,1,0.34873150258179014,7,2,22,3,False,0.088181,0.05934004890969269,0.06901699440207787,0.08801611348290499,1.8571428571428572,0.318182,False,14,4,0.0014483304423467745,5.513143261465345e-05,0.00020352243579644627,0.00019386308273213216,8,0,1,2.073476896930976,0.789652825797512,0,1.6373268908874017,4.876378093660272,,52,0.6645161290322581,0.8290598290598291,0.8888888888888888,0.3717948717948718,0.5170940170940171,,,,,,,2025-04-01,2027-04-01,,,,
concept:36e9a64509a7c0abef59ada8,IPFS,2024-04-01,2024-04-01,2023-01-01,456,2,2,0,-1.0986122886681098,,True,0.0,0.0,-1.0986122886681098,1.0986122886681098,-1.0986122886681098,0.0,0.0,0.0,1.0986122886681098,-0.2519763153394848,0.14285714285714285,0.125,1.0,374,1,2,-0.0,0.6931471805599453,0,,,,,0,7,0,11,2,9,,0.0,1.9459101490553132,2.6390573296152584,0.07142857142857142,0.07142857142857142,-1.0,,0,0,0,0,0,0,0,2.0,0.5,,0,,,0.0,0.0,,1.0986122886681098,0,0,0,,,0,0,0,0,0,0,0,0,0,,0,0,0,0,,,,,,,,,,,,,,,True,,,,,,,,True,0,,True,,,,,0,,,,,,,False,,0.0,0.0,0.5,0.0,True,2,False,False,,True,False,,True,False,,True,False,,True,False,,True,1,1,0.0,0,0,1204,0,True,0.095567,0.09556664435481022,0.2107876799672853,0.14397657954558216,0.9591194968553459,0.174419,False,6,0,0.0010712182067496834,-0.00024446378082846384,0.005329598703265972,0.002366109183134402,4,0,0,2.740402893816222,0.5686090690824486,0,1.55821793836369,3.782779196448899,,53,0.6580645161290323,0.3034188034188034,0.27350427350427353,0.3717948717948718,0.405982905982906,,,,,,,2025-04-01,2027-04-01,,,,
concept:39acdef934cfd64f8d54dae7,Edge Intelligence (EI),2024-04-01,2024-04-01,2019-06-12,1755,2,3,1,0.6931471805599453,,True,0.6931471805599453,0.6931471805599453,0.6931471805599453,0.6931471805599453,0.6931471805599453,0.0,0.0,0.0,0.6931471805599453,1.0,0.14285714285714285,0.041666666666666664,0.5,14,1,1,-0.0,-0.0,1,,,,,0,2,0,4,4,10,1.0,0.0,0.6365141682948128,2.1458417525947544,0.12396694214876033,0.18181818181818182,-1.0,,0,0,0,0,1,0,0,3.0,0.6666666666666666,1.0,1,0.0,0.0,0.0,1.3862943611198904,,1.3862943611198906,0,0,0,,,0,0,0,0,0,0,0,0,0,,0,0,0,0,,,,,,,,,,,,,,,True,,,,,,,,True,0,,True,,,,,0,,,,,,,False,,0.0,0.0,0.3333333333333333,0.3333333333333333,True,2,False,False,,True,False,,True,False,,True,False,,True,False,,True,1,1,0.09217274646050577,1,2,26,3,False,0.020313,0.020312613158511184,0.100572402713627,0.0650304849216157,0.8333333333333334,0.115385,False,8,1,0.0013701578576768574,3.6057348114868675e-05,0.0026871389869161347,0.002293037381892119,6,0,0,1.9986199422451632,0.707136274005487,0,1.4132966591123062,3.8899597111212345,,49,0.6838709677419355,0.3034188034188034,0.7008547008547008,0.3717948717948718,0.47435897435897434,,,,,,,2025-04-01,2027-04-01,,,,
concept:3c2c3809274c3686a3219fa0,ResNet,2024-04-01,2024-04-01,2019-12-06,1578,2,3,0,-0.6931471805599453,,True,0.0,0.0,-1.0986122886681098,1.0986122886681098,0.0,-0.6931471805599453,0.0,0.0,1.0986122886681098,-0.2519763153394848,0.14285714285714285,0.041666666666666664,1.0,377,2,2,0.6931471805599453,0.6931471805599453,0,,1201,,,1,1,0,0,4,9,,0.0,-0.0,1.3862943611198906,0.25,0.25,,,0,0,0,0,0,0,0,2.333333333333333,0.6666666666666666,,0,,,0.0,0.0,,0.6931471805599453,0,0,0,,,0,0,0,0,0,0,0,0,0,,0,0,0,0,,,,,,,,,,,,,,,True,,,,,,,,True,0,,True,,,,,1,0.0,,,0,,,False,,0.5,0.0,0.3333333333333333,0.0,True,1,False,True,1,False,False,,True,False,,True,False,,True,False,,True,2,2,0.0,0,2,28,3,True,0.046256,0.0462558707422388,0.04945041340826317,0.06432259788024337,0.8461538461538461,0.071429,False,55,0,0.002078031483597472,-0.00021240675594865832,0.008897851865410372,-0.0022660312995867998,39,0,1,2.5251550187653846,0.935194518289619,0,2.3615111313809076,4.796451283274873,,50,0.6774193548387097,0.3034188034188034,0.27350427350427353,0.3717948717948718,0.405982905982906,,,,,,,2025-04-01,2027-04-01,,,,
concept:4d6f83d3da0d93315fda8352,Quantum-safe cryptographic algorithms,2024-04-01,2024-04-01,2022-04-06,726,2,2,0,-1.0986122886681098,,True,0.0,0.0,-1.0986122886681098,1.0986122886681098,-1.0986122886681098,0.0,0.0,0.0,0.6931471805599453,-0.2519763153394848,0.14285714285714285,0.08333333333333333,1.0,545,1,2,-0.0,0.6931471805599453,0,,,,,0,1,0,1,5,2,,0.0,-0.0,0.6931471805599453,0.5,0.5,-1.0,,0,0,0,0,0,0,0,2.0,0.5,1.0,1,0.0,0.0,0.0,0.0,,1.0986122886681098,0,0,0,,,0,0,0,0,0,0,0,0,0,,0,0,0,0,,,,,,,,,,,,,,,True,,,,,,,,True,0,,True,,,,,0,,,,,,,False,,0.0,0.0,0.5,0.5,True,2,False,False,,True,False,,True,False,,True,False,,True,False,,True,1,1,0.0,0,0,1204,0,True,0.035531,0.020828157714415596,0.18358907183816853,0.038575465991317184,0.9591194968553459,0.174419,False,5,0,0.0007354860151771105,-0.00042908596105952065,0.0005411890625074313,-5.382708625431814e-05,4,0,2,1.762895894449552,0.5366666666666666,0,0.9460874633545929,5.255466047370446,,50,0.6774193548387097,0.3034188034188034,0.27350427350427353,0.3717948717948718,0.04700854700854701,,,,,,,2025-04-01,2027-04-01,,,,
concept:4d95499f713e6b5c1d8d3532,post-quantum cryptographic assemblages,2024-04-01,2024-04-01,2021-09-03,941,2,4,0,-0.6931471805599453,,True,0.0,0.0,-0.6931471805599453,-0.6931471805599453,-0.6931471805599453,0.0,0.0,0.0,0.6931471805599453,-0.13363062095621217,0.14285714285714285,0.041666666666666664,1.0,456,1,1,-0.0,-0.0,0,,,,,0,2,1,3,3,2,,0.0,0.6365141682948128,2.1458417525947544,0.12396694214876033,0.18181818181818182,-0.3333333333333333,,0,1,0,0,0,0,0,4.0,0.75,0.3888888888888889,1,0.0,0.0,0.0,2.251291798606495,,1.6094379124341003,0,0,0,,,0,0,0,0,0,0,0,0,0,,0,0,0,0,,,,,,,,,,,,,,,True,,,,,,,,True,0,1,False,,0,,,0,,,,,,,False,1.0,0.0,0.0,0.25,0.0,True,2,False,False,,True,False,,True,False,,True,False,,True,False,,True,1,1,0.10700924479478903,0,0,1204,0,True,0.081905,0.0819045116874253,0.16754169169831123,0.09855954616696665,0.9591194968553459,0.174419,False,0,0,0.00013716793928032558,-2.9009427362337718e-05,0.0,0.0,0,0,0,,,0,,7.814289384214571,,50,0.6774193548387097,0.3034188034188034,0.27350427350427353,0.8205128205128205,0.04700854700854701,,,,,,,2025-04-01,2027-04-01,,,,
concept:5045122efe9dbe45abb571b5,Device-Edge Co-Inference in Multi-User Wireless Sensing Systems,2024-04-01,2024-04-01,2020-12-01,1217,2,2,1,0.6931471805599453,,True,0.6931471805599453,0.6931471805599453,0.6931471805599453,0.0,0.6931471805599453,0.0,0.0,0.0,0.6931471805599453,1.0,0.14285714285714285,0.041666666666666664,0.0,7,1,2,-0.0,0.6931471805599453,1,,,,,0,2,0,2,4,4,1.0,0.0,0.6931471805599453,1.3862943611198906,0.25,0.25,-1.0,,0,0,0,0,0,0,0,2.0,0.5,1.0,2,0.0,0.0,0.0,0.5108256237659905,,1.0986122886681098,0,0,0,,,0,0,0,0,0,0,0,0,0,,0,0,0,0,,,,,,,,,,,,,,,True,,,,,,,,True,0,,True,,,,,0,,,,,,,False,,0.0,0.0,0.5,0.0,True,2,False,False,,True,False,,True,False,,True,False,,True,False,,True,1,1,0.07304517336419017,2,2,26,3,False,0.143718,0.1167913663764214,0.11094042839498863,0.129312862719361,0.8333333333333334,0.115385,False,0,0,0.00013716793928032558,-2.9009427362337718e-05,0.0,0.0,0,0,0,,,0,,3.8899597111212345,,52,0.6645161290322581,0.3034188034188034,0.7008547008547008,0.3717948717948718,0.11965811965811966,,,,,,,2025-04-01,2027-04-01,,,,
concept:515d09d98851c3e6b82a40b3,генеративные модели,2024-04-01,2024-04-01,2019-12-06,1578,3,5,1,0.0,,True,-0.6931471805599453,0.0,1.0986122886681098,1.0986122886681098,0.0,0.0,0.0,0.0,-0.6931471805599453,-0.2519763153394848,0.2857142857142857,0.08333333333333333,0.33333333333333337,91,1,2,-0.0,0.6365141682948128,1,,,,,0,10,0,23,9,30,1.0,0.0,2.210253577620973,3.6280156368701615,0.026955950032873106,0.05128205128205128,-1.0,,0,0,0,0,0,0,0,5.0,0.8,1.0,1,0.0,0.0,0.0,0.0,,1.791759469228055,0,0,0,,,0,0,0,0,0,0,0,0,0,,0,0,0,0,,,,,,,,,,,,,,,True,,,,,,,,True,0,,True,,,,,0,,,,,,,False,,0.0,0.0,0.2,0.0,True,3,False,False,,True,False,,True,False,,True,False,,True,False,,True,1,1,0.0,37,1,218,3,True,0.159593,0.15959314922845302,0.15378806610569118,0.18049308467960945,1.3541666666666667,0.151376,False,48,7,0.002036483467418238,0.0003504137145045256,0.015601287251562727,-0.0061824857790784594,39,0,2,2.5708581486422197,0.9285425774756166,4,2.387151251664439,6.594825876242506,,49,0.6838709677419355,0.7008547008547008,0.7008547008547008,0.3717948717948718,0.8589743589743589,,,,,,,2025-04-01,2027-04-01,,,,
concept:7b90871751060b67fe821c01,Distributed Hash Table (DHT),2024-04-01,2024-04-01,2020-12-16,1202,2,2,1,0.6931471805599453,,True,0.6931471805599453,0.6931471805599453,0.6931471805599453,0.0,0.6931471805599453,0.0,0.0,0.0,0.6931471805599453,1.0,0.14285714285714285,0.041666666666666664,0.0,31,1,2,-0.0,0.6931471805599453,1,,,,,0,3,1,5,5,7,1.0,0.0,1.0986122886681096,1.791759469228055,0.16666666666666666,0.16666666666666666,-0.3333333333333333,1.0,0,0,0,0,0,0,0,2.0,0.5,,0,,,0.0,0.0,,1.0986122886681098,0,0,0,,,0,0,0,0,0,0,0,0,0,,0,0,0,0,,,,,,,,,,,,,,,True,,,,,,,,True,0,,True,,,,,0,,,,,,,False,,0.0,0.0,0.5,0.0,True,2,False,False,,True,False,,True,False,,True,False,,True,False,,True,1,1,0.07304517336419017,6,0,1204,0,True,0.155503,0.14645785614246032,0.17606511076515075,0.15719807258502747,0.9591194968553459,0.174419,False,23,20,0.0015567692601271726,0.0004489201491760838,0.0012254885641042714,0.0012254885641042714,20,17,0,1.887436061272516,0.8485396989076863,0,1.6015644271396903,4.136648014665914,,51,0.6709677419354838,0.3034188034188034,0.7008547008547008,0.8205128205128205,0.2692307692307692,,,,,,,2025-04-01,2027-04-01,,,,
concept:95a554207168ef357bcfef73,Blockchain architecture for agricultural data integrity with smart contracts,2024-04-01,2024-04-01,2019-08-29,1677,2,2,0,-0.6931471805599453,,True,0.0,0.0,-0.6931471805599453,0.6931471805599453,-0.6931471805599453,0.0,0.0,0.0,0.6931471805599453,-0.13363062095621217,0.14285714285714285,0.041666666666666664,1.0,528,1,2,-0.0,0.6931471805599453,0,,,,,0,2,0,3,5,6,,0.0,0.6931471805599453,1.0986122886681096,0.3333333333333333,0.3333333333333333,-1.0,,0,0,0,0,0,0,0,2.0,0.5,1.0,1,0.0,0.0,0.0,0.916290731874155,,1.0986122886681098,0,0,0,,,0,0,0,0,0,0,0,0,0,,0,0,0,0,,,,,,,,,,,,,,,True,,,,,,,,True,0,,True,,,,,0,,,,,,,False,,0.0,0.0,0.5,0.0,True,2,False,False,,True,False,,True,False,,True,False,,True,False,,True,1,1,0.07304517336419017,0,1,221,3,True,0.125419,0.12541916863648406,0.11985670017914352,0.13277824126502957,1.3636363636363635,0.144796,False,0,0,0.00013716793928032558,-2.9009427362337718e-05,0.0,0.0,0,0,0,,,0,,5.111664026060061,,53,0.6580645161290323,0.3034188034188034,0.27350427350427353,0.3717948717948718,0.18803418803418803,,,,,,,2025-04-01,2027-04-01,,,,
concept:9a7a68c895879f5b6df53dd1,Blockchain / Distributed Ledger Technologies,2024-04-01,2024-04-01,2017-10-27,2348,2,2,1,0.6931471805599453,,True,0.6931471805599453,0.6931471805599453,0.6931471805599453,0.6931471805599453,0.6931471805599453,0.0,0.0,0.0,0.6931471805599453,1.0,0.14285714285714285,0.041666666666666664,0.0,25,1,2,-0.0,0.6931471805599453,1,,,,,0,1,0,1,4,2,1.0,0.0,-0.0,0.6931471805599453,0.5,0.5,-1.0,,0,0,0,0,0,0,0,2.0,0.5,0.0,0,0.2,0.0,0.0,1.791759469228055,,1.0986122886681098,0,0,0,,,0,0,0,0,0,0,0,0,0,,0,0,0,0,,,,,,,,,,,,,,,True,,,,,,,,True,0,,True,,,,,0,,,,,,,False,,0.0,0.0,0.5,0.0,True,2,False,False,,True,False,,True,False,,True,False,,True,False,,True,1,1,0.07304517336419017,2,1,221,3,True,0.058697,0.058696691043995664,0.05934524062184732,0.07792897057406138,1.3636363636363635,0.144796,False,7,6,0.0010121691938485514,-9.567991710253691e-05,0.0004116875645037787,0.0004116875645037787,6,5,1,1.9072317428628724,0.6164727077095147,2,1.1757563167522118,6.253960351495448,,49,0.6838709677419355,0.3034188034188034,0.7008547008547008,0.3717948717948718,0.04700854700854701,,,,,,,2025-04-01,2027-04-01,,,,
concept:00c31db56a96cb8b36d34461,Isogeny-based cryptography,2024-07-01,2024-07-01,2023-02-20,497,2,2,0,-1.0986122886681098,,True,0.0,0.0,-1.0986122886681098,1.0986122886681098,-1.0986122886681098,0.0,0.0,0.0,1.0986122886681098,-0.2519763153394848,0.14285714285714285,0.1111111111111111,1.0,374,1,2,-0.0,0.6931471805599453,0,,,,,0,1,0,3,5,7,,0.0,-0.0,1.0986122886681096,0.3333333333333333,0.3333333333333333,-1.0,,0,0,0,0,0,0,0,2.0,0.5,,0,,,0.0,0.0,,1.0986122886681098,0,0,0,,,0,0,0,0,0,0,0,0,0,,0,0,0,0,,,,,,,,,,,,,,,True,,,,,,,,True,0,,True,,,,,0,,,,,,,False,,0.0,0.0,0.5,0.0,True,2,False,False,,True,False,,True,False,,True,False,,True,False,,True,1,1,0.0,0,3,6,3,False,0.083513,0.07950029299713945,0.07828671812364196,0.09320870168396575,1.0,0.166667,False,7,0,0.0007754043641162374,-0.0002114473323529413,0.0,-3.7451992703807585e-06,5,0,0,2.07759258274673,0.6593007520680954,0,1.3697583522960157,4.8559349786798185,,53,0.6580645161290323,0.2975206611570248,0.2768595041322314,0.3677685950413223,0.2768595041322314,,,,,,,2025-07-01,2027-07-01,,,,
concept:2e17846494a1f3cf6831535a,MobileNet V2,2024-07-01,2024-07-01,2021-10-29,976,2,2,0,-0.6931471805599453,,True,0.0,0.0,-0.6931471805599453,0.0,-0.6931471805599453,0.0,0.0,0.0,0.6931471805599453,-0.13363062095621217,0.14285714285714285,0.041666666666666664,1.0,379,1,2,-0.0,0.6931471805599453,0,,,,,0,3,0,3,6,6,,0.0,1.0986122886681096,1.0986122886681096,0.3333333333333333,0.3333333333333333,-1.0,,0,0,0,0,0,0,0,2.0,0.5,,0,,,0.0,0.0,,1.0986122886681098,0,0,0,,,0,0,0,0,0,0,0,0,0,,0,0,0,0,,,,,,,,,,,,,,,True,,,,,,,,True,0,,True,,,,,0,,,,,,,False,,0.0,0.0,0.5,0.0,True,2,False,False,,True,False,,True,False,,True,False,,True,False,,True,1,1,0.07304517336419017,0,0,1227,0,True,0.042012,0.04201221159124402,0.18092894655331226,0.0842951444092441,1.0134680134680134,0.163814,False,9,0,0.0010307136161700997,-0.00022222859992849413,0.00016034991231945672,9.79299244797774e-05,5,0,2,2.920376178720291,0.708916535932063,0,2.0703029642369044,6.591721669414605,,53,0.6580645161290323,0.2975206611570248,0.2768595041322314,0.3677685950413223,0.19008264462809918,,,,,,,2025-07-01,2027-07-01,,,,
concept:30e15f90cf429a1dcd1424a8,GPT-3,2024-07-01,2024-07-01,2022-06-15,747,2,2,1,0.6931471805599453,,True,0.0,-0.6931471805599453,0.6931471805599453,0.0,0.6931471805599453,0.0,0.0,0.0,-1.3862943611198906,-0.13363062095621217,0.14285714285714285,0.041666666666666664,0.0,326,1,2,-0.0,0.6931471805599453,1,,,,,0,0,0,0,2,25,1.0,0.0,,,,,,,0,0,0,0,0,0,0,2.0,0.5,,0,,,0.0,0.0,,1.0986122886681098,0,0,0,,,0,0,0,0,0,0,0,0,0,,0,0,0,0,,,,,,,,,,,,,,,True,,,,,,,,True,0,,True,,,,,0,,,,,,,False,,0.0,0.0,0.5,0.0,True,2,False,False,,True,False,,True,False,,True,False,,True,False,,True,1,1,0.07304517336419017,1,1,58,3,True,0.180342,0.1770314404112493,0.13808163051528743,0.18798046904457427,1.76,0.482759,False,13,3,0.0013007574188020697,0.00022398343366155076,0.005569087849071993,0.005569087849071993,10,0,1,2.57810564133377,0.7504441954646779,0,1.9347244138336683,6.750432907989244,,57,0.6322580645161291,0.2975206611570248,0.6859504132231405,0.3677685950413223,0.8181818181818182,,,,,,,2025-07-01,2027-07-01,,,,
concept:35a986746ff7e5146d9fd96d,CNN model,2024-07-01,2024-07-01,2021-04-08,1180,3,4,0,-1.0986122886681098,,True,0.0,0.0,-1.0986122886681098,0.0,-1.0986122886681098,0.0,0.0,0.0,1.0986122886681098,-0.2519763153394848,0.14285714285714285,0.08333333333333333,1.0,379,1,3,-0.0,1.0986122886681096,0,,,,,0,4,0,7,9,11,,0.0,1.3862943611198906,2.3025850929940455,0.10000000000000002,0.1,-1.0,,0,0,0,0,0,0,0,4.0,0.75,,0,,,0.0,0.0,,1.6094379124341003,0,0,0,,,0,0,0,0,0,0,0,0,0,,0,0,0,0,,,,,,,,,,,,,,,True,,,,,,,,True,0,,True,,,,,0,,,,,,,False,,0.0,0.0,0.25,0.0,True,3,False,False,,True,False,,True,False,,True,False,,True,False,,True,1,1,0.0,0,1,91,3,True,0.0754,0.0753996411518375,0.07887546256761657,0.08548264166963723,0.5652173913043478,0.065934,False,16,0,0.0013777979922628251,-0.0002801315315381866,0.0026774179689792663,-0.00010337100707484038,9,0,3,3.0512701042121053,0.8355522376035769,0,2.5494955631073237,6.530378134101053,,53,0.6580645161290323,0.6900826446280992,0.2768595041322314,0.3677685950413223,0.5082644628099173,,,,,,,2025-07-01,2027-07-01,,,,
concept:371b3ab6cac95a8dcf47fe3b,CRYSTALS-Kyber,2024-07-01,2024-07-01,2022-01-01,912,2,2,1,0.6931471805599453,,True,0.6931471805599453,0.6931471805599453,0.6931471805599453,0.0,0.6931471805599453,0.0,0.0,0.0,0.6931471805599453,1.0,0.14285714285714285,0.041666666666666664,0.0,39,1,2,-0.0,0.6931471805599453,1,,,,,0,3,0,5,5,5,1.0,0.0,1.0986122886681096,1.791759469228055,0.16666666666666666,0.16666666666666666,-1.0,,0,0,0,0,0,0,0,2.0,1.0,0.0,0,0.0,0.0,0.0,0.6931471805599453,,1.0986122886681098,0,0,0,,,0,0,0,0,0,0,0,0,0,,0,0,0,0,,,,,,,,,,,,,,,True,,,,,,,,True,0,,True,,,,,0,,,,,,,False,,0.0,0.0,0.0,0.0,True,2,False,False,,True,False,,True,False,,True,False,,True,False,,True,1,1,0.07304517336419017,4,3,4,3,False,0.148007,0.026077039489668774,0.10635208387347594,0.12302448224931153,1.0,0.0,False,8,4,0.0010021772884376819,-7.459669670283704e-05,1.8795084144238468e-05,1.8795084144238468e-05,5,1,1,1.8966551233234583,0.6657055168158861,0,1.262613779093541,4.963936056155871,,49,0.6838709677419355,0.2975206611570248,0.6859504132231405,0.3677685950413223,0.13636363636363635,,,,,,,2025-07-01,2027-07-01,,,,
concept:3e2fbbad3ef0a070f4a10a45,Batch dataflow systems,2024-07-01,2024-07-01,2016-05-27,2957,2,2,1,0.6931471805599453,,True,0.0,-0.6931471805599453,0.6931471805599453,0.6931471805599453,0.0,0.6931471805599453,0.0,0.0,-1.3862943611198906,-0.13363062095621217,0.14285714285714285,0.041666666666666664,0.0,305,2,2,0.6931471805599453,0.6931471805599453,1,,2652,,,1,1,1,0,4,23,1.0,0.0,-0.0,-0.0,1.0,1.0,1.0,,0,0,0,0,0,0,0,1.6666666666666665,0.5,,0,,,0.0,0.0,,0.4054651081081645,0,0,0,,,0,0,0,0,0,0,0,0,0,,0,0,0,0,,,,,,,,,,,,,,,True,,,,,,,,True,0,,True,,,,,1,0.0,,,0,,,False,,0.5,0.0,0.5,0.0,True,1,False,True,1,False,False,,True,False,,True,False,,True,False,,True,2,2,0.07304517336419017,0,0,1227,0,True,0.172489,0.15725073277667212,0.20479630472175292,0.2028846304331493,1.0134680134680134,0.163814,False,23,10,0.001481530590412987,0.0003894154211223095,0.010673980733931084,0.010673980733931084,13,0,1,2.0223245685323157,0.8512360030483845,0,1.7214754825839973,4.727325010327213,,48,0.6903225806451613,0.2975206611570248,0.6859504132231405,0.8140495867768595,0.7892561983471075,,,,,,,2025-07-01,2027-07-01,,,,
concept:5f71df0a9bafbf0b59299a5c,ECC,2024-07-01,2024-07-01,2023-01-01,547,4,7,2,0.0,,True,0.0,-1.3862943611198906,-0.2231435513142097,2.0794415416798357,0.0,0.0,0.0,0.0,-2.0794415416798357,-0.7071067811865475,0.42857142857142855,0.15789473684210525,0.25,182,1,4,-0.0,1.3862943611198906,1,,,,,0,2,0,7,5,12,1.0,0.0,0.6931471805599453,2.3025850929940455,0.10000000000000002,0.1,-1.0,,0,0,0,0,0,0,0,7.0,0.8571428571428571,,0,,,0.0,0.0,,2.0794415416798357,0,0,0,,,0,0,0,0,0,0,0,0,0,,0,0,0,0,,,,,,,,,,,,,,,True,,,,,,,,True,0,,True,,,,,0,,,,,,,False,,0.0,0.0,0.14285714285714285,0.0,True,4,False,False,,True,False,,True,False,,True,False,,True,False,,True,1,1,0.35002933627067095,6,1,336,3,True,0.123489,0.12348875352793254,0.134447638687345,0.13636118702408226,1.4927536231884058,0.169643,False,25,14,0.0024883022705885684,0.0010661711136077602,0.0038620243316715304,0.0038133367411565806,11,1,3,2.123076379592154,0.8748119483406722,0,1.8572925841070727,5.923418168781161,,52,0.6645161290322581,0.8181818181818182,0.871900826446281,0.3677685950413223,0.5661157024793388,,,,,,,2025-07-01,2027-07-01,,,,
concept:7fb75e78a42d0d7015bb7d40,Non-Fungible Tokens (NFTs),2024-07-01,2024-07-01,2022-01-15,898,2,3,1,0.6931471805599453,,True,0.0,-0.6931471805599453,0.6931471805599453,-0.40546510810816444,0.6931471805599453,0.0,0.0,0.0,-1.3862943611198906,-0.13363062095621217,0.14285714285714285,0.041666666666666664,0.5,274,1,2,-0.0,0.6931471805599453,1,,,,,0,1,0,1,7,6,1.0,0.0,-0.0,-0.0,1.0,1.0,-1.0,,0,0,0,0,0,1,0,3.0,0.6666666666666666,1.0,2,0.0,0.0,0.0,0.8472978603872034,,1.3862943611198906,0,0,0,,,0,0,0,0,0,0,0,0,0,,0,0,0,0,,,,,,,,,,,,,,,True,,,,,,,,True,0,,True,,,,,0,,,,,,,False,,0.0,0.0,0.3333333333333333,0.0,True,2,False,False,,True,False,,True,False,,True,False,,True,False,,True,1,1,0.09217274646050577,5,1,336,3,True,0.091563,0.09156273687169003,0.18272034176946517,0.1494404803564546,1.4927536231884058,0.169643,False,3,1,0.0013178309019812266,0.00024105691684070743,0.0,0.0,2,0,0,1.907283999321379,0.38888888888888884,5,0.7417215552916473,6.665298059966042,1.0,48,0.6903225806451613,0.2975206611570248,0.6859504132231405,0.3677685950413223,0.19008264462809918,,,,,,,2025-07-01,2027-07-01,,,,
concept:962d0b0339b9ceb2075b5386,ECDSA,2024-07-01,2024-07-01,2024-03-31,92,2,2,2,1.0986122886681098,,True,0.0,1.0986122886681098,1.0986122886681098,1.0986122886681098,1.0986122886681098,0.0,0.0,0.0,1.0986122886681098,0.8017837257372732,0.14285714285714285,0.4,0.0,39,1,2,-0.0,0.6931471805599453,1,,,,,0,2,0,2,3,6,1.0,,0.6931471805599453,1.0986122886681096,0.3333333333333333,0.3333333333333333,-1.0,,0,0,0,0,0,0,0,2.0,0.5,,0,,,0.0,0.0,,1.0986122886681098,0,0,0,,,0,0,0,0,0,0,0,0,0,,0,0,0,0,,,,,,,,,,,,,,,True,,,,,,,,True,0,,True,,,,,0,,,,,,,False,,0.0,0.0,0.5,0.0,True,2,False,False,,True,False,,True,False,,True,False,,True,False,,True,1,1,0.0,7,1,336,3,True,0.088187,0.08818707720323438,0.1521468309965308,0.10957761671272495,1.4927536231884058,0.169643,False,6,6,0.0007755221063270717,0.0007755221063270717,2.6104283533664534e-06,2.6104283533664534e-06,5,5,1,1.918754075220025,0.6195333103764923,0,1.1887320640194472,4.334919394559577,,53,0.6580645161290323,0.2975206611570248,0.871900826446281,0.3677685950413223,0.19008264462809918,,,,,,,2025-07-01,2027-07-01,,,,
concept:99721a9ddf5b3f2196d6ec63,TPU — Tensor Processing Unit,2024-07-01,2024-07-01,2016-05-27,2957,2,3,1,0.6931471805599453,,True,0.6931471805599453,0.6931471805599453,0.6931471805599453,0.6931471805599453,0.6931471805599453,0.0,0.0,0.0,0.6931471805599453,1.0,0.14285714285714285,0.041666666666666664,0.5,68,1,2,-0.0,0.6931471805599453,1,,,,,0,2,1,3,7,31,1.0,0.0,0.6365141682948128,2.0794415416798357,0.125,0.125,0.0,,0,0,0,0,0,0,0,3.0,0.6666666666666666,,0,,,0.0,0.0,,1.3862943611198906,0,0,0,,,0,0,0,0,0,0,0,0,0,,0,0,0,0,,,,,,,,,,,,,,,True,,,,,,,,True,0,,True,,,,,0,,,,,,,False,,0.0,0.0,0.3333333333333333,0.0,True,2,False,False,,True,False,,True,False,,True,False,,True,False,,True,1,1,0.09217274646050577,7,0,1227,0,True,0.101715,0.10171476812819402,0.17143963501804027,0.1306886064877822,1.0134680134680134,0.163814,False,19,6,0.0014695795054905723,0.00037746433619989484,0.0004644996211980268,0.0004644996211980268,13,0,1,1.981054558373569,0.8212165076201158,0,1.626874705832453,5.314529083792238,,52,0.6645161290322581,0.2975206611570248,0.6859504132231405,0.8140495867768595,0.859504132231405,,,,,,,2025-07-01,2027-07-01,,,,
concept:1332c6cf742f698f0ffce355,LLM-based agents,2024-10-01,2024-10-01,2024-01-01,274,2,4,2,1.0986122886681098,,True,0.0,-1.6094379124341003,1.6094379124341003,1.6094379124341003,1.0986122886681098,0.0,0.0,0.0,-3.2188758248682006,-0.4558423058385518,0.2857142857142857,0.2,0.0,265,1,2,-0.0,0.6931471805599453,1,,,,,0,1,1,3,2,33,1.0,,-0.0,1.6094379124341005,0.20000000000000004,0.2,-0.3333333333333333,1.0,0,0,0,0,0,0,0,4.0,0.75,1.0,2,0.0,0.0,0.0,1.0986122886681098,,1.6094379124341003,0,0,0,,,0,0,0,0,0,0,0,0,0,,0,0,0,0,,,,,,,,,,,,,,,True,,,,,,,,True,0,,True,,,,,0,,,,,,,False,,0.0,0.0,0.25,0.0,True,2,False,False,,True,False,,True,False,,True,False,,True,False,,True,1,1,0.0,7,3,6,3,False,0.122854,0.06551644166501003,0.08031335039624854,0.09151135694605297,6.0,0.833333,True,5,5,0.001047220400327296,0.001047220400327296,0.0007521341885122172,0.0007521341885122172,3,3,1,2.791420920085195,0.5583431952662721,0,1.558570875853485,7.628841828231324,,49,0.6838709677419355,0.28346456692913385,0.8385826771653543,0.8149606299212598,0.8700787401574803,,,,,,,2025-10-01,2027-10-01,,,,
concept:134e3780ebc656d1c24a6c57,RSA,2024-10-01,2024-10-01,2022-01-01,1004,5,6,4,1.6094379124341003,,True,-0.6931471805599453,-0.916290731874155,1.791759469228055,1.0986122886681098,1.6094379124341003,0.0,0.0,0.0,-2.525728644308255,-0.5455447255899809,0.14285714285714285,0.125,0.0,131,1,5,-0.0,1.6094379124341005,1,,,,,0,4,0,9,6,14,1.0,0.0,1.3862943611198906,2.3025850929940455,0.10000000000000002,0.1,-1.0,,0,0,0,0,0,0,0,6.0,0.8333333333333334,,0,,,0.0,0.0,,1.9459101490553132,0,0,0,,,0,0,0,0,0,0,0,0,0,,0,0,0,0,,,,,,,,,,,,,,,True,,,,,,,,True,0,,True,,,,,0,,,,,,,False,,0.0,0.0,0.16666666666666666,0.0,True,5,False,False,,True,False,,True,False,,True,False,,True,False,,True,1,1,0.0,10,2,12,3,False,0.096943,0.062457093726591806,0.08478493448628854,0.10313732140193024,3.5,0.333333,False,25,21,0.0024627542419127894,0.001436534322984163,0.004035547905751413,0.004035547905751413,11,7,2,2.250229084776083,0.8821075590911881,0,1.9849440853678288,5.74493586238788,,52,0.6645161290322581,0.8700787401574803,0.9606299212598425,0.3661417322834646,0.6141732283464567,,,,,,,2025-10-01,2027-10-01,,,,
concept:2a5378637b3716bca6e19d92,CPU,2024-10-01,2024-10-01,2023-03-01,580,2,2,1,0.0,,True,0.6931471805599453,0.6931471805599453,0.0,1.0986122886681098,0.0,0.0,0.0,0.0,0.6931471805599453,0.8017837257372732,0.2857142857142857,0.1,0.0,8,1,1,-0.0,-0.0,1,,,,,0,2,1,2,5,11,1.0,0.0,0.6931471805599453,1.5607104090414063,0.2222222222222222,0.3333333333333333,-0.3333333333333333,,0,0,0,0,0,0,0,2.0,0.5,,0,,,0.0,0.0,,1.0986122886681098,0,0,0,,,0,0,0,0,0,0,0,0,0,,0,0,0,0,,,,,,,,,,,,,,,True,,,,,,,,True,0,,True,,,,,0,,,,,,,False,,0.0,0.0,0.5,0.0,True,2,False,False,,True,False,,True,False,,True,False,,True,False,,True,1,1,0.23804628387473534,3,0,1268,0,True,0.171093,0.17109343229820384,0.2049942161001752,0.20634142360227253,0.9473684210526315,0.15142,False,5,3,0.0005175229710419315,0.00016818815451225737,0.0013923467773527603,0.0013923467773527603,5,3,4,3.1898559917672507,0.7189209774077387,0,2.2932543873912437,4.530579376100706,,52,0.6645161290322581,0.28346456692913385,0.65748031496063,0.8149606299212598,0.49606299212598426,,,,,,,2025-10-01,2027-10-01,,,,
concept:2bdc42e2c7110f47c4dbfeea,"Open RAN (ORAN, O-RAN)",2024-10-01,2024-10-01,2023-03-21,560,2,2,1,0.0,,True,0.0,-0.6931471805599453,0.0,1.0986122886681098,0.0,0.0,0.0,0.0,-1.3862943611198906,-0.2519763153394848,0.2857142857142857,0.1,0.5,274,1,2,-0.0,0.6931471805599453,1,,,,,0,5,1,5,4,7,1.0,0.0,1.6094379124341005,2.1972245773362196,0.1111111111111111,0.1111111111111111,-0.3333333333333333,,0,0,0,0,0,0,0,2.0,0.5,1.0,1,0.0,0.0,0.0,0.4054651081081645,,1.0986122886681098,0,0,0,,,0,0,0,0,0,0,0,0,0,,0,0,0,0,,,,,,,,,,,,,,,True,,,,,,,,True,0,,True,,,,,0,,,,,,,False,,0.0,0.0,0.5,0.0,True,2,False,False,,True,False,,True,False,,True,False,,True,False,,True,1,1,0.23804628387473534,5,1,55,3,True,0.168632,0.15827275929278262,0.14608082518545684,0.17761887220314648,0.47058823529411764,0.127273,False,5,5,0.0008702841477742481,0.000716351159934954,0.0,0.0,5,5,0,1.0986122886681096,0.3520000000000001,0,0.38671152561117467,6.012047650557656,,49,0.6838709677419355,0.28346456692913385,0.65748031496063,0.8149606299212598,0.27165354330708663,,,,,,,2025-10-01,2027-10-01,,,,
concept:39acdef934cfd64f8d54dae7,Edge Intelligence (EI),2024-10-01,2024-10-01,2019-06-12,1938,3,4,2,1.0986122886681098,,True,-0.6931471805599453,0.0,1.0986122886681098,1.0986122886681098,1.0986122886681098,0.0,0.0,0.0,-0.6931471805599453,-0.2519763153394848,0.14285714285714285,0.08333333333333333,0.0,114,1,1,-0.0,-0.0,1,,,,,0,3,0,7,7,17,1.0,0.0,0.9502705392332347,2.4799555205445176,0.09375,0.1875,-1.0,,0,0,0,0,1,0,0,4.0,0.75,1.0,1,0.0,0.0,0.0,1.3862943611198904,,1.6094379124341003,0,0,0,,,0,0,0,0,0,0,0,0,0,,0,0,0,0,,,,,,,,,,,,,,,True,,,,,,,,True,0,,True,,,,,0,,,,,,,False,,0.0,0.0,0.25,0.25,True,3,False,False,,True,False,,True,False,,True,False,,True,False,,True,1,1,0.0,8,0,1268,0,True,0.020313,0.020312613158511184,0.16445206183551186,0.0650304849216157,0.9473684210526315,0.15142,False,10,3,0.0017535155015129251,0.0005186527141370467,0.003354275856832709,0.003032627263008362,6,0,0,2.1900732309316906,0.7675672153635116,0,1.6810284113084066,4.6534560288156355,,49,0.6838709677419355,0.6732283464566929,0.8385826771653543,0.3661417322834646,0.6653543307086615,,,,,,,2025-10-01,2027-10-01,,,,
concept:4415a5c7b65ca7848cbc7b86,Dilithium,2024-10-01,2024-10-01,2022-06-30,824,3,4,2,1.0986122886681098,,True,1.3862943611198906,1.3862943611198906,1.3862943611198906,0.6931471805599453,1.0986122886681098,0.0,0.0,0.0,1.3862943611198906,3.0,0.14285714285714285,0.041666666666666664,0.0,1,1,3,-0.0,1.0986122886681096,1,,,,,0,2,0,2,4,6,1.0,0.0,0.6931471805599453,0.6931471805599453,0.5,0.5,-1.0,,0,0,0,0,0,0,0,4.0,1.0,,0,,,0.0,0.0,,1.6094379124341003,0,0,0,,,0,0,0,0,0,0,0,0,0,,0,0,0,0,,,,,,,,,,,,,,,True,,,,,,,,True,0,,True,,,,,0,,,,,,,False,,0.0,0.0,0.0,0.0,True,3,False,False,,True,False,,True,False,,True,False,,True,False,,True,1,1,0.0,4,2,12,3,False,0.163341,0.11223066903048773,0.12692801999716852,0.13906391298463494,3.5,0.333333,False,14,6,0.001444533246451418,0.00041343094102348874,0.005007331531996075,0.005007331531996075,8,0,1,2.243782271924053,0.8207287922174508,0,1.8415367140351557,5.174137998996225,,52,0.6645161290322581,0.6732283464566929,0.8385826771653543,0.3661417322834646,0.18503937007874016,,,,,,,2025-10-01,2027-10-01,,,,
concept:457e08c1f194159b1f5da544,Post-Quantum Cryptography (PQC) algorithms,2024-10-01,2024-10-01,2020-01-01,1735,2,2,1,0.6931471805599453,,True,0.0,-0.6931471805599453,0.6931471805599453,0.6931471805599453,0.6931471805599453,0.0,0.0,0.0,-1.3862943611198906,-0.13363062095621217,0.14285714285714285,0.041666666666666664,0.0,274,1,2,-0.0,0.6931471805599453,1,,,,,0,5,1,6,6,8,1.0,0.0,1.6094379124341005,2.0794415416798357,0.125,0.125,-0.3333333333333333,,0,0,0,0,0,0,0,2.0,0.5,1.0,1,0.0,0.0,0.0,0.0,,1.0986122886681098,0,0,0,,,0,0,0,0,0,0,0,0,0,,0,0,0,0,,,,,,,,,,,,,,,True,,,,,,,,True,0,,True,,,,,0,,,,,,,False,,0.0,0.0,0.5,0.0,True,2,False,False,,True,False,,True,False,,True,False,,True,False,,True,1,1,0.07304517336419017,12,0,1268,0,True,0.094977,0.09497655317102105,0.16435090880915681,0.10521781190555579,0.9473684210526315,0.15142,False,0,0,0.00013054262216613725,-2.3390365673156744e-05,0.0,0.0,0,0,0,,,3,,6.564785221706113,,52,0.6645161290322581,0.28346456692913385,0.65748031496063,0.8149606299212598,0.33858267716535434,,,,,,,2025-10-01,2027-10-01,,,,
concept:5045122efe9dbe45abb571b5,Device-Edge Co-Inference in Multi-User Wireless Sensing Systems,2024-10-01,2024-10-01,2020-12-01,1400,2,2,1,0.6931471805599453,,True,0.0,-0.6931471805599453,0.6931471805599453,0.0,0.6931471805599453,0.0,0.0,0.0,-1.3862943611198906,-0.13363062095621217,0.14285714285714285,0.041666666666666664,0.0,190,1,2,-0.0,0.6931471805599453,1,,,,,0,2,0,2,4,4,1.0,0.0,0.6931471805599453,1.3862943611198906,0.25,0.25,-1.0,,0,0,0,0,0,0,0,2.0,0.5,1.0,2,0.0,0.0,0.0,0.5108256237659905,,1.0986122886681098,0,0,0,,,0,0,0,0,0,0,0,0,0,,0,0,0,0,,,,,,,,,,,,,,,True,,,,,,,,True,0,,True,,,,,0,,,,,,,False,,0.0,0.0,0.5,0.0,True,2,False,False,,True,False,,True,False,,True,False,,True,False,,True,1,1,0.07304517336419017,2,2,21,3,False,0.116791,0.1167913663764214,0.11179851551919984,0.129312862719361,1.0,0.190476,False,0,0,0.00013054262216613725,-2.3390365673156744e-05,0.0,0.0,0,0,0,,,0,,3.9635453215174645,,52,0.6645161290322581,0.28346456692913385,0.65748031496063,0.3661417322834646,0.10236220472440945,,,,,,,2025-10-01,2027-10-01,,,,
concept:54ccbd508b1593e40257c2dd,Hash-based signatures,2024-10-01,2024-10-01,2024-03-07,208,2,3,2,1.0986122886681098,,True,1.0986122886681098,0.4054651081081644,1.3862943611198906,1.3862943611198906,1.0986122886681098,0.0,0.0,0.0,-0.2876820724517809,1.7371980724307585,0.2857142857142857,0.25,0.0,34,1,2,-0.0,0.6931471805599453,1,,,,,0,2,0,5,5,9,1.0,,0.6931471805599453,1.6094379124341005,0.20000000000000004,0.2,-1.0,,0,0,0,0,0,0,0,3.0,0.6666666666666666,,0,,,0.0,0.0,,1.3862943611198906,0,0,0,,,0,0,0,0,0,0,0,0,0,,0,0,0,0,,,,,,,,,,,,,,,True,,,,,,,,True,0,,True,,,,,0,,,,,,,False,,0.0,0.0,0.3333333333333333,0.0,True,2,False,False,,True,False,,True,False,,True,False,,True,False,,True,1,1,0.0,12,2,12,3,False,0.05934,0.04679890300349432,0.05579293049790279,0.08465480236199056,3.5,0.333333,False,12,12,0.0011201430799650713,0.0011201430799650713,0.0002684971324091444,0.0002684971324091444,7,7,1,2.5934950628924596,0.7918584219124647,0,2.0536809077397913,4.826907959218559,,53,0.6580645161290323,0.28346456692913385,0.8385826771653543,0.3661417322834646,0.39763779527559057,,,,,,,2025-10-01,2027-10-01,,,,
concept:67aa8277279d5751f5415940,Llama 2 series,2024-10-01,2024-10-01,2024-01-01,274,2,5,2,1.0986122886681098,,True,0.0,-1.791759469228055,1.791759469228055,1.791759469228055,1.0986122886681098,0.0,0.0,0.0,-3.58351893845611,-0.5455447255899809,0.14285714285714285,0.1,0.0,274,1,1,-0.0,-0.0,1,,,,,0,1,2,4,2,16,1.0,,-0.0,2.3693821196946763,0.09722222222222221,0.16666666666666666,0.0,1.0,0,0,0,0,0,0,0,5.0,0.8,,0,,,0.0,0.0,,1.791759469228055,0,0,0,,,0,0,0,0,0,0,0,0,0,,0,0,0,0,,,,,,,,,,,,,,,True,,,,,,,,True,0,,True,,,,,0,,,,,,,False,,0.0,0.0,0.2,0.0,True,2,False,False,,True,False,,True,False,,True,False,,True,False,,True,1,1,0.0,9,3,3,3,False,0.155342,0.1298891331089599,0.07006954677507893,0.1511956399213241,4.0,1.0,True,3,3,0.0012766576463516836,0.0012766576463516836,0.0,0.0,2,2,0,0.6730116670092565,0.38888888888888884,0,0.26172675939248863,4.083063217758061,,52,0.6645161290322581,0.28346456692913385,0.8385826771653543,0.9291338582677166,0.6535433070866141,,,,,,,2025-10-01,2027-10-01,,,,
concept:6c0bd376a4ab12ba40236edc,Artificial Intelligence of Things (AIoT),2024-10-01,2024-10-01,2021-06-14,1205,3,3,1,0.0,,True,0.0,-0.6931471805599453,0.0,0.4054651081081644,0.0,0.0,0.0,0.0,-0.6931471805599453,-0.2519763153394848,0.2857142857142857,0.08333333333333333,0.5,348,1,2,-0.0,0.6365141682948128,1,,,,,0,4,0,4,8,12,1.0,0.0,1.3862943611198906,2.685945324669788,0.0703125,0.125,-1.0,,0,0,0,0,0,0,0,3.0,0.6666666666666666,,0,,,0.0,0.0,,1.3862943611198906,0,0,0,,,0,0,0,0,0,0,0,0,0,,0,0,0,0,,,,,,,,,,,,,,,True,,,,,,,,True,0,,True,,,,,0,,,,,,,False,,0.0,0.0,0.3333333333333333,0.0,True,3,False,False,,True,False,,True,False,,True,False,,True,False,,True,1,1,0.3003809664473759,7,0,1268,0,True,0.152176,0.1521758393000101,0.18829784601119637,0.16597439644625045,0.9473684210526315,0.15142,False,3,0,0.0012766576463516834,-0.00022874896100672664,3.0327991472266825e-06,-7.688820646918218e-06,2,0,0,1.5047882836811908,0.38888888888888884,6,0.5851954436537964,6.900606343886677,,52,0.6645161290322581,0.6732283464566929,0.65748031496063,0.3661417322834646,0.5511811023622047,,,,,,,2025-10-01,2027-10-01,,,,
concept:7b90871751060b67fe821c01,Distributed Hash Table (DHT),2024-10-01,2024-10-01,2020-12-16,1385,2,2,1,0.6931471805599453,,True,0.0,-0.6931471805599453,0.6931471805599453,0.0,0.6931471805599453,0.0,0.0,0.0,-1.3862943611198906,-0.13363062095621217,0.14285714285714285,0.041666666666666664,0.0,214,1,2,-0.0,0.6931471805599453,1,,,,,0,3,1,5,5,7,1.0,0.0,1.0986122886681096,1.791759469228055,0.16666666666666666,0.16666666666666666,-0.3333333333333333,1.0,0,0,0,0,0,0,0,2.0,0.5,,0,,,0.0,0.0,,1.0986122886681098,0,0,0,,,0,0,0,0,0,0,0,0,0,,0,0,0,0,,,,,,,,,,,,,,,True,,,,,,,,True,0,,True,,,,,0,,,,,,,False,,0.0,0.0,0.5,0.0,True,2,False,False,,True,False,,True,False,,True,False,,True,False,,True,1,1,0.07304517336419017,6,0,1268,0,True,0.155503,0.14645785614246032,0.17666706378911723,0.15719807258502747,0.9473684210526315,0.15142,False,23,20,0.0014862599471361364,0.00046004002820751,0.0011191028853266458,0.0011191028853266458,20,17,0,1.887436061272516,0.8496365925473994,0,1.603634743750665,4.214744387339197,,51,0.6709677419354838,0.28346456692913385,0.65748031496063,0.8149606299212598,0.27165354330708663,,,,,,,2025-10-01,2027-10-01,,,,
concept:8b697745e6caa6ab4958749e,Foundation models (PFMs),2024-10-01,2024-10-01,2023-01-01,639,2,2,1,0.0,,True,0.0,-0.6931471805599453,0.0,1.0986122886681098,0.0,0.0,0.0,0.0,-1.3862943611198906,-0.2519763153394848,0.14285714285714285,0.09090909090909091,0.5,333,1,1,-0.0,-0.0,1,,,,,0,3,0,8,6,12,1.0,0.0,1.0397207708399179,2.4583113296830836,0.08875739644970415,0.15384615384615385,-1.0,,0,0,0,0,0,0,0,2.0,0.5,,0,,,0.0,0.0,,1.0986122886681098,0,0,0,,,0,0,0,0,0,0,0,0,0,,0,0,0,0,,,,,,,,,,,,,,,True,,,,,,,,True,0,,True,,,,,0,,,,,,,False,,0.0,0.0,0.5,0.0,True,2,False,False,,True,False,,True,False,,True,False,,True,False,,True,1,1,0.23804628387473534,12,0,1268,0,True,0.172063,0.17206337790122905,0.1615940237246175,0.17736754426195883,0.9473684210526315,0.15142,False,10,2,0.0010945108134561693,0.00010066568026920273,0.0051562224942766945,0.0051562224942766945,8,0,2,2.2062232393337777,0.7111571010048249,6,1.5689713230540834,7.467470120383961,,52,0.6645161290322581,0.28346456692913385,0.65748031496063,0.3661417322834646,0.5511811023622047,,,,,,,2025-10-01,2027-10-01,,,,
concept:9063b4ec5d1460cb32d1fa6e,LLM-based research ideation agent,2024-10-01,2024-10-01,2024-01-01,274,2,3,2,1.0986122886681098,,True,1.0986122886681098,0.4054651081081644,1.3862943611198906,1.3862943611198906,1.0986122886681098,0.0,0.0,0.0,-0.2876820724517809,1.7371980724307585,0.2857142857142857,0.2,0.0,25,1,2,-0.0,0.6931471805599453,1,,,,,0,1,0,1,4,15,1.0,,-0.0,1.3862943611198906,0.25,0.25,-1.0,,0,0,0,0,0,1,0,3.0,0.6666666666666666,1.0,1,0.0,0.0,0.0,0.0,,1.3862943611198906,0,0,0,,,0,0,0,0,0,0,0,0,0,,0,0,0,0,,,,,,,,,,,,,,,True,,,,,,,,True,0,,True,,,,,0,,,,,,,False,,0.0,0.0,0.3333333333333333,0.0,True,2,False,False,,True,False,,True,False,,True,False,,True,False,,True,1,1,0.0,7,0,1268,0,True,0.130555,0.06551644166501003,0.20293449786067042,0.10433391417366925,0.9473684210526315,0.15142,False,2,2,0.0008702841477742482,0.0008702841477742482,0.0,0.0,2,2,0,-0.0,0.0,5,0.0,7.9541990116392824,1.0,49,0.6838709677419355,0.28346456692913385,0.8385826771653543,0.3661417322834646,0.6338582677165354,,,,,,,2025-10-01,2027-10-01,,,,
concept:9a7a68c895879f5b6df53dd1,Blockchain / Distributed Ledger Technologies,2024-10-01,2024-10-01,2017-10-27,2531,3,3,2,1.0986122886681098,,True,-0.6931471805599453,0.0,1.0986122886681098,1.0986122886681098,1.0986122886681098,0.0,0.0,0.0,-0.6931471805599453,-0.2519763153394848,0.14285714285714285,0.08333333333333333,0.0,124,1,3,-0.0,1.0986122886681096,1,,,,,0,2,0,3,7,3,1.0,0.0,0.6931471805599453,1.3862943611198906,0.25,0.25,-1.0,,0,0,0,0,0,0,0,3.0,0.6666666666666666,0.16666666666666666,1,0.16666666666666666,0.0,0.0,1.252762968495368,,1.3862943611198906,0,0,0,,,0,0,0,0,0,0,0,0,0,,0,0,0,0,,,,,,,,,,,,,,,True,,,,,,,,True,0,,True,,,,,0,,,,,,,False,,0.0,0.0,0.3333333333333333,0.0,True,3,False,False,,True,False,,True,False,,True,False,,True,False,,True,1,1,0.0,8,1,208,3,True,0.058697,0.058696691043995664,0.059602907843472996,0.07297223008746605,2.0,0.134615,False,10,9,0.0011657759696862098,0.00013955605075758378,0.00740426405938023,0.00740426405938023,6,5,1,2.921783251730233,0.7764293083900227,6,2.2685581494064566,6.755117407505996,,49,0.6838709677419355,0.6732283464566929,0.8385826771653543,0.3661417322834646,0.07086614173228346,,,,,,,2025-10-01,2027-10-01,,,,
concept:d19feca96639c7010204fbbe,Information Bottleneck theory for deep learning,2024-10-01,2024-10-01,2019-12-06,1761,2,2,1,0.6931471805599453,,True,0.0,-0.6931471805599453,0.6931471805599453,0.6931471805599453,0.6931471805599453,0.0,0.0,0.0,-1.3862943611198906,-0.13363062095621217,0.14285714285714285,0.041666666666666664,0.0,302,1,2,-0.0,0.6931471805599453,1,,,,,0,2,0,1,6,12,1.0,0.0,0.6931471805599453,1.791759469228055,0.16666666666666666,0.16666666666666666,-1.0,,0,0,0,0,0,0,0,2.0,0.5,1.0,1,0.0,0.0,0.0,0.4054651081081645,,1.0986122886681098,0,0,0,,,0,0,0,0,0,0,0,0,0,,0,0,0,0,,,,,,,,,,,,,,,True,,,,,,,,True,0,,True,,,,,0,,,,,,,False,,0.0,0.0,0.5,0.0,True,2,False,False,,True,False,,True,False,,True,False,,True,False,,True,1,1,0.07304517336419017,4,1,236,3,True,0.189617,0.18961651427261594,0.15936137851313426,0.20257041896416342,0.7727272727272727,0.110169,False,39,0,0.0012388211120409822,-0.00014855348881593657,0.0,0.0,39,0,0,2.4844290029350242,0.9103733799936875,0,2.261758028756305,5.764951294355066,,49,0.6838709677419355,0.28346456692913385,0.65748031496063,0.3661417322834646,0.5511811023622047,,,,,,,2025-10-01,2027-10-01,,,,
concept:127ae2d6f9c2f0d5270ff79a,Autonomous Agents for Chemistry,2025-01-01,2025-01-01,2023-08-22,498,2,3,1,0.0,,True,0.6931471805599453,0.6931471805599453,-0.40546510810816444,1.3862943611198906,0.0,0.0,0.0,0.0,1.791759469228055,0.629940788348712,0.2857142857142857,0.1111111111111111,0.5,23,1,2,-0.0,0.6931471805599453,1,,,,,0,1,1,3,4,16,1.0,0.0,-0.0,1.9459101490553132,0.14285714285714285,0.14285714285714285,0.0,1.0,0,0,0,0,0,0,0,3.0,1.0,,0,,,0.0,0.0,,1.3862943611198906,0,0,0,,,0,0,0,0,0,0,0,0,0,,0,0,0,0,,,,,,,,,,,,,,,True,,,,,,,,True,0,,True,,,,,0,,,,,,,False,,0.0,0.0,0.0,0.0,True,2,False,False,,True,False,,True,False,,True,False,,True,False,,True,1,1,0.17858696541315572,8,0,1346,0,True,0.207825,0.20731596693281518,0.194424822953989,0.21112298933441567,1.0063091482649842,0.141902,False,6,1,0.0009271174539038433,-2.972878090622274e-05,0.001815860978895819,0.001815860978895819,5,0,1,2.9482560524834773,0.5222222222222223,1,1.5396448274080383,6.603413054427776,,51,0.6709677419354838,0.2773722627737226,0.6605839416058394,0.8175182481751825,0.6131386861313869,,,,,,,2026-01-01,2028-01-01,,,,
concept:2a5378637b3716bca6e19d92,CPU,2025-01-01,2025-01-01,2023-03-01,672,2,2,1,0.0,,True,-0.6931471805599453,0.6931471805599453,0.0,1.0986122886681098,0.0,0.0,0.0,0.0,0.6931471805599453,-0.2519763153394848,0.14285714285714285,0.08695652173913043,0.0,100,1,1,-0.0,-0.0,1,,,,,0,2,1,2,5,11,1.0,0.0,0.6931471805599453,1.5607104090414063,0.2222222222222222,0.3333333333333333,-0.3333333333333333,,0,0,0,0,0,0,0,2.0,0.5,,0,,,0.0,0.0,,1.0986122886681098,0,0,0,,,0,0,0,0,0,0,0,0,0,,0,0,0,0,,,,,,,,,,,,,,,True,,,,,,,,True,0,,True,,,,,0,,,,,,,False,,0.0,0.0,0.5,0.0,True,2,False,False,,True,False,,True,False,,True,False,,True,False,,True,1,1,0.23804628387473534,3,0,1346,0,True,0.171093,0.17109343229820384,0.20532316942683515,0.20634142360227253,1.0063091482649842,0.141902,False,5,3,0.0004965506003098752,0.00016961420485806048,0.0021907887225346917,0.0021907887225346917,5,3,4,3.1898559917672507,0.7198559741444109,0,2.2962368923340004,4.58473060394107,,52,0.6645161290322581,0.2773722627737226,0.6605839416058394,0.8175182481751825,0.4635036496350365,,,,,,,2026-01-01,2028-01-01,,,,
concept:341e61d0baddcde5402fb3a4,Homomorphic Encryption,2025-01-01,2025-01-01,2017-01-01,2922,2,2,1,0.6931471805599453,,True,0.6931471805599453,0.6931471805599453,0.6931471805599453,0.6931471805599453,0.6931471805599453,0.0,0.0,0.0,0.6931471805599453,1.0,0.14285714285714285,0.041666666666666664,0.0,52,1,2,-0.0,0.6931471805599453,1,,,,,0,1,0,0,4,5,1.0,0.0,-0.0,-0.0,1.0,1.0,,,0,0,0,0,0,0,0,2.0,1.0,,0,,,0.0,0.0,,1.0986122886681098,0,0,0,,,0,0,0,0,0,0,0,0,0,,0,0,0,0,,,,,,,,,,,,,,,True,,,,,,,,True,0,,True,,,,,0,,,,,,,False,,0.0,0.0,0.0,0.0,True,2,False,False,,True,False,,True,False,,True,False,,True,False,,True,1,1,0.07304517336419017,1,1,130,3,True,0.149059,0.14905854720123546,0.150525623966129,0.1638448263005935,1.6,0.215385,False,3,1,0.00035574838505092796,2.8091906589637508e-05,0.00041456371684667654,0.00041456371684667654,3,1,1,2.793826101839206,0.6368400483690045,0,1.7792203498298673,5.809481484856335,,53,0.6580645161290323,0.2773722627737226,0.6605839416058394,0.36496350364963503,0.11678832116788321,,,,,,,2026-01-01,2028-01-01,,,,
concept:371b3ab6cac95a8dcf47fe3b,CRYSTALS-Kyber,2025-01-01,2025-01-01,2022-01-01,1096,4,5,3,1.3862943611198906,,True,1.3862943611198906,0.6931471805599453,1.6094379124341003,0.9162907318741551,1.3862943611198906,0.0,0.0,0.0,0.0,2.6726124191242437,0.2857142857142857,0.08333333333333333,0.0,39,1,4,-0.0,1.3862943611198906,1,,,,,0,4,0,7,8,13,1.0,0.0,1.3862943611198906,2.3025850929940455,0.10000000000000002,0.1,-1.0,,0,0,0,0,0,0,0,5.0,0.8,0.3333333333333333,1,0.0,0.3333333333333333,0.0,0.6931471805599453,,1.791759469228055,0,0,0,,,0,0,0,0,0,0,0,0,0,,0,0,0,0,,,,,,,,,,,,,,,True,,,,,,,,True,0,,True,,,,,0,,,,,,,False,,0.0,0.0,0.2,0.0,True,4,False,False,,True,False,,True,False,,True,False,,True,False,,True,1,1,0.0,10,2,9,3,False,0.026077,0.026077039489668774,0.10054530855566646,0.1110318559772375,1.4,0.222222,False,11,7,0.0010496019315338974,0.00038159112047581316,0.00012713750303307698,0.00012713750303307698,5,1,0,2.34107591470024,0.7613473424269295,13,1.7823719260767208,7.229129068921858,,49,0.6838709677419355,0.791970802919708,0.916058394160584,0.36496350364963503,0.5620437956204379,,,,,,,2026-01-01,2028-01-01,,,,
concept:40e1f81603cee51719c5d186,Persona in LLMs,2025-01-01,2025-01-01,2024-01-01,366,2,2,1,0.0,,True,0.6931471805599453,0.6931471805599453,0.0,1.0986122886681098,0.0,0.0,0.0,0.0,1.3862943611198906,0.8017837257372732,0.2857142857142857,0.15384615384615385,0.5,77,1,2,-0.0,0.6931471805599453,1,,,,,0,2,0,3,5,12,1.0,0.0,0.6931471805599453,1.9459101490553132,0.14285714285714285,0.14285714285714285,-1.0,,0,0,0,0,0,0,0,2.0,0.5,,0,,,0.0,0.0,,1.0986122886681098,0,0,0,,,0,0,0,0,0,0,0,0,0,,0,0,0,0,,,,,,,,,,,,,,,True,,,,,,,,True,0,,True,,,,,0,,,,,,,False,,0.0,0.0,0.5,0.0,True,2,False,False,,True,False,,True,False,,True,False,,True,False,,True,1,1,0.23804628387473534,3,1,266,3,True,0.164816,0.1648164108812672,0.18305323268633034,0.1957835933850221,0.7023809523809523,0.109023,False,3,1,0.0007458128578261732,-0.0002110333769838929,0.002725221280138135,0.002725221280138135,2,0,1,3.0703160767711823,0.38888888888888884,1,1.1940118076332373,7.402509699511986,,52,0.6645161290322581,0.2773722627737226,0.6605839416058394,0.36496350364963503,0.5182481751824818,,,,,,,2026-01-01,2028-01-01,,,,
concept:4183b13c8ec22d533472c92e,Falcon,2025-01-01,2025-01-01,2024-05-23,223,2,2,2,1.0986122886681098,,True,0.6931471805599453,0.0,1.0986122886681098,1.0986122886681098,1.0986122886681098,0.0,0.0,0.0,-0.6931471805599453,0.8017837257372732,0.2857142857142857,0.2222222222222222,0.0,39,1,2,-0.0,0.6931471805599453,1,,,,,0,2,0,3,6,5,1.0,,0.6931471805599453,1.791759469228055,0.16666666666666666,0.16666666666666666,-1.0,,0,0,0,0,0,0,0,2.0,0.5,0.0,0,0.0,0.0,0.0,0.6931471805599453,,1.0986122886681098,0,0,0,,,0,0,0,0,0,0,0,0,0,,0,0,0,0,,,,,,,,,,,,,,,True,,,,,,,,True,0,,True,,,,,0,,,,,,,False,,0.0,0.0,0.5,0.0,True,2,False,False,,True,False,,True,False,,True,False,,True,False,,True,1,1,0.0,11,1,130,3,True,0.125597,0.10594929426083988,0.08827530142151696,0.12084582493338085,1.6,0.215385,False,7,7,0.0006695400306336914,0.0006695400306336914,1.1438494355249254e-06,1.1438494355249254e-06,5,5,0,2.3210126650284058,0.6905838593245313,4,1.602853883756432,6.1223786950095525,,50,0.6774193548387097,0.2773722627737226,0.8102189781021898,0.36496350364963503,0.11678832116788321,,,,,,,2026-01-01,2028-01-01,,,,
concept:4358225f88cbee36e8201574,CRYSTALS-Dilithium,2025-01-01,2025-01-01,2024-05-23,223,3,3,3,1.3862943611198906,,True,1.0986122886681098,0.4054651081081644,1.3862943611198906,1.3862943611198906,1.3862943611198906,0.0,0.0,0.0,-0.2876820724517809,1.7371980724307585,0.2857142857142857,0.2222222222222222,0.0,39,1,3,-0.0,1.0986122886681096,1,,,,,0,2,0,3,8,10,1.0,,0.6931471805599453,1.791759469228055,0.16666666666666666,0.16666666666666666,-1.0,,0,0,0,0,0,0,0,3.0,0.6666666666666666,0.0,0,0.0,0.0,0.0,0.6931471805599453,,1.3862943611198906,0,0,0,,,0,0,0,0,0,0,0,0,0,,0,0,0,0,,,,,,,,,,,,,,,True,,,,,,,,True,0,,True,,,,,0,,,,,,,False,,0.0,0.0,0.3333333333333333,0.0,True,3,False,False,,True,False,,True,False,,True,False,,True,False,,True,1,1,0.0,13,1,130,3,True,0.112231,0.10594929426083988,0.11029397996368506,0.13412308602418385,1.6,0.215385,False,8,8,0.0007467355012965347,0.0007467355012965347,1.1438494355249254e-06,1.1438494355249254e-06,5,5,0,2.3940830182254045,0.7161281212358287,13,1.714470173924361,7.229129068921858,,50,0.6774193548387097,0.6532846715328468,0.916058394160584,0.36496350364963503,0.4197080291970803,,,,,,,2026-01-01,2028-01-01,,,,
concept:4415a5c7b65ca7848cbc7b86,Dilithium,2025-01-01,2025-01-01,2022-06-30,916,3,4,2,1.0986122886681098,,True,-1.3862943611198906,1.3862943611198906,1.3862943611198906,0.6931471805599453,1.0986122886681098,0.0,0.0,0.0,1.3862943611198906,-0.3585685828003181,0.14285714285714285,0.041666666666666664,0.0,93,1,3,-0.0,1.0986122886681096,1,,,,,0,2,0,2,4,6,1.0,0.0,0.6931471805599453,0.6931471805599453,0.5,0.5,-1.0,,0,0,0,0,0,0,0,4.0,1.0,,0,,,0.0,0.0,,1.6094379124341003,0,0,0,,,0,0,0,0,0,0,0,0,0,,0,0,0,0,,,,,,,,,,,,,,,True,,,,,,,,True,0,,True,,,,,0,,,,,,,False,,0.0,0.0,0.0,0.0,True,3,False,False,,True,False,,True,False,,True,False,,True,False,,True,1,1,0.0,4,1,130,3,True,0.163341,0.11223066903048773,0.13184072136163671,0.13906391298463494,1.6,0.215385,False,14,6,0.001291314748278054,0.0003764348706281058,0.0019305468956411248,0.0019305468956411248,8,0,1,2.4577811142801633,0.824945646831673,0,2.0275358310905194,5.212340599698563,,52,0.6645161290322581,0.6532846715328468,0.8102189781021898,0.36496350364963503,0.1678832116788321,,,,,,,2026-01-01,2028-01-01,,,,
concept:54ccbd508b1593e40257c2dd,Hash-based signatures,2025-01-01,2025-01-01,2024-03-07,300,2,3,2,1.0986122886681098,,True,-1.0986122886681098,0.4054651081081644,1.3862943611198906,1.3862943611198906,1.0986122886681098,0.0,0.0,0.0,-0.2876820724517809,-0.3585685828003181,0.2857142857142857,0.18181818181818182,0.0,126,1,2,-0.0,0.6931471805599453,1,,,,,0,2,0,5,5,9,1.0,,0.6931471805599453,1.6094379124341005,0.20000000000000004,0.2,-1.0,,0,0,0,0,0,0,0,3.0,0.6666666666666666,,0,,,0.0,0.0,,1.3862943611198906,0,0,0,,,0,0,0,0,0,0,0,0,0,,0,0,0,0,,,,,,,,,,,,,,,True,,,,,,,,True,0,,True,,,,,0,,,,,,,False,,0.0,0.0,0.3333333333333333,0.0,True,2,False,False,,True,False,,True,False,,True,False,,True,False,,True,1,1,0.0,12,1,130,3,True,0.046799,0.04679890300349432,0.09098053405122608,0.08465480236199056,1.6,0.215385,False,12,12,0.0010221544804084521,0.0010221544804084521,0.00019395737422499138,0.00019395737422499138,7,7,2,2.5934950628924596,0.7918584219124647,0,2.0536809077397913,4.856593515532735,,53,0.6580645161290323,0.2773722627737226,0.8102189781021898,0.36496350364963503,0.3613138686131387,,,,,,,2026-01-01,2028-01-01,,,,
concept:5af2e9623aea106ca0098446,FINMEM,2025-01-01,2025-01-01,2024-05-20,226,2,5,2,1.0986122886681098,,True,0.6931471805599453,-0.916290731874155,1.791759469228055,1.791759469228055,1.0986122886681098,0.0,0.0,0.0,-2.525728644308255,0.34188172937891387,0.2857142857142857,0.2222222222222222,0.0,0,1,1,-0.0,-0.0,1,,,,,0,1,0,3,6,22,1.0,,-0.0,1.0397207708399179,0.375,0.5,-1.0,,0,0,0,0,0,0,0,5.0,0.8,1.0,1,0.0,0.0,0.0,1.3862943611198904,,1.791759469228055,0,0,0,,,0,0,0,0,0,0,0,0,0,,0,0,0,0,,,,,,,,,,,,,,,True,,,,,,,,True,0,1,False,,1,,,0,,,,,,,False,,0.0,0.0,0.2,0.0,True,2,False,False,,True,False,,True,False,,True,False,,True,False,,True,1,1,0.0,10,0,1346,0,True,0.213563,0.15255420543493625,0.1992575050203228,0.19091133966330057,1.0063091482649842,0.141902,False,1,1,0.0002818061516253086,0.0002818061516253086,0.0,0.0,1,1,0,2.0794415416798357,0.0,0,0.0,6.919642766514755,,48,0.6903225806451613,0.2773722627737226,0.8102189781021898,0.36496350364963503,0.7445255474452555,,,,,,,2026-01-01,2028-01-01,,,,
concept:88ba8d886ab5484d609f7363,LLM-as-a-Judge,2025-01-01,2025-01-01,2024-09-06,117,2,5,2,1.0986122886681098,,True,0.9162907318741551,1.791759469228055,1.791759469228055,1.791759469228055,1.0986122886681098,0.0,0.0,0.0,1.791759469228055,3.608026765817729,0.2857142857142857,0.4,0.0,39,1,2,-0.0,0.6931471805599453,1,,,,,0,0,0,0,5,19,1.0,,,1.0986122886681096,0.3333333333333333,0.3333333333333333,,,0,0,0,0,0,0,0,5.0,0.8,1.0,1,0.0,0.0,0.0,1.7047480922384253,,1.791759469228055,0,0,0,,,0,0,0,0,0,0,0,0,0,,0,0,0,0,,,,,,,,,,,,,,,True,,,,,,,,True,0,,True,,,,,0,,,,,,,False,,0.0,0.0,0.2,0.0,True,2,False,False,,True,False,,True,False,,True,False,,True,False,,True,1,1,0.0,5,1,266,3,True,0.166508,0.1339410555530106,0.19031369797981212,0.1692259193812742,0.7023809523809523,0.109023,False,4,4,0.000979942396124187,0.000979942396124187,0.002725221280138135,0.002725221280138135,2,2,1,2.0075563074378375,0.49649234693877553,4,0.996736342691554,8.237231604185238,,52,0.6645161290322581,0.2773722627737226,0.8102189781021898,0.36496350364963503,0.6824817518248175,,,,,,,2026-01-01,2028-01-01,,,,
concept:9063b4ec5d1460cb32d1fa6e,LLM-based research ideation agent,2025-01-01,2025-01-01,2024-01-01,366,3,4,2,0.4054651081081644,,True,-0.40546510810816444,1.3862943611198906,0.6931471805599453,1.6094379124341003,0.4054651081081644,0.0,0.0,0.0,2.0794415416798357,0.47809144373375745,0.2857142857142857,0.23076923076923078,0.25,90,1,3,-0.0,1.0986122886681096,1,,,,,0,1,0,1,5,23,1.0,0.0,-0.0,1.3862943611198906,0.25,0.25,-1.0,,0,0,0,0,0,1,0,4.0,0.75,1.0,1,0.0,0.0,0.0,0.0,,1.6094379124341003,0,0,0,,,0,0,0,0,0,0,0,0,0,,0,0,0,0,,,,,,,,,,,,,,,True,,,,,,,,True,0,,True,,,,,0,,,,,,,False,,0.0,0.0,0.25,0.0,True,3,False,False,,True,False,,True,False,,True,False,,True,False,,True,1,1,0.10700924479478903,3,0,1346,0,True,0.065516,0.06551644166501003,0.2001841542475591,0.09941712442392639,1.0063091482649842,0.141902,False,7,7,0.0013102869931089956,0.0011667600578874856,0.005427565571565771,0.005427565571565771,5,5,1,2.172279987989589,0.6247562358276644,5,1.3571454684601396,7.8272510358203835,1.0,48,0.6903225806451613,0.6532846715328468,0.8102189781021898,0.36496350364963503,0.7664233576642335,,,,,,,2026-01-01,2028-01-01,,,,
concept:962d0b0339b9ceb2075b5386,ECDSA,2025-01-01,2025-01-01,2024-03-31,276,2,2,2,1.0986122886681098,,True,0.0,-1.0986122886681098,1.0986122886681098,1.0986122886681098,1.0986122886681098,0.0,0.0,0.0,-2.1972245773362196,-0.2519763153394848,0.14285714285714285,0.18181818181818182,0.0,223,1,2,-0.0,0.6931471805599453,1,,,,,0,2,0,2,3,6,1.0,,0.6931471805599453,1.0986122886681096,0.3333333333333333,0.3333333333333333,-1.0,,0,0,0,0,0,0,0,2.0,0.5,,0,,,0.0,0.0,,1.0986122886681098,0,0,0,,,0,0,0,0,0,0,0,0,0,,0,0,0,0,,,,,,,,,,,,,,,True,,,,,,,,True,0,,True,,,,,0,,,,,,,False,,0.0,0.0,0.5,0.0,True,2,False,False,,True,False,,True,False,,True,False,,True,False,,True,1,1,0.0,7,0,1346,0,True,0.088187,0.08818707720323438,0.21947592020790663,0.10957761671272495,1.0063091482649842,0.141902,False,6,6,0.00062156368083342,0.00062156368083342,1.8825855293014398e-05,1.8825855293014398e-05,5,5,0,2.3434991445631224,0.681461496389627,0,1.5970044338417964,4.350918259170385,,53,0.6580645161290323,0.2773722627737226,0.8102189781021898,0.36496350364963503,0.1678832116788321,,,,,,,2026-01-01,2028-01-01,,,,
concept:99721a9ddf5b3f2196d6ec63,TPU — Tensor Processing Unit,2025-01-01,2025-01-01,2016-05-27,3141,2,3,1,0.6931471805599453,,True,0.0,-0.6931471805599453,0.6931471805599453,0.6931471805599453,0.6931471805599453,0.0,0.0,0.0,-1.3862943611198906,-0.13363062095621217,0.14285714285714285,0.041666666666666664,0.5,252,1,2,-0.0,0.6931471805599453,1,,,,,0,2,1,3,7,31,1.0,0.0,0.6365141682948128,2.0794415416798357,0.125,0.125,0.0,,0,0,0,0,0,0,0,3.0,0.6666666666666666,,0,,,0.0,0.0,,1.3862943611198906,0,0,0,,,0,0,0,0,0,0,0,0,0,,0,0,0,0,,,,,,,,,,,,,,,True,,,,,,,,True,0,,True,,,,,0,,,,,,,False,,0.0,0.0,0.3333333333333333,0.0,True,2,False,False,,True,False,,True,False,,True,False,,True,False,,True,1,1,0.09217274646050577,7,0,1346,0,True,0.101715,0.10171476812819402,0.17177584007099478,0.1306886064877822,1.0063091482649842,0.141902,False,19,6,0.0013440612044553935,0.00040143720133707054,0.00026826376790524756,0.00026826376790524756,13,0,1,1.977856741425326,0.8223865524714375,0,1.6265627868631654,5.390003537147363,,52,0.6645161290322581,0.2773722627737226,0.6605839416058394,0.8175182481751825,0.8576642335766423,,,,,,,2026-01-01,2028-01-01,,,,
concept:a427effe60c1fb8c0e6a2a01,Quantum annealers,2025-01-01,2025-01-01,2017-09-01,2679,2,2,1,0.6931471805599453,,True,0.6931471805599453,0.6931471805599453,0.6931471805599453,0.6931471805599453,0.6931471805599453,0.0,0.0,0.0,0.6931471805599453,1.0,0.14285714285714285,0.041666666666666664,0.0,0,1,2,-0.0,0.6931471805599453,1,,,,,0,6,1,5,4,7,1.0,0.0,1.791759469228055,2.564949357461537,0.07692307692307693,0.07692307692307693,-0.3333333333333333,,0,0,0,0,1,0,0,2.0,0.5,1.0,1,0.0,0.0,0.0,0.0,,1.0986122886681098,0,0,0,,,0,0,0,0,0,0,0,0,0,,0,0,0,0,,,,,,,,,,,,,,,True,,,,,,,,True,0,,True,,,,,0,,,,,,,False,,0.5,0.0,0.5,0.0,True,2,False,False,,True,False,,True,False,,True,False,,True,False,,True,1,1,0.07304517336419017,5,0,1346,0,True,0.146723,0.1467233666506058,0.19995016401210686,0.15221769142880998,1.0063091482649842,0.141902,False,28,14,0.0017616825451062018,0.0007145505337369472,0.015527756087250863,0.015527756087250863,14,0,1,2.0914210849089834,0.8787299497068722,3,1.8377943447579632,6.5917530766773025,,49,0.6838709677419355,0.2773722627737226,0.6605839416058394,0.8175182481751825,0.24817518248175183,,,,,,,2026-01-01,2028-01-01,,,,
concept:127ae2d6f9c2f0d5270ff79a,Autonomous Agents for Chemistry,2025-04-01,2025-04-01,2023-08-22,588,2,3,1,0.0,,True,-0.6931471805599453,0.6931471805599453,-0.40546510810816444,1.3862943611198906,0.0,0.0,0.0,0.0,0.6931471805599453,-0.3585685828003181,0.2857142857142857,0.09523809523809523,0.5,113,1,2,-0.0,0.6931471805599453,1,,,,,0,1,1,3,4,16,1.0,0.0,-0.0,1.9459101490553132,0.14285714285714285,0.14285714285714285,0.0,1.0,0,0,0,0,0,0,0,3.0,1.0,,0,,,0.0,0.0,,1.3862943611198906,0,0,0,,,0,0,0,0,0,0,0,0,0,,0,0,0,0,,,,,,,,,,,,,,,True,,,,,,,,True,0,,True,,,,,0,,,,,,,False,,0.0,0.0,0.0,0.0,True,2,False,False,,True,False,,True,False,,True,False,,True,False,,True,1,1,0.17858696541315572,8,2,6,3,False,0.207825,0.18423962983720132,0.15050618848404718,0.1963598871045939,0.4,0.166667,False,6,1,0.0008863472035559705,-2.8105724979533278e-05,0.003859743246169506,0.003859743246169506,5,0,1,2.9482560524834773,0.5222222222222223,1,1.5396448274080383,6.6417966865291405,,51,0.6709677419354838,0.28807947019867547,0.652317880794702,0.8211920529801324,0.6258278145695364,,,,,,,2026-04-01,2028-04-01,,,,
concept:341e61d0baddcde5402fb3a4,Homomorphic Encryption,2025-04-01,2025-04-01,2017-01-01,3012,3,3,2,1.0986122886681098,,True,0.0,1.0986122886681098,1.0986122886681098,1.0986122886681098,1.0986122886681098,0.0,0.0,0.0,1.0986122886681098,0.8017837257372732,0.14285714285714285,0.08333333333333333,0.0,13,1,3,-0.0,1.0986122886681096,1,,,,,0,3,0,3,6,10,1.0,0.0,1.0986122886681096,1.3862943611198906,0.25,0.25,-1.0,,0,0,0,0,0,0,0,3.0,1.0,,0,,,0.0,0.0,,1.3862943611198906,0,0,0,,,0,0,0,0,0,0,0,0,0,,0,0,0,0,,,,,,,,,,,,,,,True,,,,,,,,True,0,,True,,,,,0,,,,,,,False,,0.0,0.0,0.0,0.0,True,3,False,False,,True,False,,True,False,,True,False,,True,False,,True,1,1,0.0,8,1,356,3,True,0.149059,0.14905854720123546,0.18531410272132565,0.1638448263005935,1.3655913978494623,0.11236,False,5,3,0.0003834726297336973,6.85743049138476e-05,0.011719485694269787,0.011719485694269787,5,3,3,2.9433594833317245,0.7797334709503664,0,2.2950359061929224,6.079343744317544,,52,0.6645161290322581,0.6655629139072847,0.8079470198675497,0.36423841059602646,0.45364238410596025,,,,,,,2026-04-01,2028-04-01,,,,
concept:40e1f81603cee51719c5d186,Persona in LLMs,2025-04-01,2025-04-01,2024-01-01,456,2,2,1,0.0,,True,-0.6931471805599453,0.6931471805599453,0.0,1.0986122886681098,0.0,0.0,0.0,0.0,1.3862943611198906,-0.2519763153394848,0.2857142857142857,0.125,0.5,167,1,2,-0.0,0.6931471805599453,1,,,,,0,2,0,3,5,12,1.0,0.0,0.6931471805599453,1.9459101490553132,0.14285714285714285,0.14285714285714285,-1.0,,0,0,0,0,0,0,0,2.0,0.5,,0,,,0.0,0.0,,1.0986122886681098,0,0,0,,,0,0,0,0,0,0,0,0,0,,0,0,0,0,,,,,,,,,,,,,,,True,,,,,,,,True,0,,True,,,,,0,,,,,,,False,,0.0,0.0,0.5,0.0,True,2,False,False,,True,False,,True,False,,True,False,,True,False,,True,1,1,0.23804628387473534,3,0,1407,0,True,0.164816,0.1648164108812672,0.22030188909880288,0.1950998922183323,1.157377049180328,0.144279,False,3,1,0.0007130007591719785,-0.00020145216936352513,0.0007221631587446843,0.0007221631587446843,2,0,1,3.0703160767711823,0.38888888888888884,1,1.1940118076332373,7.433994044464657,,52,0.6645161290322581,0.28807947019867547,0.652317880794702,0.36423841059602646,0.5397350993377483,,,,,,,2026-04-01,2028-04-01,,,,
concept:4183b13c8ec22d533472c92e,Falcon,2025-04-01,2025-04-01,2024-05-23,313,3,3,3,1.3862943611198906,,True,0.0,0.4054651081081644,1.3862943611198906,1.3862943611198906,1.3862943611198906,0.0,0.0,0.0,-0.2876820724517809,0.629940788348712,0.2857142857142857,0.25,0.0,0,1,3,-0.0,1.0986122886681096,1,,,,,0,2,0,3,7,6,1.0,,0.6931471805599453,1.791759469228055,0.16666666666666666,0.16666666666666666,-1.0,,0,0,0,0,1,0,0,3.0,0.6666666666666666,0.5,1,0.0,0.0,0.0,0.4054651081081645,,1.3862943611198906,0,0,0,,,0,0,0,0,0,0,0,0,0,,0,0,0,0,,,,,,,,,,,,,,,True,,,,,,,,True,0,,True,,,,,0,,,,,,,False,,0.0,0.0,0.3333333333333333,0.0,True,3,False,False,,True,False,,True,False,,True,False,,True,False,,True,1,1,0.0,13,1,356,3,True,0.11181,0.10594929426083988,0.14362011768843042,0.12084582493338085,1.3655913978494623,0.11236,False,16,16,0.0012667186278926222,0.0012667186278926222,0.00016519907044568375,0.00016519907044568375,9,9,1,2.297444332491048,0.8145230780932382,3,1.8713214294484735,5.797770121900627,,50,0.6774193548387097,0.6655629139072847,0.9105960264900662,0.36423841059602646,0.18211920529801323,,,,,,,2026-04-01,2028-04-01,,,,
concept:4358225f88cbee36e8201574,CRYSTALS-Dilithium,2025-04-01,2025-04-01,2024-05-23,313,3,3,3,1.3862943611198906,,True,-1.0986122886681098,0.4054651081081644,1.3862943611198906,1.3862943611198906,1.3862943611198906,0.0,0.0,0.0,-0.2876820724517809,-0.3585685828003181,0.2857142857142857,0.16666666666666666,0.0,129,1,3,-0.0,1.0986122886681096,1,,,,,0,2,0,3,8,10,1.0,,0.6931471805599453,1.791759469228055,0.16666666666666666,0.16666666666666666,-1.0,,0,0,0,0,0,0,0,3.0,0.6666666666666666,0.0,0,0.0,0.0,0.0,0.6931471805599453,,1.3862943611198906,0,0,0,,,0,0,0,0,0,0,0,0,0,,0,0,0,0,,,,,,,,,,,,,,,True,,,,,,,,True,0,,True,,,,,0,,,,,,,False,,0.0,0.0,0.3333333333333333,0.0,True,3,False,False,,True,False,,True,False,,True,False,,True,False,,True,1,1,0.0,13,1,356,3,True,0.112231,0.10594929426083988,0.14062616982251586,0.13412308602418385,1.3655913978494623,0.11236,False,8,8,0.0006628127022969013,0.0006628127022969013,2.60721020514717e-06,2.60721020514717e-06,6,6,1,2.4927632434040743,0.7597182974448575,11,1.8937978472120642,7.169798855039078,,50,0.6774193548387097,0.6655629139072847,0.9105960264900662,0.36423841059602646,0.45364238410596025,,,,,,,2026-04-01,2028-04-01,,,,
concept:5af2e9623aea106ca0098446,FINMEM,2025-04-01,2025-04-01,2024-05-20,316,2,5,2,1.0986122886681098,,True,-0.6931471805599453,-0.916290731874155,1.791759469228055,1.791759469228055,1.0986122886681098,0.0,0.0,0.0,-2.525728644308255,-0.5455447255899809,0.2857142857142857,0.16666666666666666,0.0,90,1,1,-0.0,-0.0,1,,,,,0,1,0,3,6,22,1.0,,-0.0,1.0397207708399179,0.375,0.5,-1.0,,0,0,0,0,0,0,0,5.0,0.8,1.0,1,0.0,0.0,0.0,1.3862943611198904,,1.791759469228055,0,0,0,,,0,0,0,0,0,0,0,0,0,,0,0,0,0,,,,,,,,,,,,,,,True,,,,,,,,True,0,1,False,,1,,,0,,,,,,,False,,0.0,0.0,0.2,0.0,True,2,False,False,,True,False,,True,False,,True,False,,True,False,,True,1,1,0.0,10,1,62,3,True,0.213563,0.15255420543493625,0.15123172293641818,0.1710625211785277,0.7368421052631579,0.193548,False,1,1,0.0002637998252896527,0.0002637998252896527,0.0,0.0,1,1,0,2.0794415416798357,0.0,0,0.0,6.913672079638433,,48,0.6903225806451613,0.28807947019867547,0.8079470198675497,0.36423841059602646,0.7384105960264901,,,,,,,2026-04-01,2028-04-01,,,,
concept:88ba8d886ab5484d609f7363,LLM-as-a-Judge,2025-04-01,2025-04-01,2024-09-06,207,2,5,2,1.0986122886681098,,True,-1.6094379124341003,0.9162907318741551,1.791759469228055,1.791759469228055,1.0986122886681098,0.0,0.0,0.0,0.22314355131420982,-0.5455447255899809,0.2857142857142857,0.25,0.0,129,1,2,-0.0,0.6931471805599453,1,,,,,0,0,0,0,5,19,1.0,,,1.0986122886681096,0.3333333333333333,0.3333333333333333,,,0,0,0,0,0,0,0,5.0,0.8,1.0,1,0.0,0.0,0.0,1.7047480922384253,,1.791759469228055,0,0,0,,,0,0,0,0,0,0,0,0,0,,0,0,0,0,,,,,,,,,,,,,,,True,,,,,,,,True,0,,True,,,,,0,,,,,,,False,,0.0,0.0,0.2,0.0,True,2,False,False,,True,False,,True,False,,True,False,,True,False,,True,1,1,0.0,5,0,1407,0,True,0.166508,0.1339410555530106,0.23577058444881627,0.16835003579971144,1.157377049180328,0.144279,False,4,4,0.0009382509575529567,0.0009382509575529567,0.0007221631587446843,0.0007221631587446843,2,2,1,2.3131536787336344,0.4990234375,4,1.1543179002274289,8.275598749147248,,52,0.6645161290322581,0.28807947019867547,0.8079470198675497,0.36423841059602646,0.695364238410596,,,,,,,2026-04-01,2028-04-01,,,,
concept:a427effe60c1fb8c0e6a2a01,Quantum annealers,2025-04-01,2025-04-01,2017-09-01,2769,2,2,1,0.6931471805599453,,True,-0.6931471805599453,0.6931471805599453,0.6931471805599453,0.6931471805599453,0.6931471805599453,0.0,0.0,0.0,0.6931471805599453,-0.13363062095621217,0.14285714285714285,0.041666666666666664,0.0,90,1,2,-0.0,0.6931471805599453,1,,,,,0,6,1,5,4,7,1.0,0.0,1.791759469228055,2.564949357461537,0.07692307692307693,0.07692307692307693,-0.3333333333333333,,0,0,0,0,1,0,0,2.0,0.5,1.0,1,0.0,0.0,0.0,0.0,,1.0986122886681098,0,0,0,,,0,0,0,0,0,0,0,0,0,,0,0,0,0,,,,,,,,,,,,,,,True,,,,,,,,True,0,,True,,,,,0,,,,,,,False,,0.5,0.0,0.5,0.0,True,2,False,False,,True,False,,True,False,,True,False,,True,False,,True,1,1,0.07304517336419017,5,0,1407,0,True,0.146723,0.1467233666506058,0.1991505651849632,0.15167605345625285,1.157377049180328,0.144279,False,28,14,0.0016482956374364395,0.0006475570657369218,0.009207274495276852,0.009207274495276852,14,0,1,2.1248483767467015,0.8794011267526064,3,1.868594056689496,6.586223189547,,49,0.6838709677419355,0.28807947019867547,0.652317880794702,0.8211920529801324,0.26490066225165565,,,,,,,2026-04-01,2028-04-01,,,,
concept:00c31db56a96cb8b36d34461,Isogeny-based cryptography,2025-07-01,2025-07-01,2023-02-20,862,2,2,0,0.0,,True,0.0,0.0,0.0,-1.0986122886681098,0.0,0.0,0.0,0.0,0.0,0.0,0.0,0.0,1.0,739,1,2,-0.0,0.6931471805599453,0,,,,,0,1,0,3,5,7,,0.0,-0.0,1.0986122886681096,0.3333333333333333,0.3333333333333333,-1.0,,0,0,0,0,0,0,0,2.0,0.5,,0,,,0.0,0.0,,1.0986122886681098,0,0,0,,,0,0,0,0,0,0,0,0,0,,0,0,0,0,,,,,,,,,,,,,,,True,,,,,,,,True,0,,True,,,,,0,,,,,,,False,,0.0,0.0,0.5,0.0,True,2,False,False,,True,False,,True,False,,True,False,,True,False,,True,1,1,0.23804628387473534,0,3,8,1,False,0.0795,0.07950029299713945,0.07650409499561484,0.09004916979035107,0.75,0.125,False,7,0,0.0005744499847625834,-0.000200954379353654,1.3250496646915621e-06,1.3250496646915621e-06,5,0,1,2.2754037032040464,0.6835185102452346,0,1.5552805494205197,4.841889880394951,,53,0.6580645161290323,0.296875,0.271875,0.3625,0.278125,,,,,,,2026-07-01,2028-07-01,,,,
concept:02af927ef2577c8ef95f6bed,TFLite Format,2025-07-01,2025-07-01,2020-10-21,1714,2,2,0,0.0,,True,0.0,0.0,0.0,-0.6931471805599453,0.0,0.0,0.0,0.0,0.0,0.0,0.0,0.0,1.0,1369,1,2,-0.0,0.6931471805599453,0,,,,,0,2,0,2,5,13,,0.0,0.6931471805599453,0.6931471805599453,0.5,0.5,-1.0,,0,0,0,0,0,0,0,2.0,0.5,,0,,,0.0,0.0,,1.0986122886681098,0,0,0,,,0,0,0,0,0,0,0,0,0,,0,0,0,0,,,,,,,,,,,,,,,True,,,,,,,,True,0,,True,,,,,0,,,,,,,False,,0.0,0.0,0.5,0.0,True,2,False,False,,True,False,,True,False,,True,False,,True,False,,True,1,1,0.23804628387473534,0,0,1453,0,True,0.155193,0.15519251516379995,0.2253934505932006,0.187033173114241,1.3355481727574752,0.15554,False,5,0,0.0008544303651789574,-0.00015556863443687524,0.00034716301214918926,-0.001961499823568102,4,0,0,1.7500112942329407,0.5136224489795918,0,0.8988450866858679,4.505204727629066,,53,0.6580645161290323,0.296875,0.271875,0.3625,0.584375,,,,,,,2026-07-01,2028-07-01,,,,
concept:035e4ee3e6c3d40ec3ab81c1,digital tokens,2025-07-01,2025-07-01,2021-02-08,1604,3,4,0,0.0,,True,0.0,0.0,0.0,-0.6931471805599453,0.0,0.0,0.0,0.0,0.0,0.0,0.0,0.0,1.0,731,1,3,-0.0,1.0986122886681096,0,,,,,0,1,0,1,5,6,,0.0,-0.0,1.3862943611198906,0.25,0.25,-1.0,,0,0,0,0,0,0,0,4.0,0.75,1.0,1,0.0,0.0,0.0,0.0,,1.6094379124341003,0,0,0,,,0,0,0,0,0,0,0,0,0,,0,0,0,0,,,,,,,,,,,,,,,True,,,,,,,,True,0,,True,,,,,0,,,,,,,False,,0.0,0.0,0.25,0.0,True,3,False,False,,True,False,,True,False,,True,False,,True,False,,True,1,1,0.34873150258179014,0,1,389,3,True,0.121727,0.1217271124837842,0.16117714609639977,0.1346593559491968,1.5576923076923077,0.136247,False,15,0,0.0010868434710303073,-0.00020339385612191344,0.0003498131114785724,-7.620879579083289e-05,14,0,0,2.547550202312378,0.7807270733224039,0,1.9889414135932408,5.964885040466372,,50,0.6774193548387097,0.671875,0.271875,0.3625,0.196875,,,,,,,2026-07-01,2028-07-01,,,,
concept:03fa31a739e5ec637ffcf961,Blockchain Smart Contracts,2025-07-01,2025-07-01,2021-04-18,1535,4,4,1,0.6931471805599453,,True,0.0,-0.6931471805599453,0.6931471805599453,-0.40546510810816444,0.6931471805599453,0.0,0.0,0.0,-1.3862943611198906,-0.13363062095621217,0.14285714285714285,0.041666666666666664,0.6666666666666667,290,1,4,-0.0,1.3862943611198906,1,,,,,0,6,0,13,8,18,1.0,0.0,1.791759469228055,3.044522437723423,0.04761904761904761,0.047619047619047616,-1.0,,0,0,0,0,0,0,0,4.0,0.75,1.0,4,0.0,0.0,0.0,0.8754687373539001,,1.6094379124341003,0,0,0,,,0,0,0,0,0,0,0,0,0,,0,0,0,0,,,,,,,,,,,,,,,True,,,,,,,,True,0,,True,,,,,0,,,,,,,False,,0.0,0.0,0.25,0.0,True,4,False,False,,True,False,,True,False,,True,False,,True,False,,True,1,1,0.10700924479478903,5,1,389,3,True,0.076342,0.07634242517866574,0.12203063011918247,0.08917620548997904,1.5576923076923077,0.136247,False,4,3,0.00107964991997272,0.00018129839502100645,2.6500993293831243e-06,2.6500993293831243e-06,3,2,0,1.5292482930376914,0.41666666666666674,0,0.6371867887657049,6.177870743528847,,49,0.6838709677419355,0.7875,0.65625,0.3625,0.66875,,,,,,,2026-07-01,2028-07-01,,,,
concept:04b7a6edd052154d7891cd68,Blockchain-based governance systems,2025-07-01,2025-07-01,2020-03-20,1929,2,2,0,0.0,,True,0.0,0.0,0.0,0.0,0.0,0.0,0.0,0.0,0.0,0.0,0.0,0.0,1.0,1852,1,2,-0.0,0.6931471805599453,0,,,,,0,2,0,5,4,3,,0.0,0.6931471805599453,1.9459101490553132,0.14285714285714285,0.14285714285714285,-1.0,,0,0,0,0,0,0,0,2.0,0.5,1.0,1,0.3333333333333333,0.0,0.0,0.6931471805599453,,1.0986122886681098,0,0,0,,,0,0,0,0,0,0,0,0,0,,0,0,0,0,,,,,,,,,,,,,,,True,,,,,,,,True,0,,True,,,,,0,,,,,,,False,,0.0,0.0,0.5,0.0,True,2,False,False,,True,False,,True,False,,True,False,,True,False,,True,1,1,0.23804628387473534,0,1,389,3,True,0.076769,0.07676852449223814,0.11027811406464061,0.08570413405804993,1.5576923076923077,0.136247,False,12,0,0.0010362788095814222,-0.00026067685262065533,0.0003674862889521513,-0.0029543958458678986,6,0,1,2.6290445479910276,0.784353153981532,0,2.0620993831747136,5.303957230815494,,50,0.6774193548387097,0.296875,0.271875,0.3625,0.078125,,,,,,,2026-07-01,2028-07-01,,,,
concept:0aeb4c903d44b57fc5daaec8,Permissionless blockchains,2025-07-01,2025-07-01,2020-06-05,1852,2,2,0,0.0,,True,0.0,0.0,0.0,0.0,0.0,0.0,0.0,0.0,0.0,0.0,0.0,0.0,1.0,1604,1,2,-0.0,0.6931471805599453,0,,,,,0,1,0,2,4,4,,0.0,-0.0,1.0986122886681096,0.3333333333333333,0.3333333333333333,-1.0,,0,0,0,0,0,0,0,2.0,0.5,,0,,,0.0,0.0,,1.0986122886681098,0,0,0,,,0,0,0,0,0,0,0,0,0,,0,0,0,0,,,,,,,,,,,,,,,True,,,,,,,,True,0,,True,,,,,0,,,,,,,False,,0.0,0.0,0.5,0.0,True,2,False,False,,True,False,,True,False,,True,False,,True,False,,True,1,1,0.23804628387473534,0,1,389,3,True,0.092775,0.09277454658435247,0.13188196549935216,0.10864635742810133,1.5576923076923077,0.136247,False,19,0,0.001335067049610719,-0.00025921914429716535,5.410619464157211e-05,-2.540100626479933e-06,14,0,0,2.502734149588643,0.8197584028994793,0,2.0516373493487725,5.303957230815494,,53,0.6580645161290323,0.296875,0.271875,0.3625,0.103125,,,,,,,2026-07-01,2028-07-01,,,,
concept:0b277c1a3496f770a45047b7,Smart contracts,2025-07-01,2025-07-01,2017-06-16,2937,29,38,1,0.0,,True,-0.6931471805599453,0.6931471805599453,0.0,-1.2039728043259361,0.0,0.0,0.0,0.0,1.3862943611198906,-0.2519763153394848,0.2857142857142857,0.08333333333333333,0.8888888888888888,178,1,25,-0.0,3.158039775219436,1,,,,,0,24,0,55,22,101,1.0,0.0,2.976092776296602,4.27890849863518,0.014464168310322155,0.038461538461538464,-1.0,,0,0,0,0,0,0,0,38.0,0.9736842105263158,0.9,3,0.0,0.0,0.0,1.01160091167848,,3.6635616461296463,0,0,0,,,0,0,0,0,0,0,0,0,0,,0,0,0,0,,,,,,,,,,,,,,,True,,,,,,,,True,0,1,False,,0,,,0,,,,,,,False,,0.0,0.0,0.02631578947368421,0.0,True,29,False,False,,True,False,,True,False,,True,False,,True,False,,True,1,1,0.7938171132824736,9,1,389,3,True,0.044113,0.0441133114819261,0.13628992724756017,0.0744390115387787,1.5576923076923077,0.136247,False,70,0,0.006384726046297311,-0.0012240527444574859,0.060743947807311495,-0.02436574426140476,14,0,2,2.2578147810279887,0.95658447026634,15,2.159790556269171,7.583826632498726,,47,0.6967741935483871,0.984375,0.65625,0.3625,0.959375,,,,,,,2026-07-01,2028-07-01,,,,
concept:0d7232702532f8b6d41de997,Bitcoin,2025-07-01,2025-07-01,2015-05-01,3714,21,26,4,0.5108256237659907,,True,-0.40546510810816444,0.6931471805599453,0.5108256237659907,0.5596157879354227,0.5108256237659907,0.0,0.0,0.0,0.6931471805599453,0.21821789023599236,0.42857142857142855,0.25,0.33333333333333337,41,1,21,-0.0,3.044522437723423,1,,,,,0,20,2,40,15,65,1.0,0.0,2.9206870268936407,3.951243718581427,0.019230769230769232,0.019230769230769232,-0.7333333333333333,,0,0,0,0,0,0,0,26.0,0.9615384615384616,,0,,,0.0,0.0,,3.295836866004329,0,0,0,,,0,0,0,0,0,0,0,0,0,,0,0,0,0,,,,,,,,,,,,,,,True,,,,,,,,True,0,,True,,,,,0,,,,,,,False,,0.0,0.0,0.038461538461538464,0.0,True,21,False,False,,True,False,,True,False,,True,False,,True,False,,True,1,1,0.34933842728774267,15,1,389,3,True,0.077696,0.07769583823888815,0.1527795510027381,0.11065857517511091,1.5576923076923077,0.136247,False,48,9,0.003385667771973019,0.0002687812034613897,0.01871026843976579,-0.0009316893006893513,20,0,2,2.428805000782346,0.9346052762432198,6,2.269973968697098,7.042494982416041,,52,0.6645161290322581,0.96875,0.928125,0.940625,0.928125,,,,,,,2026-07-01,2028-07-01,,,,
concept:106fa46d38b22d2405a73883,permissioned blockchains,2025-07-01,2025-07-01,2019-02-19,2324,3,3,0,0.0,,True,0.0,0.0,0.0,-0.6931471805599453,0.0,0.0,0.0,0.0,0.0,0.0,0.0,0.0,1.0,1202,1,3,-0.0,1.0986122886681096,0,,,,,0,5,0,8,6,7,,0.0,1.6094379124341005,2.3978952727983707,0.09090909090909091,0.09090909090909091,-1.0,,0,0,0,0,0,0,0,3.0,0.6666666666666666,1.0,1,0.0,0.0,0.0,0.0,,1.3862943611198906,0,0,0,,,0,0,0,0,0,0,0,0,0,,0,0,0,0,,,,,,,,,,,,,,,True,,,,,,,,True,0,,True,,,,,0,,,,,,,False,,0.0,0.0,0.3333333333333333,0.0,True,3,False,False,,True,False,,True,False,,True,False,,True,False,,True,1,1,0.3003809664473759,0,1,389,3,True,0.015191,0.015191107108913138,0.1162657017954033,0.06890290875938672,1.5576923076923077,0.136247,False,7,0,0.0006704215639990697,-0.0001339628318148484,0.0005822644506526792,-0.0015237024424392576,6,0,0,2.6929718853745332,0.6694628635934371,0,1.8028446699594523,6.53353807298291,,50,0.6774193548387097,0.671875,0.271875,0.3625,0.278125,,,,,,,2026-07-01,2028-07-01,,,,
concept:127ae2d6f9c2f0d5270ff79a,Autonomous Agents for Chemistry,2025-07-01,2025-07-01,2023-08-22,679,2,3,1,0.0,,True,0.0,-0.6931471805599453,-0.40546510810816444,1.3862943611198906,0.0,0.0,0.0,0.0,-1.3862943611198906,-0.3585685828003181,0.14285714285714285,0.08333333333333333,0.5,204,1,2,-0.0,0.6931471805599453,1,,,,,0,1,1,3,4,16,1.0,0.0,-0.0,1.9459101490553132,0.14285714285714285,0.14285714285714285,0.0,1.0,0,0,0,0,0,0,0,3.0,1.0,,0,,,0.0,0.0,,1.3862943611198906,0,0,0,,,0,0,0,0,0,0,0,0,0,,0,0,0,0,,,,,,,,,,,,,,,True,,,,,,,,True,0,,True,,,,,0,,,,,,,False,,0.0,0.0,0.0,0.0,True,2,False,False,,True,False,,True,False,,True,False,,True,False,,True,1,1,0.17858696541315572,8,0,1453,0,True,0.207825,0.18423962983720132,0.1933631908875889,0.1963598871045939,1.3355481727574752,0.15554,False,6,1,0.0008649906518942666,-3.336087305744694e-05,0.0038426440276055304,0.0038426440276055304,5,0,1,3.170733112515925,0.5222222222222223,1,1.6558272920916497,6.681465845931768,,51,0.6709677419354838,0.296875,0.65625,0.821875,0.63125,,,,,,,2026-07-01,2028-07-01,,,,
concept:1332c6cf742f698f0ffce355,LLM-based agents,2025-07-01,2025-07-01,2024-01-01,547,5,7,3,0.28768207245178085,,True,0.0,-1.3862943611198906,-0.2231435513142097,2.0794415416798357,0.28768207245178085,0.0,0.0,0.0,-1.3862943611198906,-0.7071067811865475,0.42857142857142855,0.21052631578947367,0.5,181,1,5,-0.0,1.6094379124341005,1,,,,,0,2,1,6,8,69,1.0,0.0,0.6931471805599453,2.0794415416798357,0.125,0.125,-0.5,,0,0,0,0,0,0,0,7.0,0.7142857142857143,1.0,2,0.0,0.0,0.0,1.0986122886681098,,2.0794415416798357,0,0,0,,,0,0,0,0,0,0,0,0,0,,0,0,0,0,,,,,,,,,,,,,,,True,,,,,,,,True,0,,True,,,,,0,,,,,,,False,,0.0,0.0,0.2857142857142857,0.0,True,5,False,False,,True,False,,True,False,,True,False,,True,False,,True,1,1,0.35002933627067095,10,2,9,3,False,0.065516,0.06551644166501003,0.05470473661163178,0.08907666739200973,2.0,0.444444,False,12,7,0.0020116818963527095,0.0009298897141153165,0.017156743058426346,0.016304699243887534,5,2,2,3.263870409769982,0.8133937121915955,2,2.65481166871511,7.094214091347236,,49,0.6838709677419355,0.84375,0.90625,0.821875,0.934375,,,,,,,2026-07-01,2028-07-01,,,,
concept:134e3780ebc656d1c24a6c57,RSA,2025-07-01,2025-07-01,2022-01-01,1277,13,16,8,0.5877866649021191,,True,-0.2231435513142097,0.6931471805599453,0.6061358035703155,2.0794415416798357,0.5877866649021191,0.0,0.0,0.0,0.40546510810816444,0.7803989725717081,0.42857142857142855,0.4166666666666667,0.0,18,1,13,-0.0,2.564949357461537,1,,,,,0,7,0,18,10,39,1.0,0.0,1.9061547465398494,2.9444389791664407,0.05263157894736841,0.05263157894736842,-1.0,,0,0,0,0,0,0,0,16.0,0.9375,,0,,,0.0,0.0,,2.833213344056216,0,0,0,,,0,0,0,0,0,0,0,0,0,,0,0,0,0,,,,,,,,,,,,,,,True,,,,,,,,True,0,,True,,,,,0,,,,,,,False,,0.0,0.0,0.0625,0.0,True,13,False,False,,True,False,,True,False,,True,False,,True,False,,True,1,1,0.24179245005595656,16,1,389,3,True,0.062457,0.062457093726591806,0.14529578349935102,0.10313732140193024,1.5576923076923077,0.136247,False,40,15,0.0028466339013808106,0.0002615524712657204,0.005052040795706048,-0.0005330194282190783,11,0,2,2.616766459330954,0.9222061099488923,19,2.4131980171043352,7.158673337145429,,52,0.6645161290322581,0.93125,0.971875,0.3625,0.878125,,,,,,,2026-07-01,2028-07-01,,,,
concept:13caba336fca3f2b0ff55127,Entanglement,2025-07-01,2025-07-01,2008-03-03,6329,3,3,0,0.0,,True,0.0,0.0,0.0,-0.6931471805599453,0.0,0.0,0.0,0.0,0.0,0.0,0.0,0.0,1.0,1306,1,3,-0.0,1.0986122886681096,0,,,,,0,2,0,3,4,6,,0.0,0.6931471805599453,1.3862943611198906,0.25,0.25,-1.0,,0,0,0,0,0,0,0,3.0,0.6666666666666666,1.0,1,0.0,0.0,0.0,0.0,,1.3862943611198906,0,0,0,,,0,0,0,0,0,0,0,0,0,,0,0,0,0,,,,,,,,,,,,,,,True,,,,,,,,True,0,,True,,,,,0,,,,,,,False,,0.0,0.0,0.3333333333333333,0.0,True,3,False,False,,True,False,,True,False,,True,False,,True,False,,True,1,1,0.3003809664473759,0,0,1453,0,True,0.132954,0.13295366204975356,0.2608804652265222,0.19698301082267644,1.3355481727574752,0.15554,False,7,0,0.0007214329371609977,-0.00020816077745776308,0.0003498131114785724,0.00027463277490161854,6,0,2,1.8342342284269044,0.6447789115646259,0,1.1826755493596808,6.14613215482057,,50,0.6774193548387097,0.671875,0.271875,0.3625,0.196875,,,,,,,2026-07-01,2028-07-01,,,,
concept:1c2db47f9f6a46eb053a4bc2,Quantum Key Distribution (QKD),2025-07-01,2025-07-01,2020-09-28,1737,21,33,10,0.4519851237430572,,True,0.1823215567939546,-0.1823215567939546,0.965080896043587,1.540445040947149,0.4519851237430572,0.0,0.0,0.0,-1.0577902941478545,0.9124211282466755,0.5714285714285714,0.5833333333333334,0.0,14,1,21,-0.0,3.044522437723423,1,,,,,0,18,4,30,14,98,1.0,0.0,2.7543317035592536,3.784189633918261,0.022727272727272728,0.022727272727272728,-0.625,1.0,0,0,0,1,0,0,0,33.0,0.9696969696969697,0.8125,6,0.0,0.0,0.0,0.8873031950009029,,3.5263605246161616,0,0,0,,,0,0,0,0,0,0,0,0,0,,0,0,0,0,,,,,,,,,,,,,,,True,,,,,,,,True,0,1,False,,0,,,0,,,,,,,False,,0.047619047619047616,0.0,0.030303030303030304,0.0,True,21,False,False,,True,False,,True,False,,True,False,,True,False,,True,1,1,0.02668128585104467,34,1,389,3,True,0.075782,0.07578161627760738,0.15499315347376275,0.10291867450611078,1.5576923076923077,0.136247,False,61,34,0.004452554620847628,0.0013501874996045085,0.03037448717373928,-0.013570043009976204,14,3,4,2.499006199659709,0.9454210674814828,28,2.3626131089251254,7.212920273695813,,46,0.7032258064516129,0.96875,0.984375,0.98125,0.946875,,,,,,,2026-07-01,2028-07-01,,,,
concept:215e7f4ad1c27cbe25c0d617,Explainable AI (XAI),2025-07-01,2025-07-01,2021-04-08,1545,3,3,0,0.0,,True,0.0,0.0,0.0,-1.0986122886681098,0.0,0.0,0.0,0.0,0.0,0.0,0.0,0.0,1.0,1277,1,3,-0.0,1.0986122886681096,0,,,,,0,5,0,10,8,12,,0.0,1.6094379124341005,2.9444389791664407,0.05263157894736841,0.05263157894736842,-1.0,,0,0,0,0,0,0,0,3.0,0.6666666666666666,1.0,2,0.0,0.0,0.0,1.2992829841302609,,1.3862943611198906,0,0,0,,,0,0,0,0,0,0,0,0,0,,0,0,0,0,,,,,,,,,,,,,,,True,,,,,,,,True,0,,True,,,,,0,,,,,,,False,,0.0,0.0,0.3333333333333333,0.0,True,3,False,False,,True,False,,True,False,,True,False,,True,False,,True,1,1,0.3003809664473759,0,0,1453,0,True,0.049006,0.0490056460917363,0.181974253011155,0.107568849277686,1.3355481727574752,0.15554,False,15,0,0.0011927557219419682,-0.00021271585081745494,0.004391923197541719,-0.0013088354226347644,9,0,3,2.5678600492747954,0.8143649057269151,0,2.0911751069475804,6.243185642624087,,50,0.6774193548387097,0.671875,0.271875,0.3625,0.546875,,,,,,,2026-07-01,2028-07-01,,,,
concept:219316095020e912af190772,AlexNet,2025-07-01,2025-07-01,2019-10-04,2097,3,3,0,0.0,,True,0.0,0.0,0.0,-1.0986122886681098,0.0,0.0,0.0,0.0,0.0,0.0,0.0,0.0,1.0,744,2,3,0.6365141682948128,1.0986122886681096,0,,1264,,,1,3,0,4,9,7,,0.0,1.0986122886681096,1.6094379124341005,0.20000000000000004,0.2,-1.0,,0,0,0,0,0,0,0,2.6666666666666665,0.6666666666666666,,0,,,0.0,0.0,,0.6931471805599453,0,0,0,,,0,0,0,0,0,0,0,0,0,,0,0,0,0,,,,,,,,,,,,,,,True,,,,,,,,True,0,,True,,,,,1,0.0,,,0,,,False,,0.3333333333333333,0.0,0.3333333333333333,0.0,True,2,False,True,1,False,False,,True,False,,True,False,,True,False,,True,2,2,0.3003809664473759,0,2,38,3,False,0.062891,0.0628914210777527,0.0841529596601347,0.0988468704018007,0.7272727272727273,0.105263,False,23,0,0.0012731866701411459,-0.00022775002856750218,0.003911681030909981,-0.0022582569171335012,16,0,2,3.2404277001902986,0.8650099912773808,0,2.803002336676593,6.178493120321738,,49,0.6838709677419355,0.671875,0.271875,0.3625,0.278125,,,,,,,2026-07-01,2028-07-01,,,,
concept:22d489ee0d0acd24c9c97262,Code-based cryptography,2025-07-01,2025-07-01,2021-12-01,1308,7,8,2,0.4054651081081644,,True,-1.0986122886681098,0.4054651081081644,0.6931471805599453,0.0,0.4054651081081644,0.0,0.0,0.0,0.4054651081081644,-0.4558423058385518,0.42857142857142855,0.125,0.25,145,1,7,-0.0,1.9459101490553132,1,,,,,0,6,0,15,9,27,1.0,0.0,1.791759469228055,2.70805020110221,0.06666666666666667,0.06666666666666667,-1.0,,0,0,0,0,1,0,0,8.0,0.875,0.5,1,0.0,0.0,0.0,0.4054651081081645,,2.1972245773362196,0,0,0,,,0,0,0,0,0,0,0,0,0,,0,0,0,0,,,,,,,,,,,,,,,True,,,,,,,,True,0,,True,,,,,0,,,,,,,False,,0.0,0.0,0.125,0.0,True,7,False,False,,True,False,,True,False,,True,False,,True,False,,True,1,1,0.14609034672838034,14,1,389,3,True,0.078377,0.07837673638770593,0.14472065237217846,0.08814962224427063,1.5576923076923077,0.136247,False,30,12,0.0021327343545330273,0.00028481516336417213,0.008912167963408667,0.0063492323422344645,9,1,2,2.8177817933341998,0.9074230409641153,8,2.556920123680638,5.7430833360832105,,49,0.6838709677419355,0.88125,0.83125,0.3625,0.809375,,,,,,,2026-07-01,2028-07-01,,,,
concept:24e1f5dfcd426ad1fef169cb,Convolutional Neural Networks,2025-07-01,2025-07-01,2018-01-01,2738,18,22,1,-0.6931471805599453,,True,0.6931471805599453,0.6931471805599453,-0.6931471805599453,-0.1823215567939546,-0.40546510810816444,-0.6931471805599453,0.0,0.0,1.3862943611198906,0.47809144373375745,0.42857142857142855,0.125,0.8333333333333334,25,2,12,0.34883209584303193,2.3221879428070658,1,,1372,,,1,17,4,31,22,116,1.0,0.0,2.698050276342389,4.122195037613875,0.01714285714285714,0.04285714285714286,-0.6470588235294118,,0,0,0,0,0,0,0,21.333333333333332,0.9545454545454546,1.0,3,0.0,0.0,0.0,0.6931471805599452,,2.0368819272610397,0,0,0,,,0,0,0,0,0,0,0,0,0,,0,0,1,0,,,,,,,,,,,,,,,True,,,,,,,,True,0,,True,,,,,2,0.0,,0,0,,,False,,0.1111111111111111,0.0,0.045454545454545456,0.0,True,16,False,True,2,False,False,,True,False,,True,False,,True,False,,True,2,2,0.20847456463701633,7,2,38,3,False,0.070263,0.07026342353565918,0.07528214861203075,0.07587180947572285,0.7272727272727273,0.105263,False,109,5,0.005088793050093137,-0.00040480634380963415,0.04985204377805679,-0.004547677999161878,39,0,6,2.869793585534595,0.9678265644012924,17,2.7774624664288137,7.364224026759915,,44,0.7161290322580645,0.953125,0.65625,0.98125,0.971875,,,,,,,2026-07-01,2028-07-01,,,,
concept:2503e5798f4ba2f3313005ad,Post-Quantum Cryptography (PQC),2025-07-01,2025-07-01,2019-03-16,2299,28,39,15,0.5753641449035618,,True,0.6931471805599453,0.07410797215372183,0.9555114450274363,1.9459101490553132,0.5753641449035618,0.0,0.0,0.0,-0.8814034728737146,2.538981798168032,0.42857142857142855,0.625,0.0,1,1,27,-0.0,3.2826939972780647,1,,,,,0,17,1,29,12,100,1.0,0.0,2.628675163833411,3.654222095085939,0.026250000000000006,0.05,-0.9,,1,0,0,0,0,1,0,39.0,0.9743589743589743,0.9444444444444444,12,0.0,0.0,0.0,1.0459685551826876,,3.6888794541139363,1,1,0,0.0,0.0,0,0,0,0,0,0,0,0,0,,0,0,0,0,,,,,,,,,,,,,,,True,,,,,,,,True,0,4,False,,1,398,2293,0,,,,,,,False,1.0,0.03571428571428571,0.0,0.02564102564102564,0.02564102564102564,True,28,False,False,,True,False,,True,False,,True,False,,True,False,,True,1,1,0.03555983333103352,31,1,389,3,True,0.03651,0.03651015442352268,0.11265252327555064,0.05239394550241276,1.5576923076923077,0.136247,False,77,33,0.005458843193000109,0.0008709312541253797,0.011633648554675406,0.0019292018677203645,14,3,5,2.3692331310213453,0.9539982309068334,24,2.2602442156002214,7.219782709651486,1.0,41,0.7354838709677419,0.978125,0.99375,0.821875,0.953125,,,,,,,2026-07-01,2028-07-01,,,,
concept:2a5378637b3716bca6e19d92,CPU,2025-07-01,2025-07-01,2023-03-01,853,2,2,1,0.6931471805599453,,True,0.0,-0.6931471805599453,0.6931471805599453,0.0,0.6931471805599453,0.0,0.0,0.0,-1.3862943611198906,-0.13363062095621217,0.14285714285714285,0.041666666666666664,0.0,281,1,1,-0.0,-0.0,1,,,,,0,2,1,2,5,11,1.0,0.0,0.6931471805599453,1.5607104090414063,0.2222222222222222,0.3333333333333333,-0.3333333333333333,,0,0,0,0,0,0,0,2.0,0.5,,0,,,0.0,0.0,,1.0986122886681098,0,0,0,,,0,0,0,0,0,0,0,0,0,,0,0,0,0,,,,,,,,,,,,,,,True,,,,,,,,True,0,,True,,,,,0,,,,,,,False,,0.0,0.0,0.5,0.0,True,2,False,False,,True,False,,True,False,,True,False,,True,False,,True,1,1,0.07304517336419017,3,0,1453,0,True,0.171093,0.17109343229820384,0.20586389980713427,0.20634142360227253,1.3355481727574752,0.15554,False,5,3,0.00044454796842456455,0.0001780718235520632,0.0019320316807334777,0.0019320316807334777,5,3,3,3.230123747389143,0.7254617161436123,0,2.3433311171371636,4.570446746978287,,52,0.6645161290322581,0.296875,0.65625,0.821875,0.503125,,,,,,,2026-07-01,2028-07-01,,,,
concept:2bdc42e2c7110f47c4dbfeea,"Open RAN (ORAN, O-RAN)",2025-07-01,2025-07-01,2023-03-21,833,2,2,0,-0.6931471805599453,,True,0.0,0.0,-0.6931471805599453,0.0,-0.6931471805599453,0.0,0.0,0.0,0.0,-0.13363062095621217,0.14285714285714285,0.041666666666666664,1.0,547,1,2,-0.0,0.6931471805599453,0,,,,,0,5,1,5,4,7,,0.0,1.6094379124341005,2.1972245773362196,0.1111111111111111,0.1111111111111111,-0.3333333333333333,,0,0,0,0,0,0,0,2.0,0.5,1.0,1,0.0,0.0,0.0,0.4054651081081645,,1.0986122886681098,0,0,0,,,0,0,0,0,0,0,0,0,0,,0,0,0,0,,,,,,,,,,,,,,,True,,,,,,,,True,0,,True,,,,,0,,,,,,,False,,0.0,0.0,0.5,0.0,True,2,False,False,,True,False,,True,False,,True,False,,True,False,,True,1,1,0.07304517336419017,0,0,1453,0,True,0.158273,0.15827275929278262,0.22030284606164974,0.17761887220314648,1.3355481727574752,0.15554,False,5,0,0.0007601672367920942,-0.00013818428815961928,0.0,0.0,5,0,0,1.0986122886681096,0.3520000000000001,0,0.38671152561117467,5.703647534454917,,50,0.6774193548387097,0.296875,0.271875,0.821875,0.278125,,,,,,,2026-07-01,2028-07-01,,,,
concept:2e17846494a1f3cf6831535a,MobileNet V2,2025-07-01,2025-07-01,2021-10-29,1341,2,2,0,0.0,,True,0.0,0.0,0.0,-1.0986122886681098,0.0,0.0,0.0,0.0,0.0,0.0,0.0,0.0,1.0,744,1,2,-0.0,0.6931471805599453,0,,,,,0,3,0,3,6,6,,0.0,1.0986122886681096,1.0986122886681096,0.3333333333333333,0.3333333333333333,-1.0,,0,0,0,0,0,0,0,2.0,0.5,,0,,,0.0,0.0,,1.0986122886681098,0,0,0,,,0,0,0,0,0,0,0,0,0,,0,0,0,0,,,,,,,,,,,,,,,True,,,,,,,,True,0,,True,,,,,0,,,,,,,False,,0.0,0.0,0.5,0.0,True,2,False,False,,True,False,,True,False,,True,False,,True,False,,True,1,1,0.23804628387473534,0,0,1453,0,True,0.042012,0.04201221159124402,0.18189283948900037,0.06022689344016281,1.3355481727574752,0.15554,False,9,0,0.0008713694576114947,-0.000159344158558605,8.54375521343083e-05,-7.491236018514842e-05,5,0,2,2.956469318123096,0.708916535932063,0,2.095889987593254,6.786455365505474,,53,0.6580645161290323,0.296875,0.271875,0.3625,0.196875,,,,,,,2026-07-01,2028-07-01,,,,
concept:30cd60fe33f06c7c520a0151,Deep Learning Architectures,2025-07-01,2025-07-01,2019-09-12,2119,2,3,0,0.0,,True,0.0,0.0,0.0,0.0,0.0,0.0,0.0,0.0,0.0,0.0,0.0,0.0,1.0,1859,1,2,-0.0,0.6931471805599453,0,,,,,0,9,0,15,7,19,,0.0,2.1639556568820564,3.2958368660043287,0.037037037037037035,0.037037037037037035,-1.0,,0,0,0,0,0,0,0,3.0,0.6666666666666666,1.0,1,0.0,0.0,0.0,0.4054651081081645,,1.3862943611198906,0,0,0,,,0,0,0,0,0,0,0,0,0,,0,0,0,0,,,,,,,,,,,,,,,True,,,,,,,,True,0,,True,,,,,0,,,,,,,False,,0.0,0.0,0.3333333333333333,0.0,True,2,False,False,,True,False,,True,False,,True,False,,True,False,,True,1,1,0.3003809664473759,0,1,120,3,True,0.151186,0.1511862982694644,0.10923368368064557,0.1538725712399548,0.7222222222222222,0.058333,False,42,0,0.0014489751990818692,-0.00023167699205446754,0.001749065557392862,-0.00038104397895416444,37,0,1,2.582071787564124,0.917984209378169,0,2.370301128464728,5.936440436421857,,50,0.6774193548387097,0.296875,0.271875,0.3625,0.69375,,,,,,,2026-07-01,2028-07-01,,,,
concept:30e15f90cf429a1dcd1424a8,GPT-3,2025-07-01,2025-07-01,2022-06-15,1112,2,2,0,-0.6931471805599453,,True,0.0,0.0,-0.6931471805599453,0.0,-0.6931471805599453,0.0,0.0,0.0,0.0,-0.13363062095621217,0.0,0.041666666666666664,1.0,691,1,2,-0.0,0.6931471805599453,0,,,,,0,0,0,0,2,25,,0.0,,,,,,,0,0,0,0,0,0,0,2.0,0.5,,0,,,0.0,0.0,,1.0986122886681098,0,0,0,,,0,0,0,0,0,0,0,0,0,,0,0,0,0,,,,,,,,,,,,,,,True,,,,,,,,True,0,,True,,,,,0,,,,,,,False,,0.0,0.0,0.5,0.0,True,2,False,False,,True,False,,True,False,,True,False,,True,False,,True,1,1,0.07304517336419017,0,1,88,3,True,0.177031,0.1770314404112493,0.1523425494248497,0.18700700971599088,1.5238095238095237,0.420455,False,13,0,0.0011509618656208199,-0.00014979555318124982,0.0012138618220771682,-0.004355226026994825,10,0,1,3.047406556071797,0.7561294801880071,0,2.304233935164093,6.830334132013552,,58,0.6258064516129032,0.296875,0.271875,0.3625,0.79375,,,,,,,2026-07-01,2028-07-01,,,,
concept:33f0c3b7e203784bf3b8e93f,Hash-based cryptography,2025-07-01,2025-07-01,2022-06-30,1097,6,7,2,0.4054651081081644,,True,-1.0986122886681098,0.4054651081081644,0.6931471805599453,0.22314355131420976,0.4054651081081644,0.0,0.0,0.0,0.4054651081081644,-0.4558423058385518,0.42857142857142855,0.125,0.25,145,1,6,-0.0,1.791759469228055,1,,,,,0,4,0,8,8,22,1.0,0.0,1.3862943611198906,2.1972245773362196,0.1111111111111111,0.1111111111111111,-1.0,,0,0,0,0,0,0,0,7.0,0.8571428571428571,,0,,,0.0,0.0,,2.0794415416798357,0,0,0,,,0,0,0,0,0,0,0,0,0,,0,0,0,0,,,,,,,,,,,,,,,True,,,,,,,,True,0,,True,,,,,0,,,,,,,False,,0.0,0.0,0.14285714285714285,0.0,True,6,False,False,,True,False,,True,False,,True,False,,True,False,,True,1,1,0.13825911969075866,7,2,26,3,True,0.05934,0.05934004890969269,0.07534406662535709,0.0870499975412983,1.8571428571428572,0.153846,False,21,7,0.0014860334262418395,7.04566696952643e-05,0.000532539820411099,0.00045509586953344024,9,1,1,2.6715093322650882,0.8781377818808398,7,2.345953279309228,5.837276624281339,,52,0.6645161290322581,0.86875,0.83125,0.3625,0.740625,,,,,,,2026-07-01,2028-07-01,,,,
concept:341e61d0baddcde5402fb3a4,Homomorphic Encryption,2025-07-01,2025-07-01,2017-01-01,3103,3,3,2,1.0986122886681098,,True,-0.6931471805599453,0.0,1.0986122886681098,1.0986122886681098,1.0986122886681098,0.0,0.0,0.0,-0.6931471805599453,-0.2519763153394848,0.14285714285714285,0.08333333333333333,0.0,104,1,3,-0.0,1.0986122886681096,1,,,,,0,3,0,3,6,10,1.0,0.0,1.0986122886681096,1.3862943611198906,0.25,0.25,-1.0,,0,0,0,0,0,0,0,3.0,1.0,,0,,,0.0,0.0,,1.3862943611198906,0,0,0,,,0,0,0,0,0,0,0,0,0,,0,0,0,0,,,,,,,,,,,,,,,True,,,,,,,,True,0,,True,,,,,0,,,,,,,False,,0.0,0.0,0.0,0.0,True,3,False,False,,True,False,,True,False,,True,False,,True,False,,True,1,1,0.0,8,1,389,3,True,0.149059,0.09231467666733761,0.1796532974283861,0.148244354610714,1.5576923076923077,0.136247,False,5,3,0.0003727461192284796,5.895529646533868e-05,0.012493098142700774,0.012493098142700774,5,3,3,2.9433594833317245,0.7797334709503664,0,2.2950359061929224,6.0940779032487695,,52,0.6645161290322581,0.671875,0.83125,0.3625,0.4625,,,,,,,2026-07-01,2028-07-01,,,,
concept:352715353875136c412a9572,MobileNetV1,2025-07-01,2025-07-01,2019-08-12,2150,2,2,0,0.0,,True,0.0,0.0,0.0,0.0,0.0,0.0,0.0,0.0,0.0,0.0,0.0,0.0,1.0,1939,1,2,-0.0,0.6931471805599453,0,,,,,0,4,0,3,4,24,,0.0,1.3321790402101223,1.791759469228055,0.16666666666666666,0.16666666666666666,-1.0,,0,0,0,0,0,0,0,2.0,0.5,1.0,1,0.0,0.0,0.0,0.4054651081081645,,1.0986122886681098,0,0,0,,,0,0,0,0,0,0,0,0,0,,0,0,0,0,,,,,,,,,,,,,,,True,,,,,,,,True,0,,True,,,,,0,,,,,,,False,,0.0,0.0,0.5,0.0,True,2,False,False,,True,False,,True,False,,True,False,,True,False,,True,1,1,0.23804628387473534,0,0,1453,0,True,0.045895,0.045895246053877736,0.18545373668763077,0.07979140188836362,1.3355481727574752,0.15554,False,8,0,0.0011369565362766088,-0.00021712725923769697,0.002798504891828579,-0.0011923179747980557,4,0,2,2.9913930207438493,0.6727684886348855,0,2.012514961478784,6.765878111513238,,50,0.6774193548387097,0.296875,0.271875,0.3625,0.78125,,,,,,,2026-07-01,2028-07-01,,,,
concept:35a986746ff7e5146d9fd96d,CNN model,2025-07-01,2025-07-01,2021-04-08,1545,3,4,0,0.0,,True,0.0,0.0,0.0,-1.0986122886681098,0.0,0.0,0.0,0.0,0.0,0.0,0.0,0.0,1.0,744,1,3,-0.0,1.0986122886681096,0,,,,,0,4,0,7,9,11,,0.0,1.3862943611198906,2.3025850929940455,0.10000000000000002,0.1,-1.0,,0,0,0,0,0,0,0,4.0,0.75,,0,,,0.0,0.0,,1.6094379124341003,0,0,0,,,0,0,0,0,0,0,0,0,0,,0,0,0,0,,,,,,,,,,,,,,,True,,,,,,,,True,0,,True,,,,,0,,,,,,,False,,0.0,0.0,0.25,0.0,True,3,False,False,,True,False,,True,False,,True,False,,True,False,,True,1,1,0.34873150258179014,0,2,38,3,False,0.0754,0.0753996411518375,0.06463687424038245,0.08548264166963723,0.7272727272727273,0.105263,False,16,0,0.0011677080087426248,-0.0002100899835202003,0.0020639111779537068,-0.0006135067910255595,9,0,3,3.077393558114697,0.8355522376035769,0,2.5713230734695682,6.661080324440465,,53,0.6580645161290323,0.671875,0.271875,0.3625,0.503125,,,,,,,2026-07-01,2028-07-01,,,,
concept:368aa7d6acba46f8eb61bcb9,self-sovereign identities,2025-07-01,2025-07-01,2022-03-17,1202,2,2,0,0.0,,True,0.0,0.0,0.0,-1.0986122886681098,0.0,0.0,0.0,0.0,0.0,0.0,0.0,0.0,1.0,1168,1,2,-0.0,0.6931471805599453,0,,,,,0,3,0,5,5,9,,0.0,1.0986122886681096,2.0794415416798357,0.125,0.125,-1.0,,0,0,0,0,0,0,0,2.0,0.5,,0,,,0.0,0.0,,1.0986122886681098,0,0,0,,,0,0,0,0,0,0,0,0,0,,0,0,0,0,,,,,,,,,,,,,,,True,,,,,,,,True,0,,True,,,,,0,,,,,,,False,,0.0,0.0,0.5,0.0,True,2,False,False,,True,False,,True,False,,True,False,,True,False,,True,1,1,0.23804628387473534,0,1,389,3,True,0.136116,0.13611590249965555,0.17822564198120228,0.17759178443639864,1.5576923076923077,0.136247,False,4,0,0.0004937218616213404,-9.284883424072357e-05,0.038582890989120884,-0.027359969652567533,3,0,1,3.507506365310809,0.6489114894136636,0,2.2760611796417427,6.423154773479976,,53,0.6580645161290323,0.296875,0.271875,0.3625,0.4,,,,,,,2026-07-01,2028-07-01,,,,
concept:36e9a64509a7c0abef59ada8,IPFS,2025-07-01,2025-07-01,2023-01-01,912,2,2,0,0.0,,True,0.0,0.0,0.0,-1.0986122886681098,0.0,0.0,0.0,0.0,0.0,0.0,0.0,0.0,1.0,830,1,2,-0.0,0.6931471805599453,0,,,,,0,7,0,11,2,9,,0.0,1.9459101490553132,2.6390573296152584,0.07142857142857142,0.07142857142857142,-1.0,,0,0,0,0,0,0,0,2.0,0.5,,0,,,0.0,0.0,,1.0986122886681098,0,0,0,,,0,0,0,0,0,0,0,0,0,,0,0,0,0,,,,,,,,,,,,,,,True,,,,,,,,True,0,,True,,,,,0,,,,,,,False,,0.0,0.0,0.5,0.0,True,2,False,False,,True,False,,True,False,,True,False,,True,False,,True,1,1,0.23804628387473534,0,1,389,3,True,0.095567,0.09556664435481022,0.18119129603352246,0.14397657954558216,1.5576923076923077,0.136247,False,6,0,0.0008892800800249036,-0.00016346092344497276,0.003498131114785724,0.001806573541804262,4,0,0,2.793826101839206,0.5686451247165534,0,1.5886955921167174,3.872823071279759,,53,0.6580645161290323,0.296875,0.271875,0.3625,0.4,,,,,,,2026-07-01,2028-07-01,,,,
concept:371b3ab6cac95a8dcf47fe3b,CRYSTALS-Kyber,2025-07-01,2025-07-01,2022-01-01,1277,8,9,6,1.252762968495368,,True,0.0,0.22314355131420976,1.3862943611198906,1.5040773967762742,1.252762968495368,0.0,0.0,0.0,-0.4700036292457355,0.8386278693775346,0.2857142857142857,0.25,0.0,50,1,8,-0.0,2.0794415416798357,1,,,,,0,6,0,10,8,21,1.0,0.0,1.7478680974667573,2.564949357461537,0.07692307692307693,0.07692307692307693,-1.0,,0,0,0,0,0,0,0,9.0,0.8888888888888888,0.3333333333333333,1,0.0,0.3333333333333333,0.0,0.6931471805599453,,2.302585092994046,0,0,0,,,0,0,0,0,0,0,0,0,0,,0,0,0,0,,,,,,,,,,,,,,,True,,,,,,,,True,0,,True,,,,,0,,,,,,,False,,0.125,0.0,0.1111111111111111,0.0,True,8,False,False,,True,False,,True,False,,True,False,,True,False,,True,1,1,0.0,11,1,389,3,True,0.026077,0.026077039489668774,0.14439912967007928,0.11058945824124758,1.5576923076923077,0.136247,False,19,11,0.0015208827815405108,0.0005187054931028289,0.0020919671284490198,0.0020731720443047815,7,2,1,2.522783024600798,0.8704703304129096,11,2.196007772984336,7.186644478442635,,49,0.6838709677419355,0.896875,0.95625,0.3625,0.721875,,,,,,,2026-07-01,2028-07-01,,,,
concept:388f7195db027de5f36b9fbe,Random Forest (RF),2025-07-01,2025-07-01,2020-01-01,2008,3,4,0,0.0,,True,0.0,0.0,0.0,-0.6931471805599453,0.0,0.0,0.0,0.0,0.0,0.0,0.0,0.0,1.0,991,1,3,-0.0,1.0986122886681096,0,,,,,0,3,0,3,7,7,,0.0,1.0986122886681096,1.0986122886681096,0.3333333333333333,0.3333333333333333,-1.0,,0,0,0,0,0,0,0,4.0,0.75,,0,,,0.0,0.0,,1.6094379124341003,0,0,0,,,0,0,0,0,0,0,0,0,0,,0,0,0,0,,,,,,,,,,,,,,,True,,,,,,,,True,0,,True,,,,,0,,,,,,,False,,0.3333333333333333,0.0,0.25,0.0,True,3,False,False,,True,False,,True,False,,True,False,,True,False,,True,1,1,0.34873150258179014,0,0,1453,0,True,0.18307,0.1830701849826224,0.21720088096417578,0.19446377645382656,1.3355481727574752,0.15554,False,5,0,0.001044609725520662,-0.00019098261491171326,0.005263097268154885,0.002114920673994942,2,0,1,3.1445801968384903,0.6486992715920915,0,2.0398868831520445,5.364120964987572,,53,0.6580645161290323,0.671875,0.271875,0.3625,0.278125,,,,,,,2026-07-01,2028-07-01,,,,
concept:39acdef934cfd64f8d54dae7,Edge Intelligence (EI),2025-07-01,2025-07-01,2019-06-12,2211,3,4,0,-1.0986122886681098,,True,0.0,0.0,-1.0986122886681098,1.0986122886681098,-1.0986122886681098,0.0,0.0,0.0,1.0986122886681098,-0.2519763153394848,0.14285714285714285,0.08333333333333333,1.0,387,1,1,-0.0,-0.0,0,,,,,0,3,0,7,7,17,,0.0,0.9502705392332347,2.4799555205445176,0.09375,0.1875,-1.0,,0,0,0,0,1,0,0,4.0,0.75,1.0,1,0.0,0.0,0.0,1.3862943611198904,,1.6094379124341003,0,0,0,,,0,0,0,0,0,0,0,0,0,,0,0,0,0,,,,,,,,,,,,,,,True,,,,,,,,True,0,,True,,,,,0,,,,,,,False,,0.0,0.0,0.25,0.25,True,3,False,False,,True,False,,True,False,,True,False,,True,False,,True,1,1,0.0,0,1,195,3,True,0.020313,0.020312613158511184,0.12486424852164402,0.0650304849216157,0.7317073170731707,0.112821,False,10,0,0.0015324348509068572,-0.00027764997793591414,0.0035034313134444865,-7.38997020088999e-05,6,0,0,2.1900732309316906,0.7675672153635116,0,1.6810284113084066,4.614520190055643,,50,0.6774193548387097,0.671875,0.271875,0.3625,0.65,,,,,,,2026-07-01,2028-07-01,,,,
concept:3c2c3809274c3686a3219fa0,ResNet,2025-07-01,2025-07-01,2019-12-06,2034,2,3,0,0.0,,True,0.0,0.0,0.0,-1.0986122886681098,0.0,0.0,0.0,0.0,0.0,0.0,0.0,0.0,1.0,833,2,2,0.6931471805599453,0.6931471805599453,0,,1201,,,1,1,0,0,4,9,,0.0,-0.0,1.3862943611198906,0.25,0.25,,,0,0,0,0,0,0,0,2.333333333333333,0.6666666666666666,,0,,,0.0,0.0,,0.6931471805599453,0,0,0,,,0,0,0,0,0,0,0,0,0,,0,0,0,0,,,,,,,,,,,,,,,True,,,,,,,,True,0,,True,,,,,1,0.0,,,0,,,False,,0.5,0.0,0.3333333333333333,0.0,True,1,False,True,1,False,False,,True,False,,True,False,,True,False,,True,2,2,0.3003809664473759,0,2,38,3,False,0.046256,0.0462558707422388,0.04330094508473348,0.06432259788024337,0.7272727272727273,0.105263,False,55,0,0.0017535827367540942,-0.000294388288310417,0.008609783317232009,-0.0032970072442938692,39,0,1,2.5648454752412255,0.9352540266584788,0,2.3987820584761357,5.048950811572645,,50,0.6774193548387097,0.296875,0.271875,0.3625,0.4,,,,,,,2026-07-01,2028-07-01,,,,
concept:3d756ff3fc05b7ef030f2903,Initial Crypto-asset Offerings (ICOs),2025-07-01,2025-07-01,2018-01-01,2738,3,4,0,0.0,,True,0.0,0.0,0.0,0.0,0.0,0.0,0.0,0.0,0.0,0.0,0.0,0.0,1.0,1929,1,2,-0.0,0.6365141682948128,0,,,,,0,1,0,3,5,3,,0.0,-0.0,1.5607104090414063,0.2222222222222222,0.3333333333333333,-1.0,,2,0,0,0,0,0,0,4.0,0.75,1.0,1,0.0,0.0,0.25,0.916290731874155,,1.6094379124341003,0,0,0,,,0,0,0,0,0,0,0,0,0,,0,0,0,0,,,,,,,,,,,,,,,True,,,,,,,,True,0,,True,,,,,0,,,,,,,False,0.5,0.3333333333333333,0.0,0.25,0.0,True,3,False,False,,True,False,,True,False,,True,False,,True,False,,True,1,1,0.34873150258179014,0,1,389,3,True,0.136312,0.13631249661055356,0.20159214272998371,0.1619163715304891,1.5576923076923077,0.136247,False,7,0,0.0006549994075723282,-0.00018963745211269362,0.0,-6.26502804807949e-07,6,0,1,1.850614296094356,0.6039441320745986,0,1.11766764485955,6.0518338615074425,,49,0.6838709677419355,0.671875,0.271875,0.3625,0.078125,,,,,,,2026-07-01,2028-07-01,,,,
concept:3e2fbbad3ef0a070f4a10a45,Batch dataflow systems,2025-07-01,2025-07-01,2016-05-27,3322,2,2,0,-0.6931471805599453,,True,0.0,0.0,-0.6931471805599453,0.6931471805599453,0.0,-0.6931471805599453,0.0,0.0,0.0,-0.13363062095621217,0.0,0.041666666666666664,1.0,670,2,2,0.6931471805599453,0.6931471805599453,0,,2652,,,1,1,1,0,4,23,,0.0,-0.0,-0.0,1.0,1.0,1.0,,0,0,0,0,0,0,0,1.6666666666666665,0.5,,0,,,0.0,0.0,,0.4054651081081645,0,0,0,,,0,0,0,0,0,0,0,0,0,,0,0,0,0,,,,,,,,,,,,,,,True,,,,,,,,True,0,,True,,,,,1,0.0,,,0,,,False,,0.5,0.0,0.5,0.0,True,1,False,True,1,False,False,,True,False,,True,False,,True,False,,True,2,2,0.07304517336419017,0,0,1453,0,True,0.157251,0.15725073277667212,0.20731721617005072,0.2028846304331493,1.3355481727574752,0.15554,False,23,0,0.001317658092166997,-0.00016387249824598984,0.0067293954790444204,-0.0039445852548866634,13,0,1,2.1285602985817937,0.8532493473868568,0,1.8161926856384885,4.874534670050616,,49,0.6838709677419355,0.296875,0.271875,0.821875,0.765625,,,,,,,2026-07-01,2028-07-01,,,,
concept:3ed464ff37f6beff4383ffcc,Membership Inference Attacks Against Machine Learning Models,2025-07-01,2025-07-01,2017-05-01,2983,2,2,0,0.0,,True,0.0,0.0,0.0,-0.6931471805599453,0.0,0.0,0.0,0.0,0.0,0.0,0.0,0.0,1.0,1247,1,2,-0.0,0.6931471805599453,0,,,,,0,4,0,6,1,10,,0.0,1.3321790402101223,2.1972245773362196,0.1111111111111111,0.1111111111111111,-1.0,,0,0,0,0,0,0,0,2.0,0.5,1.0,2,0.0,0.0,0.0,0.6931471805599452,,1.0986122886681098,0,0,0,,,0,0,0,0,0,0,0,0,0,,0,0,0,0,,,,,,,,,,,,,,,True,,,,,,,,True,0,,True,,,,,0,,,,,,,False,,0.0,0.0,0.5,0.0,True,2,False,False,,True,False,,True,False,,True,False,,True,False,,True,1,1,0.23804628387473534,0,0,1453,0,True,0.168522,0.16852202850561782,0.1883088746954784,0.20791603341119477,1.3355481727574752,0.15554,False,0,0,0.00011402508551881415,-2.0727643223942906e-05,0.0,0.0,0,0,0,,,0,,,,54,0.6516129032258065,0.296875,0.271875,0.3625,0.4625,,,,,,,2026-07-01,2028-07-01,,,,
concept:408457acd140258a8ed14866,ResNet50,2025-07-01,2025-07-01,2019-08-12,2150,3,4,1,0.6931471805599453,,True,0.0,-0.6931471805599453,0.6931471805599453,0.6931471805599453,0.6931471805599453,0.0,0.0,0.0,-1.3862943611198906,-0.13363062095621217,0.14285714285714285,0.041666666666666664,0.6666666666666667,281,1,3,-0.0,1.0986122886681096,1,,,,,0,5,1,3,6,46,1.0,0.0,1.5607104090414063,1.9459101490553132,0.14285714285714285,0.14285714285714285,-0.3333333333333333,1.0,0,0,0,0,0,0,0,4.0,0.75,,0,,,0.0,0.0,,1.6094379124341003,0,0,0,,,0,0,0,0,0,0,0,0,0,,0,0,0,0,,,,,,,,,,,,,,,True,,,,,,,,True,0,,True,,,,,0,,,,,,,False,,0.0,0.0,0.25,0.0,True,3,False,False,,True,False,,True,False,,True,False,,True,False,,True,1,1,0.10700924479478903,3,0,1453,0,True,0.121611,0.11136846333598427,0.17359103045605773,0.1352446507941371,1.3355481727574752,0.15554,False,8,3,0.0013981127154484242,0.00034556333948220744,0.0013992524459142896,-0.0009125429038270415,4,0,1,1.8678801716292002,0.6825358072916667,2,1.274895100867033,6.404120262933756,,51,0.6709677419354838,0.671875,0.65625,0.821875,0.903125,,,,,,,2026-07-01,2028-07-01,,,,
concept:40e1f81603cee51719c5d186,Persona in LLMs,2025-07-01,2025-07-01,2024-01-01,547,2,2,1,0.0,,True,0.0,-0.6931471805599453,0.0,1.0986122886681098,0.0,0.0,0.0,0.0,-1.3862943611198906,-0.2519763153394848,0.2857142857142857,0.10526315789473684,0.5,258,1,2,-0.0,0.6931471805599453,1,,,,,0,2,0,3,5,12,1.0,0.0,0.6931471805599453,1.9459101490553132,0.14285714285714285,0.14285714285714285,-1.0,,0,0,0,0,0,0,0,2.0,0.5,,0,,,0.0,0.0,,1.0986122886681098,0,0,0,,,0,0,0,0,0,0,0,0,0,,0,0,0,0,,,,,,,,,,,,,,,True,,,,,,,,True,0,,True,,,,,0,,,,,,,False,,0.0,0.0,0.5,0.0,True,2,False,False,,True,False,,True,False,,True,False,,True,False,,True,1,1,0.23804628387473534,3,1,88,3,True,0.164816,0.1648164108812672,0.1451461760141013,0.1950998922183323,1.5238095238095237,0.420455,False,3,1,0.0006971797095676755,-0.00020117181538403827,0.0006996262229571448,0.0006996262229571448,2,0,1,3.270357689591308,0.38888888888888884,1,1.2718057681743973,7.45543104818789,,52,0.6645161290322581,0.296875,0.65625,0.3625,0.546875,,,,,,,2026-07-01,2028-07-01,,,,
concept:4183b13c8ec22d533472c92e,Falcon,2025-07-01,2025-07-01,2024-05-23,404,3,3,2,0.4054651081081644,,True,-0.6931471805599453,0.0,0.4054651081081644,1.3862943611198906,0.4054651081081644,0.0,0.0,0.0,0.0,-0.3585685828003181,0.2857142857142857,0.2,0.33333333333333337,91,1,3,-0.0,1.0986122886681096,1,,,,,0,2,0,3,7,6,1.0,0.0,0.6931471805599453,1.791759469228055,0.16666666666666666,0.16666666666666666,-1.0,,0,0,0,0,1,0,0,3.0,0.6666666666666666,0.5,1,0.0,0.0,0.0,0.4054651081081645,,1.3862943611198906,0,0,0,,,0,0,0,0,0,0,0,0,0,,0,0,0,0,,,,,,,,,,,,,,,True,,,,,,,,True,0,,True,,,,,0,,,,,,,False,,0.0,0.0,0.3333333333333333,0.0,True,3,False,False,,True,False,,True,False,,True,False,,True,False,,True,1,1,0.17858696541315572,8,1,389,3,True,0.105949,0.10594929426083988,0.13650358577005517,0.11735113037507224,1.5576923076923077,0.136247,False,16,11,0.001227673151783297,0.0005919832927092599,0.00031074498769967374,0.00031074498769967374,9,4,1,2.2936216350003025,0.8185413122979913,2,1.877424063028212,5.7654830855515495,,49,0.6838709677419355,0.671875,0.83125,0.3625,0.196875,,,,,,,2026-07-01,2028-07-01,,,,
concept:4358225f88cbee36e8201574,CRYSTALS-Dilithium,2025-07-01,2025-07-01,2024-05-23,404,4,4,3,0.6931471805599453,,True,0.6931471805599453,-0.40546510810816444,0.6931471805599453,1.6094379124341003,0.6931471805599453,0.0,0.0,0.0,-0.8109302162163288,0.47809144373375745,0.42857142857142855,0.2,0.0,50,1,4,-0.0,1.3862943611198906,1,,,,,0,3,0,4,8,16,1.0,0.0,1.0986122886681096,1.9459101490553132,0.14285714285714285,0.14285714285714285,-1.0,,0,0,0,0,0,0,0,4.0,0.75,0.0,0,0.0,0.0,0.0,0.6931471805599453,,1.6094379124341003,0,0,0,,,0,0,0,0,0,0,0,0,0,,0,0,0,0,,,,,,,,,,,,,,,True,,,,,,,,True,0,,True,,,,,0,,,,,,,False,,0.25,0.0,0.25,0.0,True,4,False,False,,True,False,,True,False,,True,False,,True,False,,True,1,1,0.10700924479478903,10,1,389,3,True,0.105949,0.10594929426083988,0.1354684083507106,0.1245113392204497,1.5576923076923077,0.136247,False,10,5,0.0008154325023713573,0.00017974264329732024,1.3868853157105017e-05,1.3868853157105017e-05,6,1,1,2.489109080957516,0.7822536412748676,11,1.947114642109356,7.186644478442635,,49,0.6838709677419355,0.7875,0.90625,0.3625,0.63125,,,,,,,2026-07-01,2028-07-01,,,,
concept:4415a5c7b65ca7848cbc7b86,Dilithium,2025-07-01,2025-07-01,2022-06-30,1097,3,4,2,1.0986122886681098,,True,0.0,-1.3862943611198906,1.3862943611198906,0.6931471805599453,1.0986122886681098,0.0,0.0,0.0,-2.772588722239781,-0.3585685828003181,0.14285714285714285,0.041666666666666664,0.0,274,1,3,-0.0,1.0986122886681096,1,,,,,0,2,0,2,4,6,1.0,0.0,0.6931471805599453,0.6931471805599453,0.5,0.5,-1.0,,0,0,0,0,0,0,0,4.0,1.0,,0,,,0.0,0.0,,1.6094379124341003,0,0,0,,,0,0,0,0,0,0,0,0,0,,0,0,0,0,,,,,,,,,,,,,,,True,,,,,,,,True,0,,True,,,,,0,,,,,,,False,,0.0,0.0,0.0,0.0,True,3,False,False,,True,False,,True,False,,True,False,,True,False,,True,1,1,0.0,4,1,389,3,True,0.112231,0.09733777613396777,0.1545661118861339,0.12680031006357,1.5576923076923077,0.136247,False,14,6,0.0011528840871689006,0.0003084995560528346,0.0014888937368250181,0.0014888937368250181,8,0,1,2.5175534308744254,0.8321706056372129,0,2.0950339632948136,5.194173714103007,,52,0.6645161290322581,0.671875,0.83125,0.3625,0.196875,,,,,,,2026-07-01,2028-07-01,,,,
concept:457e08c1f194159b1f5da544,Post-Quantum Cryptography (PQC) algorithms,2025-07-01,2025-07-01,2020-01-01,2008,7,7,5,1.0986122886681098,,True,0.4054651081081644,0.28768207245178085,1.0986122886681098,1.9459101490553132,1.0986122886681098,0.0,0.0,0.0,-0.810930216216329,1.1396057645963795,0.42857142857142855,0.25,0.0,14,1,7,-0.0,1.9459101490553132,1,,,,,0,11,1,22,11,33,1.0,0.0,2.3516733019046305,3.2188758248682,0.04,0.04,-0.7142857142857143,,0,0,0,0,0,0,0,7.0,0.8571428571428571,0.8571428571428571,2,0.0,0.0,0.0,0.980829253011726,,2.0794415416798357,0,0,0,,,0,0,0,0,0,0,0,0,0,,0,0,0,0,,,,,,,,,,,,,,,True,,,,,,,,True,0,5,False,,5,0,1967,0,,,,,,,False,,0.0,0.0,0.14285714285714285,0.0,True,7,False,False,,True,False,,True,False,,True,False,,True,False,,True,1,1,0.0,27,0,1453,0,True,0.094977,0.09497655317102105,0.16242946144396542,0.10521781190555579,1.3355481727574752,0.15554,False,25,25,0.00191374367746439,0.001778990948721633,0.0018323827126125191,0.0018323827126125191,9,9,2,2.5330047409228444,0.8910905690590765,22,2.257136636018276,7.3197317283922905,,45,0.7096774193548387,0.88125,0.94375,0.821875,0.853125,,,,,,,2026-07-01,2028-07-01,,,,
concept:4b7dac0abb9474e4424253c0,quantum simulators,2025-07-01,2025-07-01,2017-09-01,2860,2,2,0,0.0,,True,0.0,0.0,0.0,-0.6931471805599453,0.0,0.0,0.0,0.0,0.0,0.0,0.0,0.0,1.0,1306,1,2,-0.0,0.6931471805599453,0,,,,,0,7,1,6,3,9,,0.0,1.9459101490553132,2.6390573296152584,0.07142857142857142,0.07142857142857142,-0.3333333333333333,,0,0,0,0,0,0,0,2.0,0.5,,0,,,0.0,0.0,,1.0986122886681098,0,0,0,,,0,0,0,0,0,0,0,0,0,,0,0,0,0,,,,,,,,,,,,,,,True,,,,,,,,True,0,,True,,,,,0,,,,,,,False,,0.5,0.0,0.5,0.0,True,2,False,False,,True,False,,True,False,,True,False,,True,False,,True,1,1,0.23804628387473534,0,0,1453,0,True,0.124999,0.12499868842435724,0.2268129890577666,0.1520850808591379,1.3355481727574752,0.15554,False,20,0,0.0012932890679371533,-0.00031043464535434944,0.0004940255525393426,0.00040318264584219,14,0,2,1.5451665999226472,0.8315255367772109,0,1.284845486410897,5.254745668503276,,53,0.6580645161290323,0.296875,0.271875,0.821875,0.4,,,,,,,2026-07-01,2028-07-01,,,,
concept:4d6f83d3da0d93315fda8352,Quantum-safe cryptographic algorithms,2025-07-01,2025-07-01,2022-04-06,1182,2,2,0,0.0,,True,0.0,0.0,0.0,-1.0986122886681098,0.0,0.0,0.0,0.0,0.0,0.0,0.0,0.0,1.0,1001,1,2,-0.0,0.6931471805599453,0,,,,,0,1,0,1,5,2,,0.0,-0.0,0.6931471805599453,0.5,0.5,-1.0,,0,0,0,0,0,0,0,2.0,0.5,1.0,1,0.0,0.0,0.0,0.0,,1.0986122886681098,0,0,0,,,0,0,0,0,0,0,0,0,0,,0,0,0,0,,,,,,,,,,,,,,,True,,,,,,,,True,0,,True,,,,,0,,,,,,,False,,0.0,0.0,0.5,0.5,True,2,False,False,,True,False,,True,False,,True,False,,True,False,,True,1,1,0.23804628387473534,0,1,389,3,True,0.020828,0.01095924980780083,0.1301043137960416,0.027749610132800463,1.5576923076923077,0.136247,False,5,0,0.0005252382463323099,-0.00019669114210045416,9.310044948138164e-06,-0.0010759842443918098,4,0,2,2.1769481891615285,0.5959249999999999,0,1.2972978496260836,5.2421398026701835,,50,0.6774193548387097,0.296875,0.271875,0.3625,0.040625,,,,,,,2026-07-01,2028-07-01,,,,
concept:4d95499f713e6b5c1d8d3532,post-quantum cryptographic assemblages,2025-07-01,2025-07-01,2021-09-03,1397,2,4,0,0.0,,True,0.0,0.0,0.0,-1.6094379124341003,0.0,0.0,0.0,0.0,0.0,0.0,0.0,0.0,1.0,912,1,1,-0.0,-0.0,0,,,,,0,2,1,3,3,2,,0.0,0.6365141682948128,2.1458417525947544,0.12396694214876033,0.18181818181818182,-0.3333333333333333,,0,1,0,0,0,0,0,4.0,0.75,0.3888888888888889,1,0.0,0.0,0.0,2.251291798606495,,1.6094379124341003,0,0,0,,,0,0,0,0,0,0,0,0,0,,0,0,0,0,,,,,,,,,,,,,,,True,,,,,,,,True,0,1,False,,0,,,0,,,,,,,False,1.0,0.0,0.0,0.25,0.0,True,2,False,False,,True,False,,True,False,,True,False,,True,False,,True,1,1,0.34873150258179014,0,1,389,3,True,0.081905,0.0819045116874253,0.12803532457482403,0.09637619340345065,1.5576923076923077,0.136247,False,0,0,0.00011402508551881415,-2.0727643223942906e-05,0.0,0.0,0,0,0,,,0,,8.081473457097388,,50,0.6774193548387097,0.296875,0.271875,0.821875,0.040625,,,,,,,2026-07-01,2028-07-01,,,,
concept:4de1522a4eea5118bcaa412f,GPU acceleration,2025-07-01,2025-07-01,2016-05-27,3322,3,4,1,0.6931471805599453,,True,0.0,-0.6931471805599453,0.6931471805599453,-0.40546510810816444,0.6931471805599453,0.0,0.0,0.0,-1.3862943611198906,-0.13363062095621217,0.14285714285714285,0.041666666666666664,0.5,281,1,3,-0.0,1.0986122886681096,1,,,,,0,1,1,1,8,50,1.0,0.0,-0.0,1.3862943611198906,0.25,0.25,0.0,,0,0,0,0,0,0,0,4.0,0.75,1.0,1,0.0,0.0,0.0,0.4054651081081645,,1.6094379124341003,0,0,0,,,0,0,0,0,0,0,0,0,0,,0,0,0,0,,,,,,,,,,,,,,,True,,,,,,,,True,0,,True,,,,,0,,,,,,,False,,0.0,0.0,0.25,0.0,True,3,False,False,,True,False,,True,False,,True,False,,True,False,,True,1,1,0.10700924479478903,1,0,1453,0,True,0.121773,0.12177302123013112,0.1924751311580355,0.13813284241999582,1.3355481727574752,0.15554,False,26,4,0.00168820078361077,9.128758283840103e-05,0.007918571692480614,0.0022487213089686757,13,0,4,2.429015077002051,0.8745825991160499,0,2.1243743193365257,5.526234019642461,,49,0.6838709677419355,0.671875,0.65625,0.821875,0.915625,,,,,,,2026-07-01,2028-07-01,,,,
concept:5045122efe9dbe45abb571b5,Device-Edge Co-Inference in Multi-User Wireless Sensing Systems,2025-07-01,2025-07-01,2020-12-01,1673,2,2,0,-0.6931471805599453,,True,0.0,0.0,-0.6931471805599453,0.6931471805599453,-0.6931471805599453,0.0,0.0,0.0,0.6931471805599453,-0.13363062095621217,0.14285714285714285,0.041666666666666664,1.0,463,1,2,-0.0,0.6931471805599453,0,,,,,0,2,0,2,4,4,,0.0,0.6931471805599453,1.3862943611198906,0.25,0.25,-1.0,,0,0,0,0,0,0,0,2.0,0.5,1.0,2,0.0,0.0,0.0,0.5108256237659905,,1.0986122886681098,0,0,0,,,0,0,0,0,0,0,0,0,0,,0,0,0,0,,,,,,,,,,,,,,,True,,,,,,,,True,0,,True,,,,,0,,,,,,,False,,0.0,0.0,0.5,0.0,True,2,False,False,,True,False,,True,False,,True,False,,True,False,,True,1,1,0.07304517336419017,0,1,195,3,True,0.116791,0.1167913663764214,0.14428422732143675,0.1270367994909402,0.7317073170731707,0.112821,False,0,0,0.00011402508551881415,-2.0727643223942906e-05,0.0,0.0,0,0,0,,,0,,4.055295169264148,,53,0.6580645161290323,0.296875,0.271875,0.3625,0.103125,,,,,,,2026-07-01,2028-07-01,,,,
concept:5047acfc43f50fd2aa721ec0,GAP-8,2025-07-01,2025-07-01,2018-07-01,2557,2,2,0,0.0,,True,0.0,0.0,0.0,0.0,0.0,0.0,0.0,0.0,0.0,0.0,0.0,0.0,1.0,1599,1,1,-0.0,-0.0,0,,,,,0,2,0,6,6,12,,0.0,0.6931471805599453,2.2450352741261774,0.1124260355029586,0.15384615384615385,-1.0,,0,0,0,0,0,0,0,2.0,0.5,,0,,,0.0,0.0,,1.0986122886681098,0,0,0,,,0,0,0,0,0,0,0,0,0,,0,0,0,0,,,,,,,,,,,,,,,True,,,,,,,,True,0,,True,,,,,0,,,,,,,False,,0.0,0.0,0.5,0.0,True,2,False,False,,True,False,,True,False,,True,False,,True,False,,True,1,1,0.23804628387473534,0,1,195,3,True,0.162721,0.162720758159975,0.1261046799877661,0.1685527953327568,0.7317073170731707,0.112821,False,7,0,0.0008696543084084927,-0.0001539982302904906,0.001749065557392862,-0.00038104397895416444,5,0,2,2.7984121246570695,0.616715657309132,0,1.7258245728797292,5.3465960822827485,,53,0.6580645161290323,0.296875,0.271875,0.3625,0.546875,,,,,,,2026-07-01,2028-07-01,,,,
concept:515d09d98851c3e6b82a40b3,генеративные модели,2025-07-01,2025-07-01,2019-12-06,2034,3,5,0,0.0,,True,0.0,0.0,-0.6931471805599453,0.0,0.0,0.0,0.0,0.0,0.0,-0.13363062095621217,0.14285714285714285,0.041666666666666664,1.0,547,1,2,-0.0,0.6365141682948128,0,,,,,0,10,0,23,9,30,,0.0,2.210253577620973,3.6280156368701615,0.026955950032873106,0.05128205128205128,-1.0,,0,0,0,0,0,0,0,5.0,0.8,1.0,1,0.0,0.0,0.0,0.0,,1.791759469228055,0,0,0,,,0,0,0,0,0,0,0,0,0,,0,0,0,0,,,,,,,,,,,,,,,True,,,,,,,,True,0,,True,,,,,0,,,,,,,False,,0.0,0.0,0.2,0.0,True,3,False,False,,True,False,,True,False,,True,False,,True,False,,True,1,1,0.11913154659444304,0,0,1453,0,True,0.159593,0.15959314922845302,0.20097044516575246,0.18049308467960945,1.3355481727574752,0.15554,False,48,0,0.0017167320105433278,-0.00028878023758011724,0.011088915062310193,-0.005033154917027896,39,0,2,2.6088708957187943,0.9286198095372373,0,2.4226491942896287,6.245082145069197,,50,0.6774193548387097,0.671875,0.271875,0.3625,0.828125,,,,,,,2026-07-01,2028-07-01,,,,
concept:52aa7e808fb1a9716c3dd090,Two-Way Transpose (TWT) SRAM-CIM macro for AI edge chips,2025-07-01,2025-07-01,2020-02-01,1977,2,2,0,0.0,,True,0.0,0.0,0.0,-0.6931471805599453,0.0,0.0,0.0,0.0,0.0,0.0,0.0,0.0,1.0,1390,1,1,-0.0,-0.0,0,,,,,0,3,0,3,2,29,,0.0,1.0549201679861442,1.7351264569629226,0.18518518518518517,0.2222222222222222,-1.0,,0,0,0,0,0,0,0,2.0,0.5,1.0,1,0.0,0.0,0.0,0.6931471805599453,,1.0986122886681098,0,0,0,,,0,0,0,0,0,0,0,0,0,,0,0,0,0,,,,,,,,,,,,,,,True,,,,,,,,True,0,3,False,,0,1977,,0,,,,,,,False,,0.0,0.0,0.5,0.0,True,2,False,False,,True,False,,True,False,,True,False,,True,False,,True,1,1,0.23804628387473534,0,1,195,3,True,0.105791,0.10579097341667487,0.16462801227689616,0.12916475487500517,0.7317073170731707,0.112821,False,1,0,0.00015231582775974525,-2.6066970645382555e-05,0.0,0.0,1,0,0,3.091042453358316,0.0,0,0.0,6.511880400895017,,47,0.6967741935483871,0.296875,0.271875,0.3625,0.81875,,,,,,,2026-07-01,2028-07-01,,,,
concept:549bccb06bc72d705d442e7b,U-Net,2025-07-01,2025-07-01,2017-01-02,3102,2,2,0,0.0,,True,0.0,0.0,0.0,0.0,0.0,0.0,0.0,0.0,0.0,0.0,0.0,0.0,1.0,1877,1,1,-0.0,-0.0,0,,,,,0,4,1,5,4,8,,0.0,1.3321790402101223,2.6156305770275505,0.07555555555555556,0.13333333333333333,-0.3333333333333333,,0,0,0,0,0,0,0,2.0,0.5,,0,,,0.0,0.0,,1.0986122886681098,0,0,0,,,0,0,0,0,0,0,0,0,0,,0,0,0,0,,,,,,,,,,,,,,,True,,,,,,,,True,0,,True,,,,,0,,,,,,,False,,0.0,0.0,0.5,0.0,True,2,False,False,,True,False,,True,False,,True,False,,True,False,,True,1,1,0.23804628387473534,0,1,120,3,True,0.068067,0.06806706695290132,0.10940375193154206,0.13349539572791563,0.7222222222222222,0.058333,False,9,0,0.0012967680499389588,-0.00023572835188891768,5.035188725827936e-05,5.035188725827936e-05,5,0,0,1.310388950290287,0.6487654320987655,0,0.8501350535525257,6.312465991329777,,53,0.6580645161290323,0.296875,0.271875,0.821875,0.346875,,,,,,,2026-07-01,2028-07-01,,,,
concept:54ccbd508b1593e40257c2dd,Hash-based signatures,2025-07-01,2025-07-01,2024-03-07,481,2,3,1,0.0,,True,0.0,-1.0986122886681098,0.4054651081081644,1.3862943611198906,0.0,0.0,0.0,0.0,-1.5040773967762742,-0.3585685828003181,0.2857142857142857,0.11764705882352941,0.33333333333333337,307,1,2,-0.0,0.6931471805599453,1,,,,,0,2,0,5,5,9,1.0,0.0,0.6931471805599453,1.6094379124341005,0.20000000000000004,0.2,-1.0,,0,0,0,0,0,0,0,3.0,0.6666666666666666,,0,,,0.0,0.0,,1.3862943611198906,0,0,0,,,0,0,0,0,0,0,0,0,0,,0,0,0,0,,,,,,,,,,,,,,,True,,,,,,,,True,0,,True,,,,,0,,,,,,,False,,0.0,0.0,0.3333333333333333,0.0,True,2,False,False,,True,False,,True,False,,True,False,,True,False,,True,1,1,0.17858696541315572,9,1,389,3,True,0.046799,0.04679890300349432,0.12779595891554396,0.08465480236199056,1.5576923076923077,0.136247,False,12,6,0.0009365135513361154,0.0001791625618660261,0.0001540957123806953,0.0001540957123806953,7,1,2,2.6686082071589983,0.7933962185602728,0,2.117263660378858,4.774925755990255,,52,0.6645161290322581,0.296875,0.65625,0.3625,0.4,,,,,,,2026-07-01,2028-07-01,,,,
concept:557e9abff89cccdb902c8bcb,Central Bank Digital Currency,2025-07-01,2025-07-01,2017-08-01,2891,17,26,1,-0.40546510810816444,,True,0.0,-1.0986122886681098,-0.6931471805599453,0.13353139262452257,-0.40546510810816444,0.0,0.0,0.0,-0.8109302162163289,-0.7071067811865475,0.42857142857142855,0.125,0.8,233,1,12,-0.0,2.3639211032839484,1,,,,,0,13,1,26,13,70,1.0,0.0,2.3341679050270843,3.9558149831629,0.020214030915576692,0.05172413793103448,-0.8181818181818182,,0,1,0,0,0,0,0,26.0,0.9615384615384616,1.0,7,0.03333333333333333,0.0,0.0,1.3545456628053105,,3.295836866004329,3,3,0,0.0,0.0,0,0,0,0,0,0,0,0,0,,0,0,1,0,,,,,,,,,,,,,,,True,,,,,,,,True,0,4,False,,0,0,1096,0,,,,,,,False,1.0,0.11764705882352941,0.0,0.038461538461538464,0.0,True,17,False,False,,True,False,,True,False,,True,False,,True,False,,True,1,1,0.2191355200925705,0,1,389,3,True,0.076789,0.07678873022097044,0.18279906764128284,0.11703480620089872,1.5576923076923077,0.136247,False,17,2,0.0017357681380744533,-0.00027802221807249426,0.01426169222823195,0.005845849876912116,9,0,2,2.3086953024701242,0.8516698763828303,0,1.9662462428603518,6.941187884866785,,42,0.7290322580645161,0.946875,0.65625,0.821875,0.940625,,,,,,,2026-07-01,2028-07-01,,,,
concept:55d343acdad2eb88c776adbd,quantum teleportation,2025-07-01,2025-07-01,2011-07-29,5086,2,2,0,0.0,,True,0.0,0.0,0.0,-0.6931471805599453,0.0,0.0,0.0,0.0,0.0,0.0,0.0,0.0,1.0,1306,1,2,-0.0,0.6931471805599453,0,,,,,0,2,0,2,3,5,,0.0,0.6931471805599453,0.6931471805599453,0.5,0.5,-1.0,,0,0,0,0,0,0,0,2.0,0.5,1.0,1,0.0,0.0,0.0,0.0,,1.0986122886681098,0,0,0,,,0,0,0,0,0,0,0,0,0,,0,0,0,0,,,,,,,,,,,,,,,True,,,,,,,,True,0,,True,,,,,0,,,,,,,False,,0.0,0.0,0.5,0.0,True,2,False,False,,True,False,,True,False,,True,False,,True,False,,True,1,1,0.23804628387473534,0,3,9,1,False,0.127098,0.12709828941101842,0.1741620678044591,0.1459134004942217,2.8,0.111111,False,6,0,0.0005585272993655924,-0.00017021936986391336,0.0,0.0,6,0,2,1.8342342284269044,0.5551825081884606,0,1.0183347595431747,5.254745668503276,,50,0.6774193548387097,0.296875,0.271875,0.3625,0.140625,,,,,,,2026-07-01,2028-07-01,,,,
concept:5af2e9623aea106ca0098446,FINMEM,2025-07-01,2025-07-01,2024-05-20,407,2,5,1,0.0,,True,0.0,-0.6931471805599453,-0.916290731874155,1.791759469228055,0.0,0.0,0.0,0.0,0.2231435513142097,-0.5455447255899809,0.2857142857142857,0.13333333333333333,0.8,181,1,1,-0.0,-0.0,1,,,,,0,1,0,3,6,22,0.9285714285714286,0.1111111111111111,-0.0,1.0397207708399179,0.375,0.5,-1.0,,0,0,0,0,0,0,0,5.0,0.8,1.0,1,0.0,0.0,0.0,1.3862943611198904,,1.791759469228055,0,0,0,,,0,0,0,0,0,0,0,0,0,,0,0,0,0,,,,,,,,,,,,,,,True,,,,,,,,True,0,1,False,,0,,,0,,,,,,,False,,0.0,0.0,0.2,0.0,True,2,False,False,,True,False,,True,False,,True,False,,True,False,,True,1,1,0.032499015633353154,6,2,10,3,False,0.213563,0.15255420543493625,0.12139016078910181,0.1710625211785277,2.3333333333333335,0.6,True,1,1,0.0002565192198735402,0.00012176649113078314,0.0,0.0,1,1,0,2.0794415416798357,0.0,0,0.0,6.861125789013979,,47,0.6967741935483871,0.296875,0.65625,0.3625,0.740625,,,,,,,2026-07-01,2028-07-01,,,,
concept:5de150762390026bbc0d0b16,Public Key Infrastructure (PKI),2025-07-01,2025-07-01,2021-01-01,1642,5,5,1,0.0,,True,0.6931471805599453,0.6931471805599453,0.0,0.4054651081081644,0.0,0.0,0.0,0.0,0.6931471805599453,0.8017837257372732,0.2857142857142857,0.08333333333333333,0.5,49,1,5,-0.0,1.6094379124341005,1,,,,,0,5,1,9,7,22,1.0,0.0,1.6094379124341005,2.564949357461537,0.07692307692307693,0.07692307692307693,-0.6,,0,0,0,0,0,0,0,5.0,0.8,,0,,,0.0,0.0,,1.791759469228055,0,0,0,,,0,0,0,0,0,0,0,0,0,,0,0,0,0,,,,,,,,,,,,,,,True,,,,,,,,True,0,,True,,,,,0,,,,,,,False,,0.0,0.0,0.2,0.0,True,5,False,False,,True,False,,True,False,,True,False,,True,False,,True,1,1,0.38823676709842325,4,1,389,3,True,0.061643,0.06164275706756728,0.14719609061202132,0.131579512456207,1.5576923076923077,0.136247,False,20,5,0.001646128765317982,-0.00011257607552917024,0.001456087442272272,-0.0031297912689320934,11,0,1,2.561830004284739,0.8723800270765971,0,2.2348893285035594,5.10791413966205,,52,0.6645161290322581,0.84375,0.65625,0.821875,0.740625,,,,,,,2026-07-01,2028-07-01,,,,
concept:5e02152b1284507f34a33e29,Post-Quantum Cryptography (PQC) frameworks,2025-07-01,2025-07-01,2021-12-01,1308,2,2,0,0.0,,True,0.0,0.0,0.0,-1.0986122886681098,0.0,0.0,0.0,0.0,0.0,0.0,0.0,0.0,1.0,1097,1,2,-0.0,0.6931471805599453,0,,,,,0,2,0,3,2,3,,0.0,0.6931471805599453,1.0986122886681096,0.3333333333333333,0.3333333333333333,-1.0,,0,0,0,0,0,0,0,2.0,0.5,1.0,2,0.0,0.0,0.0,1.2039728043259361,,1.0986122886681098,0,0,0,,,0,0,0,0,0,0,0,0,0,,0,0,0,0,,,,,,,,,,,,,,,True,,,,,,,,True,0,1,False,,0,,,0,,,,,,,False,,0.0,0.0,0.5,0.0,True,2,False,False,,True,False,,True,False,,True,False,,True,False,,True,1,1,0.23804628387473534,0,1,389,3,True,0.061792,0.06179157855311346,0.13890667537659152,0.09577516487116693,1.5576923076923077,0.136247,False,12,0,0.0009534083267303733,-0.00032387722148693586,0.00032378018109602524,-0.0007586616219886983,8,0,1,2.3483913327488404,0.7880355578710242,0,1.8506158740022105,4.026973751107017,,48,0.6903225806451613,0.296875,0.271875,0.3625,0.078125,,,,,,,2026-07-01,2028-07-01,,,,
concept:5f71df0a9bafbf0b59299a5c,ECC,2025-07-01,2025-07-01,2023-01-01,912,13,18,9,1.2039728043259361,,True,1.252762968495368,0.47000362924573563,1.0986122886681098,1.0986122886681098,1.2039728043259361,0.0,0.0,0.0,-1.1394342831883646,3.318060248025013,0.42857142857142855,0.3333333333333333,0.0,14,1,13,-0.0,2.564949357461537,1,,,,,0,10,0,29,9,47,1.0,0.0,2.20478541691352,3.4965075614664802,0.030303030303030307,0.030303030303030304,-1.0,,0,0,0,0,0,0,0,18.0,0.9444444444444444,,0,,,0.0,0.0,,2.9444389791664403,0,0,0,,,0,0,0,0,0,0,0,0,0,,0,0,0,0,,,,,,,,,,,,,,,True,,,,,,,,True,0,,True,,,,,0,,,,,,,False,,0.0,0.0,0.05555555555555555,0.0,True,13,False,False,,True,False,,True,False,,True,False,,True,False,,True,1,1,0.0,34,1,389,3,True,0.123489,0.12348875352793254,0.12592663076577104,0.1312544658882328,1.5576923076923077,0.136247,False,50,25,0.0036123008222958965,0.001123998551707328,0.004533999789134776,0.0006719754574632457,11,0,2,2.4976927020265984,0.9319232730185011,14,2.3276579578670513,6.838379501668168,,52,0.6645161290322581,0.93125,0.978125,0.3625,0.909375,,,,,,,2026-07-01,2028-07-01,,,,
concept:5fb16a1a8ff4e9aff6af6e7a,Ethereum,2025-07-01,2025-07-01,2018-12-19,2386,10,10,3,0.6931471805599453,,True,-1.0986122886681098,0.4054651081081644,0.6931471805599453,0.9162907318741551,0.6931471805599453,0.0,0.0,0.0,0.4054651081081644,-0.4558423058385518,0.42857142857142855,0.16666666666666666,0.0,146,1,8,-0.0,1.9730014063936128,1,,,,,0,10,1,18,7,44,1.0,0.0,2.210253577620973,3.291336152795344,0.04,0.1,-0.8,,0,0,0,0,0,0,0,10.0,0.9,1.0,1,0.0,0.0,0.0,0.6931471805599453,,2.3978952727983707,0,0,0,,,0,0,0,0,0,0,0,0,0,,0,0,0,0,,,,,,,,,,,,,,,True,,,,,,,,True,0,,True,,,,,0,,,,,,,False,,0.0,0.0,0.1,0.0,True,10,False,False,,True,False,,True,False,,True,False,,True,False,,True,1,1,0.15943265674105636,13,1,389,3,True,0.106547,0.10654651301600493,0.12200580165389252,0.11478179327468904,1.5576923076923077,0.136247,False,40,7,0.002538102761068751,0.00011701569754365895,0.01428895628572306,0.002724050135470899,20,0,2,2.430098119041388,0.9181070356558059,1,2.2310901804258383,6.227554960332139,,49,0.6838709677419355,0.9125,0.90625,0.821875,0.896875,,,,,,,2026-07-01,2028-07-01,,,,
concept:66868c041e38c29fe52136cf,Long Short-Term Memory,2025-07-01,2025-07-01,2019-09-12,2119,3,3,0,-0.6931471805599453,,True,0.0,0.0,-0.6931471805599453,0.6931471805599453,-0.6931471805599453,0.0,0.0,0.0,0.0,-0.13363062095621217,0.14285714285714285,0.041666666666666664,1.0,547,1,2,-0.0,0.6365141682948128,0,,,,,0,6,0,6,8,15,,0.0,1.7478680974667573,2.9264175554979963,0.05500000000000001,0.1,-1.0,,0,0,0,0,0,0,0,3.0,0.6666666666666666,1.0,1,0.0,0.0,0.0,0.0,,1.3862943611198906,0,0,0,,,0,0,0,0,0,0,0,0,0,,0,0,0,0,,,,,,,,,,,,,,,True,,,,,,,,True,0,,True,,,,,0,,,,,,,False,,0.0,0.0,0.3333333333333333,0.0,True,3,False,False,,True,False,,True,False,,True,False,,True,False,,True,1,1,0.09217274646050577,0,1,120,3,True,0.083725,0.08372458749619693,0.11718837027566587,0.12467672890311807,0.7222222222222222,0.058333,False,77,0,0.002344378128089528,-0.0003782024897836275,0.012195775939670478,-0.008676486050647947,39,0,1,2.6476763705111566,0.9505140972001069,0,2.516653714994468,5.3756381804105855,,50,0.6774193548387097,0.671875,0.271875,0.3625,0.609375,,,,,,,2026-07-01,2028-07-01,,,,
concept:67aa8277279d5751f5415940,Llama 2 series,2025-07-01,2025-07-01,2024-01-01,547,2,5,0,-1.0986122886681098,,True,0.0,0.0,-1.791759469228055,1.791759469228055,-1.0986122886681098,0.0,0.0,0.0,0.0,-0.5455447255899809,0.14285714285714285,0.05263157894736842,1.0,547,1,1,-0.0,-0.0,0,,,,,0,1,2,4,2,16,,0.0,-0.0,2.3693821196946763,0.09722222222222221,0.16666666666666666,0.0,,0,0,0,0,0,0,0,5.0,0.8,,0,,,0.0,0.0,,1.791759469228055,0,0,0,,,0,0,0,0,0,0,0,0,0,,0,0,0,0,,,,,,,,,,,,,,,True,,,,,,,,True,0,,True,,,,,0,,,,,,,False,,0.0,0.0,0.2,0.0,True,2,False,False,,True,False,,True,False,,True,False,,True,False,,True,1,1,0.0,0,1,88,3,True,0.129889,0.1298891331089599,0.12505259519802392,0.1511956399213241,1.5238095238095237,0.420455,False,3,0,0.0011151223630105683,-0.00020270853897065826,0.0,-9.397542072119234e-06,2,0,0,0.6730116670092565,0.38888888888888884,0,0.26172675939248863,4.026973751107017,,53,0.6580645161290323,0.296875,0.271875,0.940625,0.63125,,,,,,,2026-07-01,2028-07-01,,,,
concept:6c0bd376a4ab12ba40236edc,Artificial Intelligence of Things (AIoT),2025-07-01,2025-07-01,2021-06-14,1478,3,3,0,-0.6931471805599453,,True,0.0,0.0,-0.6931471805599453,0.0,-0.6931471805599453,0.0,0.0,0.0,0.0,-0.13363062095621217,0.14285714285714285,0.041666666666666664,1.0,621,1,2,-0.0,0.6365141682948128,0,,,,,0,4,0,4,8,12,,0.0,1.3862943611198906,2.685945324669788,0.0703125,0.125,-1.0,,0,0,0,0,0,0,0,3.0,0.6666666666666666,,0,,,0.0,0.0,,1.3862943611198906,0,0,0,,,0,0,0,0,0,0,0,0,0,,0,0,0,0,,,,,,,,,,,,,,,True,,,,,,,,True,0,,True,,,,,0,,,,,,,False,,0.0,0.0,0.3333333333333333,0.0,True,3,False,False,,True,False,,True,False,,True,False,,True,False,,True,1,1,0.09217274646050577,0,1,195,3,True,0.152176,0.1521758393000101,0.1618881298222241,0.16597439644625045,0.7317073170731707,0.112821,False,3,0,0.0011038598704480945,-0.0002139710315331321,0.0,-3.1325140240397446e-06,2,0,0,1.9701814400260842,0.441358024691358,0,0.8695553886534877,6.794128250679544,,53,0.6580645161290323,0.671875,0.271875,0.3625,0.546875,,,,,,,2026-07-01,2028-07-01,,,,
concept:6cce4b340a543f6c0ab8dc31,Generative Adversarial Networks,2025-07-01,2025-07-01,2019-09-12,2119,6,9,1,-0.40546510810816444,,True,-0.6931471805599453,0.6931471805599453,-0.40546510810816444,1.3862943611198906,0.0,-0.6931471805599453,0.0,0.0,1.3862943611198906,-0.3585685828003181,0.2857142857142857,0.125,0.8333333333333334,104,2,5,0.45056120886630463,1.5607104090414063,1,,1715,,,1,8,0,11,11,26,1.0,0.0,1.8937882323911377,3.1634240504234046,0.0432,0.08,-1.0,,0,0,0,0,0,0,0,8.666666666666666,0.8888888888888888,1.0,3,0.0,0.0,0.0,0.0,,1.6094379124341005,0,0,0,,,0,0,0,0,0,0,0,0,0,,0,0,0,0,,,,,,,,,,,,,,,True,,,,,,,,True,0,,True,,,,,1,0.0,,0,0,,,False,,0.16666666666666666,0.0,0.1111111111111111,0.0,True,5,False,True,1,False,False,,True,False,,True,False,,True,False,,True,2,2,0.29662652889331986,5,0,1453,0,True,0.049466,0.04946592443215825,0.19589732393473847,0.1360965025621905,1.3355481727574752,0.15554,False,76,2,0.002301038634618412,-0.0002178176604778594,0.07107050864901523,0.03728756358788676,39,0,4,2.653754740937721,0.9507977573157284,0,2.523184056149567,5.546893815384573,,44,0.7161290322580645,0.86875,0.65625,0.3625,0.803125,,,,,,,2026-07-01,2028-07-01,,,,
concept:6ec797f97ab98c88883b12d1,Scaling solutions for blockchain,2025-07-01,2025-07-01,2020-01-01,2008,2,2,0,0.0,,True,0.0,0.0,0.0,0.0,0.0,0.0,0.0,0.0,0.0,0.0,0.0,0.0,1.0,2008,1,2,-0.0,0.6931471805599453,0,,,,,0,3,0,4,3,7,,0.0,1.0986122886681096,1.791759469228055,0.16666666666666666,0.16666666666666666,-1.0,,0,0,0,0,0,0,0,2.0,0.5,1.0,2,0.0,0.0,0.0,0.0,,1.0986122886681098,1,1,0,0.0,0.0,0,0,0,0,0,0,0,0,0,,0,0,0,0,,,,,,,,,,,,,,,True,,,,,,,,True,0,,True,,,,,0,,,,,,,False,,0.0,0.0,0.5,0.0,True,2,False,False,,True,False,,True,False,,True,False,,True,False,,True,1,1,0.23804628387473534,0,1,389,3,True,0.148136,0.14813608216931407,0.13438028501125943,0.16663449351720622,1.5576923076923077,0.136247,False,1,0,0.000585534234989644,-0.00010643925117500804,0.0,0.0,1,0,0,1.0986122886681096,0.0,0,0.0,3.887051166540285,,48,0.6903225806451613,0.296875,0.271875,0.3625,0.278125,,,,,,,2026-07-01,2028-07-01,,,,
concept:7113d535db62e0caa78e5dd4,Lightning Network,2025-07-01,2025-07-01,2020-07-16,1811,2,2,0,0.0,,True,0.0,0.0,0.0,-0.6931471805599453,0.0,0.0,0.0,0.0,0.0,0.0,0.0,0.0,1.0,1387,1,2,-0.0,0.6931471805599453,0,,,,,0,2,0,4,3,3,,0.0,0.6931471805599453,2.3025850929940455,0.10000000000000002,0.1,-1.0,,0,0,0,0,0,0,0,2.0,0.5,,0,,,0.0,0.0,,1.0986122886681098,0,0,0,,,0,0,0,0,0,0,0,0,0,,0,0,0,0,,,,,,,,,,,,,,,True,,,,,,,,True,0,,True,,,,,0,,,,,,,False,,0.0,0.0,0.5,0.0,True,2,False,False,,True,False,,True,False,,True,False,,True,False,,True,1,1,0.23804628387473534,0,1,389,3,True,0.133923,0.13392314929033355,0.13351532320627357,0.1408824866169991,1.5576923076923077,0.136247,False,13,0,0.001328615848950851,-0.00024151769036985624,5.300198658766249e-05,3.1074388419384277e-05,7,0,1,1.0986122886681096,0.7378134685826994,0,0.8105709433297957,4.2757817439929235,,53,0.6580645161290323,0.296875,0.271875,0.3625,0.078125,,,,,,,2026-07-01,2028-07-01,,,,
concept:7ad9361ee152b83a52687d53,tokenization,2025-07-01,2025-07-01,2019-01-01,2373,5,14,1,-0.40546510810816444,,True,0.0,-0.6931471805599453,-1.3862943611198906,2.1972245773362196,-0.40546510810816444,0.0,0.0,0.0,0.6931471805599453,-0.7807200583588265,0.2857142857142857,0.125,0.875,183,1,4,-0.0,1.3321790402101223,1,,,,,0,7,0,14,7,23,1.0,0.0,1.9061547465398494,2.7516666169315167,0.06574394463667821,0.11764705882352941,-1.0,,0,0,0,0,0,0,0,14.0,1.0,1.0,2,0.0,0.0,0.0,1.2039728043259361,,2.70805020110221,0,0,0,,,0,0,0,0,0,0,0,0,0,,0,0,0,0,,,,,,,,,,,,,,,True,,,,,,,,True,0,,True,,,,,0,,,,,,,False,,0.2,0.0,0.0,0.0,True,5,False,False,,True,False,,True,False,,True,False,,True,False,,True,1,1,0.0,8,1,389,3,True,0.131778,0.13177778187181954,0.20446952927458928,0.1700417600984938,1.5576923076923077,0.136247,False,24,12,0.0018533608254824251,0.000419438359740417,0.012002490167489029,0.0024108895647003293,12,6,2,2.812903441171141,0.8722074365217221,0,2.4534352996070115,6.283498599167137,,49,0.6838709677419355,0.84375,0.65625,0.3625,0.765625,,,,,,,2026-07-01,2028-07-01,,,,
concept:7b90871751060b67fe821c01,Distributed Hash Table (DHT),2025-07-01,2025-07-01,2020-12-16,1658,2,2,0,-0.6931471805599453,,True,0.0,0.0,-0.6931471805599453,0.6931471805599453,-0.6931471805599453,0.0,0.0,0.0,0.6931471805599453,-0.13363062095621217,0.14285714285714285,0.041666666666666664,1.0,487,1,2,-0.0,0.6931471805599453,0,,,,,0,3,1,5,5,7,,0.0,1.0986122886681096,1.791759469228055,0.16666666666666666,0.16666666666666666,-0.3333333333333333,,0,0,0,0,0,0,0,2.0,0.5,,0,,,0.0,0.0,,1.0986122886681098,0,0,0,,,0,0,0,0,0,0,0,0,0,,0,0,0,0,,,,,,,,,,,,,,,True,,,,,,,,True,0,,True,,,,,0,,,,,,,False,,0.0,0.0,0.5,0.0,True,2,False,False,,True,False,,True,False,,True,False,,True,False,,True,1,1,0.07304517336419017,0,1,389,3,True,0.146458,0.14645785614246032,0.14059456162044537,0.15719807258502747,1.5576923076923077,0.136247,False,23,0,0.0013135053205778173,-0.00021591822100032747,0.0031536182019659183,-0.001861536750521713,20,0,0,2.0152588722917986,0.8502043319661521,0,1.7133818232557096,4.23041342206386,,53,0.6580645161290323,0.296875,0.271875,0.821875,0.278125,,,,,,,2026-07-01,2028-07-01,,,,
concept:7fb75e78a42d0d7015bb7d40,Non-Fungible Tokens (NFTs),2025-07-01,2025-07-01,2022-01-15,1263,2,3,0,-0.6931471805599453,,True,0.0,0.0,-0.6931471805599453,-0.40546510810816444,-0.6931471805599453,0.0,0.0,0.0,0.0,-0.13363062095621217,0.0,0.041666666666666664,1.0,639,1,2,-0.0,0.6931471805599453,0,,,,,0,1,0,1,7,6,,0.0,-0.0,-0.0,1.0,1.0,-1.0,,0,0,0,0,0,1,0,3.0,0.6666666666666666,1.0,2,0.0,0.0,0.0,0.8472978603872034,,1.3862943611198906,0,0,0,,,0,0,0,0,0,0,0,0,0,,0,0,0,0,,,,,,,,,,,,,,,True,,,,,,,,True,0,,True,,,,,0,,,,,,,False,,0.0,0.0,0.3333333333333333,0.0,True,2,False,False,,True,False,,True,False,,True,False,,True,False,,True,1,1,0.09217274646050577,0,1,389,3,True,0.091563,0.09156273687169003,0.19027770955467949,0.1494404803564546,1.5576923076923077,0.136247,False,3,0,0.001115122363010568,-0.00020270853897065848,0.0,0.0,2,0,0,1.907283999321379,0.38888888888888884,0,0.7417215552916473,6.367418577548526,1.0,49,0.6838709677419355,0.296875,0.271875,0.3625,0.196875,,,,,,,2026-07-01,2028-07-01,,,,
concept:7fc6a740143349e748bb8f40,Bluetooth Low Energy (BLE),2025-07-01,2025-07-01,2022-01-01,1277,4,4,0,0.0,,True,0.0,0.0,0.0,-1.6094379124341003,0.0,0.0,0.0,0.0,0.0,0.0,0.0,0.0,1.0,832,1,4,-0.0,1.3862943611198906,0,,,,,0,4,1,4,10,20,,0.0,1.3862943611198906,1.9459101490553132,0.14285714285714285,0.14285714285714285,-0.5,,0,0,0,0,0,0,0,4.0,0.5,,0,,,0.0,0.0,,1.6094379124341003,0,0,0,,,0,0,0,0,0,0,0,0,0,,0,0,0,0,,,,,,,,,,,,,,,True,,,,,,,,True,0,,True,,,,,0,,,,,,,False,,0.25,0.0,0.5,0.0,True,4,False,False,,True,False,,True,False,,True,False,,True,False,,True,1,1,0.34873150258179014,0,0,1453,0,True,0.05366,0.05365976504587455,0.2534970054291368,0.15432847141441106,1.3355481727574752,0.15554,False,17,0,0.0016335465854252496,-0.000294158214083377,0.005096231856237386,-0.001502752848979048,9,0,2,2.6901440670475365,0.8181301602547801,0,2.200887996682047,6.445171591240706,,53,0.6580645161290323,0.7875,0.271875,0.821875,0.7125,,,,,,,2026-07-01,2028-07-01,,,,
concept:807a77a866f91e433a96eb19,Sharding in blockchain,2025-07-01,2025-07-01,2020-01-01,2008,2,2,0,0.0,,True,0.0,0.0,0.0,-0.6931471805599453,0.0,0.0,0.0,0.0,0.0,0.0,0.0,0.0,1.0,1291,1,2,-0.0,0.6931471805599453,0,,,,,0,3,0,5,3,10,,0.0,1.0986122886681096,2.0794415416798357,0.125,0.125,-1.0,,0,0,0,0,1,0,0,2.0,0.5,1.0,2,0.0,0.0,0.0,0.2876820724517808,,1.0986122886681098,0,0,0,,,0,0,0,0,0,0,0,0,0,,0,0,0,0,,,,,,,,,,,,,,,True,,,,,,,,True,0,,True,,,,,0,,,,,,,False,,0.0,0.0,0.5,0.0,True,2,False,False,,True,False,,True,False,,True,False,,True,False,,True,1,1,0.23804628387473534,0,1,389,3,True,0.161396,0.16139584189468226,0.150791667877336,0.16730103896245307,1.5576923076923077,0.136247,False,2,0,0.0011094332403969944,-0.00020167436212884166,0.0,-3.1325140240397446e-06,1,0,0,1.0986122886681096,0.5,0,0.5493061443340548,3.887051166540285,,50,0.6774193548387097,0.296875,0.271875,0.3625,0.4625,,,,,,,2026-07-01,2028-07-01,,,,
concept:8207f97d85118a779365d576,distributed metaverse architecture with ternary-world interactions,2025-07-01,2025-07-01,2022-03-06,1213,2,2,0,0.0,,True,0.0,0.0,0.0,-1.0986122886681098,0.0,0.0,0.0,0.0,0.0,0.0,0.0,0.0,1.0,1177,1,1,-0.0,-0.0,0,,,,,0,2,0,4,1,7,,0.0,0.6931471805599453,1.3862943611198906,0.25,0.25,-1.0,,0,0,0,0,0,0,0,2.0,0.5,,0,,,0.5,0.0,,1.0986122886681098,0,0,0,,,0,0,0,0,0,0,0,0,0,,0,0,0,0,,,,,,,,,,,,,,,True,,,,,,,,True,0,,True,,,,,0,,,,,,,False,,0.0,0.0,0.5,0.0,True,2,False,False,,True,False,,True,False,,True,False,,True,False,,True,1,1,0.23804628387473534,0,0,1453,0,True,0.189643,0.18279007514773116,0.19908171763543847,0.20951799070540603,1.3355481727574752,0.15554,False,0,0,0.00011402508551881415,-2.0727643223942906e-05,0.0,0.0,0,0,0,,,0,,,,57,0.6322580645161291,0.296875,0.271875,0.3625,0.278125,,,,,,,2026-07-01,2028-07-01,,,,
concept:83baf8b143644ea212d7dca0,Decentralized Autonomous Organization (DAO),2025-07-01,2025-07-01,2019-01-01,2373,4,5,0,-0.6931471805599453,,True,0.0,0.0,-0.6931471805599453,0.6931471805599453,-0.6931471805599453,0.0,0.0,0.0,0.6931471805599453,-0.13363062095621217,0.14285714285714285,0.041666666666666664,1.0,400,1,3,-0.0,1.0397207708399179,0,,,,,0,6,0,10,6,19,,0.0,1.732867951399863,2.685945324669788,0.0703125,0.125,-1.0,,0,0,0,0,0,0,0,5.0,0.8,0.6666666666666666,2,0.0,0.0,0.25,0.2876820724517808,,1.791759469228055,0,0,0,,,0,0,0,0,0,0,0,0,0,,0,0,0,0,,,,,,,,,,,,,,,True,,,,,,,,True,0,,True,,,,,0,,,,,,,False,,0.25,0.0,0.2,0.2,True,4,False,False,,True,False,,True,False,,True,False,,True,False,,True,1,1,0.11913154659444304,0,1,389,3,True,0.060927,0.060926890447156046,0.18902850654394332,0.1198813566217967,1.5576923076923077,0.136247,False,10,0,0.0009157628043268977,-0.0002390861342936952,0.00043907556471491554,-0.0007771602969521346,6,0,1,2.2727277656092406,0.7329376629818594,0,1.6657677771196198,6.418159470368456,,50,0.6774193548387097,0.7875,0.271875,0.3625,0.69375,,,,,,,2026-07-01,2028-07-01,,,,
concept:84e312752933249e48c068e4,CryptoNote with ring signatures,2025-07-01,2025-07-01,2019-01-01,2373,2,2,0,0.0,,True,0.0,0.0,0.0,0.0,0.0,0.0,0.0,0.0,0.0,0.0,0.0,0.0,1.0,1649,1,2,-0.0,0.6931471805599453,0,,,,,0,3,1,4,3,10,,0.0,1.0986122886681096,2.0794415416798357,0.125,0.125,-0.3333333333333333,,0,0,0,0,0,0,0,2.0,0.5,,0,,,0.0,0.0,,1.0986122886681098,0,0,0,,,0,0,0,0,0,0,0,0,0,,0,0,0,0,,,,,,,,,,,,,,,True,,,,,,,,True,0,,True,,,,,0,,,,,,,False,,0.0,0.0,0.5,0.0,True,2,False,False,,True,False,,True,False,,True,False,,True,False,,True,1,1,0.23804628387473534,0,1,389,3,True,0.16878,0.16878016033015264,0.15068207816247203,0.18290533426221506,1.5576923076923077,0.136247,False,19,0,0.001244551553827866,-0.00022623636250017278,0.0001192544698222406,7.226675946164443e-05,15,0,0,1.1361226774845592,0.812190674053555,0,0.9227482432337138,5.288370295746438,,53,0.6580645161290323,0.296875,0.271875,0.821875,0.4625,,,,,,,2026-07-01,2028-07-01,,,,
concept:88ba8d886ab5484d609f7363,LLM-as-a-Judge,2025-07-01,2025-07-01,2024-09-06,298,2,5,2,1.0986122886681098,,True,0.0,-1.791759469228055,1.791759469228055,1.791759469228055,1.0986122886681098,0.0,0.0,0.0,-3.58351893845611,-0.5455447255899809,0.2857142857142857,0.18181818181818182,0.0,220,1,2,-0.0,0.6931471805599453,1,,,,,0,0,0,0,5,19,1.0,,,1.0986122886681096,0.3333333333333333,0.3333333333333333,,,0,0,0,0,0,0,0,5.0,0.8,1.0,1,0.0,0.0,0.0,1.7047480922384253,,1.791759469228055,0,0,0,,,0,0,0,0,0,0,0,0,0,,0,0,0,0,,,,,,,,,,,,,,,True,,,,,,,,True,0,,True,,,,,0,,,,,,,False,,0.0,0.0,0.2,0.0,True,2,False,False,,True,False,,True,False,,True,False,,True,False,,True,1,1,0.0,5,1,88,3,True,0.166508,0.1339410555530106,0.15496880048695993,0.16835003579971144,1.5238095238095237,0.420455,False,4,4,0.0009107931264162298,0.0009107931264162298,0.0028038050904873454,0.0028038050904873454,2,2,1,2.3131536787336344,0.4990234375,4,1.1543179002274289,8.315251521067243,,52,0.6645161290322581,0.296875,0.83125,0.3625,0.69375,,,,,,,2026-07-01,2028-07-01,,,,
concept:8b697745e6caa6ab4958749e,Foundation models (PFMs),2025-07-01,2025-07-01,2023-01-01,912,2,2,0,-0.6931471805599453,,True,0.0,0.0,-0.6931471805599453,0.0,-0.6931471805599453,0.0,0.0,0.0,0.0,-0.13363062095621217,0.14285714285714285,0.041666666666666664,1.0,606,1,1,-0.0,-0.0,0,,,,,0,3,0,8,6,12,,0.0,1.0397207708399179,2.4583113296830836,0.08875739644970415,0.15384615384615385,-1.0,,0,0,0,0,0,0,0,2.0,0.5,,0,,,0.0,0.0,,1.0986122886681098,0,0,0,,,0,0,0,0,0,0,0,0,0,,0,0,0,0,,,,,,,,,,,,,,,True,,,,,,,,True,0,,True,,,,,0,,,,,,,False,,0.0,0.0,0.5,0.0,True,2,False,False,,True,False,,True,False,,True,False,,True,False,,True,1,1,0.07304517336419017,0,0,1453,0,True,0.172063,0.17206337790122905,0.16126616599086063,0.17736754426195883,1.3355481727574752,0.15554,False,10,0,0.0009489708646304482,-0.000180869907792741,0.0018756417120993241,-0.0038746671741266784,8,0,2,2.2062232393337777,0.7111571010048249,0,1.5689713230540834,7.002413202366487,,53,0.6580645161290323,0.296875,0.271875,0.3625,0.546875,,,,,,,2026-07-01,2028-07-01,,,,
concept:8d5512b13f658f9330a469f4,Post-Quantum Cryptography,2025-07-01,2025-07-01,2017-01-01,3103,14,16,7,0.9808292530117262,,True,-1.0986122886681098,-0.8472978603872037,1.0986122886681098,0.7884573603642703,0.9808292530117262,0.0,0.0,0.0,-2.1000608288825715,-0.9166984970282113,0.42857142857142855,0.3333333333333333,0.11111111111111116,104,1,14,-0.0,2.6390573296152584,1,,,,,0,7,0,16,9,37,1.0,0.0,1.7782333057997075,2.833213344056216,0.058823529411764705,0.058823529411764705,-1.0,,0,0,0,0,0,0,0,16.0,0.9375,1.0,3,0.0,0.0,0.0,0.2231435513142097,,2.833213344056216,0,0,0,,,0,0,0,0,0,0,0,0,0,,0,0,0,0,,,,,,,,,,,,,,,True,,,,,,,,True,0,5,False,,5,0,2962,0,,,,,,,False,,0.0,0.0,0.0625,0.0,True,14,False,False,,True,False,,True,False,,True,False,,True,False,,True,1,1,0.0,9,3,9,1,False,0.03651,0.036103164326876436,0.044013918267404084,0.04160452337164953,2.8,0.111111,False,51,24,0.0036640965778382537,0.0006631891731349645,0.0633678157832107,0.05661294153265532,14,4,9,2.6540548411629867,0.9408837832846078,7,2.4971571599982596,6.614383857907162,,45,0.7096774193548387,0.940625,0.965625,0.3625,0.871875,,,,,,,2026-07-01,2028-07-01,,,,
concept:9063b4ec5d1460cb32d1fa6e,LLM-based research ideation agent,2025-07-01,2025-07-01,2024-01-01,547,4,5,3,0.6931471805599453,,True,-0.6931471805599453,-0.6931471805599453,0.9162907318741551,1.791759469228055,0.6931471805599453,0.0,0.0,0.0,-2.0794415416798357,-0.5455447255899809,0.2857142857142857,0.21052631578947367,0.0,158,1,4,-0.0,1.3862943611198906,1,,,,,0,2,0,2,8,34,1.0,0.0,0.6931471805599453,1.791759469228055,0.16666666666666666,0.16666666666666666,-1.0,,0,0,0,0,0,2,0,5.0,0.8,1.0,2,0.0,0.0,0.0,0.6931471805599452,,1.791759469228055,0,0,0,,,0,0,0,0,0,0,0,0,0,,0,0,0,0,,,,,,,,,,,,,,,True,,,,,,,,True,0,,True,,,,,0,,,,,,,False,,0.0,0.0,0.2,0.0,True,4,False,False,,True,False,,True,False,,True,False,,True,False,,True,1,1,0.03249901563335311,9,2,9,3,False,0.065516,0.06551644166501003,0.041345757289263374,0.08892821074467624,2.0,0.444444,False,8,8,0.0013961425778288158,0.0012613898490860588,0.010080977848973405,0.010080977848973405,5,5,2,2.512012443588663,0.6970789930555555,17,1.7510711047198106,8.171347609520925,1.0,48,0.6903225806451613,0.7875,0.90625,0.3625,0.859375,,,,,,,2026-07-01,2028-07-01,,,,
concept:923f0b4baec8ab4dd0059ec1,Blockchain Oracles,2025-07-01,2025-07-01,2019-01-01,2373,4,7,0,0.0,,True,0.0,0.0,0.0,-1.6094379124341003,0.0,0.0,0.0,0.0,0.0,0.0,0.0,0.0,1.0,912,1,4,-0.0,1.3862943611198906,0,,,,,0,4,0,4,6,13,,0.0,1.3862943611198906,1.3862943611198906,0.25,0.25,-1.0,,0,0,0,0,0,0,0,7.0,1.0,1.0,2,0.0,0.0,0.0,0.5108256237659905,,2.0794415416798357,0,0,0,,,0,0,0,0,0,0,0,0,0,,0,0,0,0,,,,,,,,,,,,,,,True,,,,,,,,True,0,,True,,,,,0,,,,,,,False,,0.0,0.0,0.0,0.0,True,4,False,False,,True,False,,True,False,,True,False,,True,False,,True,1,1,0.45057144967106383,0,1,389,3,True,0.12029,0.12028970631501068,0.13636261595393417,0.15103113922368078,1.5576923076923077,0.136247,False,4,0,0.0008511579814811257,-0.0001567259152881011,0.0006996262229571448,-0.0020350585200295526,2,0,1,2.9678674685340365,0.6700765306122449,0,1.988698336632233,5.248498440869172,,50,0.6774193548387097,0.7875,0.271875,0.3625,0.584375,,,,,,,2026-07-01,2028-07-01,,,,
concept:946d057c26e6865edf3ac79b,AutoML,2025-07-01,2025-07-01,2019-01-01,2373,2,2,0,0.0,,True,0.0,0.0,0.0,0.0,0.0,0.0,0.0,0.0,0.0,0.0,0.0,0.0,1.0,2211,1,2,-0.0,0.6931471805599453,0,,,,,0,4,0,6,5,9,,0.0,1.3321790402101223,2.833213344056216,0.058823529411764705,0.058823529411764705,-1.0,,0,0,0,0,0,0,0,2.0,0.5,1.0,1,0.0,0.0,0.0,0.0,,1.0986122886681098,0,0,0,,,0,0,0,0,0,0,0,0,0,,0,0,0,0,,,,,,,,,,,,,,,True,,,,,,,,True,0,,True,,,,,0,,,,,,,False,,0.0,0.0,0.5,0.0,True,2,False,False,,True,False,,True,False,,True,False,,True,False,,True,1,1,0.23804628387473534,0,0,1453,0,True,0.146387,0.1463869638059241,0.16432517539921387,0.1749716594727663,1.3355481727574752,0.15554,False,6,0,0.000776320939563551,-0.0001404653636737839,0.0,0.0,6,0,0,2.1093919255963867,0.5653341716201798,0,1.1925113368793292,4.505204727629066,,50,0.6774193548387097,0.296875,0.271875,0.3625,0.4,,,,,,,2026-07-01,2028-07-01,,,,
concept:95a554207168ef357bcfef73,Blockchain architecture for agricultural data integrity with smart contracts,2025-07-01,2025-07-01,2019-08-29,2133,2,2,0,0.0,,True,0.0,0.0,0.0,-0.6931471805599453,0.0,0.0,0.0,0.0,0.0,0.0,0.0,0.0,1.0,984,1,2,-0.0,0.6931471805599453,0,,,,,0,2,0,3,5,6,,0.0,0.6931471805599453,1.0986122886681096,0.3333333333333333,0.3333333333333333,-1.0,,0,0,0,0,0,0,0,2.0,0.5,1.0,1,0.0,0.0,0.0,0.916290731874155,,1.0986122886681098,0,0,0,,,0,0,0,0,0,0,0,0,0,,0,0,0,0,,,,,,,,,,,,,,,True,,,,,,,,True,0,,True,,,,,0,,,,,,,False,,0.0,0.0,0.5,0.0,True,2,False,False,,True,False,,True,False,,True,False,,True,False,,True,1,1,0.23804628387473534,0,1,389,3,True,0.125419,0.09990440625899144,0.13703160826388072,0.12473418308550462,1.5576923076923077,0.136247,False,0,0,0.00011402508551881415,-2.0727643223942906e-05,0.0,0.0,0,0,0,,,0,,5.201226322639896,,53,0.6580645161290323,0.296875,0.271875,0.3625,0.196875,,,,,,,2026-07-01,2028-07-01,,,,
concept:962d0b0339b9ceb2075b5386,ECDSA,2025-07-01,2025-07-01,2024-03-31,457,2,2,0,-1.0986122886681098,,True,0.0,0.0,-1.0986122886681098,1.0986122886681098,-1.0986122886681098,0.0,0.0,0.0,1.0986122886681098,-0.2519763153394848,0.14285714285714285,0.11764705882352941,1.0,404,1,2,-0.0,0.6931471805599453,0,,,,,0,2,0,2,3,6,,0.0,0.6931471805599453,1.0986122886681096,0.3333333333333333,0.3333333333333333,-1.0,,0,0,0,0,0,0,0,2.0,0.5,,0,,,0.0,0.0,,1.0986122886681098,0,0,0,,,0,0,0,0,0,0,0,0,0,,0,0,0,0,,,,,,,,,,,,,,,True,,,,,,,,True,0,,True,,,,,0,,,,,,,False,,0.0,0.0,0.5,0.0,True,2,False,False,,True,False,,True,False,,True,False,,True,False,,True,1,1,0.0,0,1,389,3,True,0.088187,0.08818707720323438,0.14551370702239952,0.10957761671272495,1.5576923076923077,0.136247,False,6,0,0.0005441828932468276,-0.0002313392130802441,4.946852081515165e-06,2.3364237281487113e-06,5,0,1,2.4317505568235895,0.7291416649094411,0,1.7730906496468126,4.2757817439929235,,53,0.6580645161290323,0.296875,0.271875,0.3625,0.196875,,,,,,,2026-07-01,2028-07-01,,,,
concept:99721a9ddf5b3f2196d6ec63,TPU — Tensor Processing Unit,2025-07-01,2025-07-01,2016-05-27,3322,2,3,0,-0.6931471805599453,,True,0.0,0.0,-0.6931471805599453,0.6931471805599453,-0.6931471805599453,0.0,0.0,0.0,0.6931471805599453,-0.13363062095621217,0.14285714285714285,0.041666666666666664,1.0,433,1,2,-0.0,0.6931471805599453,0,,,,,0,2,1,3,7,31,,0.0,0.6365141682948128,2.0794415416798357,0.125,0.125,0.0,,0,0,0,0,0,0,0,3.0,0.6666666666666666,,0,,,0.0,0.0,,1.3862943611198906,0,0,0,,,0,0,0,0,0,0,0,0,0,,0,0,0,0,,,,,,,,,,,,,,,True,,,,,,,,True,0,,True,,,,,0,,,,,,,False,,0.0,0.0,0.3333333333333333,0.0,True,2,False,False,,True,False,,True,False,,True,False,,True,False,,True,1,1,0.09217274646050577,0,0,1453,0,True,0.101715,0.10171476812819402,0.17174929945116402,0.1306886064877822,1.3355481727574752,0.15554,False,19,0,0.0012468658577403093,-0.00022271364775026297,0.00021154102408785385,-0.0002529585971101729,13,0,1,1.977856741425326,0.8223865524714375,0,1.6265627868631654,5.3275953944519285,,53,0.6580645161290323,0.296875,0.271875,0.821875,0.834375,,,,,,,2026-07-01,2028-07-01,,,,
concept:9a7a68c895879f5b6df53dd1,Blockchain / Distributed Ledger Technologies,2025-07-01,2025-07-01,2017-10-27,2804,3,3,0,-1.0986122886681098,,True,0.0,0.0,-1.0986122886681098,1.0986122886681098,-1.0986122886681098,0.0,0.0,0.0,1.0986122886681098,-0.2519763153394848,0.14285714285714285,0.08333333333333333,1.0,397,1,3,-0.0,1.0986122886681096,0,,,,,0,2,0,3,7,3,,0.0,0.6931471805599453,1.3862943611198906,0.25,0.25,-1.0,,0,0,0,0,0,0,0,3.0,0.6666666666666666,0.16666666666666666,1,0.16666666666666666,0.0,0.0,1.252762968495368,,1.3862943611198906,0,0,0,,,0,0,0,0,0,0,0,0,0,,0,0,0,0,,,,,,,,,,,,,,,True,,,,,,,,True,0,,True,,,,,0,,,,,,,False,,0.0,0.0,0.3333333333333333,0.0,True,3,False,False,,True,False,,True,False,,True,False,,True,False,,True,1,1,0.0,0,1,389,3,True,0.058697,0.058696691043995664,0.06226845572896056,0.07297223008746605,1.5576923076923077,0.136247,False,10,0,0.0009615137869587475,-0.00031928170561850875,0.005574230556178328,-0.010170370879117874,6,0,2,2.9572226534478694,0.7784898242630385,0,2.302167743789308,6.543123460379777,,50,0.6774193548387097,0.671875,0.271875,0.3625,0.078125,,,,,,,2026-07-01,2028-07-01,,,,
concept:9bb6fee8598aa3c9504bf33e,Self Sovereign Identity (SSI) implementation for cloud data migration,2025-07-01,2025-07-01,2019-01-01,2373,2,3,0,0.0,,True,0.0,0.0,0.0,-0.6931471805599453,0.0,0.0,0.0,0.0,0.0,0.0,0.0,0.0,1.0,1324,1,2,-0.0,0.6931471805599453,0,,,,,0,4,0,8,4,11,,0.0,1.3862943611198906,2.3978952727983707,0.09090909090909091,0.09090909090909091,-1.0,,0,0,0,0,0,1,0,3.0,0.6666666666666666,1.0,1,0.0,0.0,0.0,0.916290731874155,,1.3862943611198906,0,0,0,,,0,0,0,0,0,0,0,0,0,,0,0,0,0,,,,,,,,,,,,,,,True,,,,,,,,True,0,3,False,,0,1324,,0,,,,,,,False,,0.0,0.0,0.3333333333333333,0.0,True,2,False,False,,True,False,,True,False,,True,False,,True,False,,True,1,1,0.3003809664473759,0,1,389,3,True,0.136116,0.13611590249965555,0.15514359528717403,0.17693532917796703,1.5576923076923077,0.136247,False,5,0,0.0006817948980083418,-0.0001239376522588941,1.0600397317532497e-05,1.2028552454132633e-06,4,0,0,1.3522093992338282,0.5482202216066481,0,0.7413085365065618,4.335356109038399,1.0,46,0.7032258064516129,0.296875,0.271875,0.3625,0.503125,,,,,,,2026-07-01,2028-07-01,,,,
concept:9ce36fef7cf8af06a17f79a7,RNN,2025-07-01,2025-07-01,2019-09-12,2119,3,5,0,0.0,,True,0.0,0.0,0.0,0.0,0.0,0.0,0.0,0.0,0.0,0.0,0.0,0.0,1.0,1545,1,3,-0.0,1.0986122886681096,0,,,,,0,4,0,7,9,7,,0.0,1.3321790402101223,2.6390573296152584,0.07142857142857142,0.07142857142857142,-1.0,,0,0,0,0,0,0,0,5.0,0.6,,0,,,0.0,0.0,,1.791759469228055,0,0,0,,,0,0,0,0,0,0,0,0,0,,0,0,0,0,,,,,,,,,,,,,,,True,,,,,,,,True,0,,True,,,,,0,,,,,,,False,,0.0,0.0,0.4,0.0,True,3,False,False,,True,False,,True,False,,True,False,,True,False,,True,1,1,0.38823676709842325,0,1,120,3,True,0.076468,0.07646788476199684,0.10316923003763012,0.09301509498764178,0.7222222222222222,0.058333,False,49,0,0.0018349800839714625,-0.00030033224688217047,0.009567666184838564,-0.003174115117514505,37,0,2,2.8598330578282782,0.9303008439777892,0,2.660505107333229,5.821922990444705,,53,0.6580645161290323,0.671875,0.271875,0.3625,0.278125,,,,,,,2026-07-01,2028-07-01,,,,
concept:a427effe60c1fb8c0e6a2a01,Quantum annealers,2025-07-01,2025-07-01,2017-09-01,2860,2,2,1,0.6931471805599453,,True,0.0,-0.6931471805599453,0.6931471805599453,0.6931471805599453,0.6931471805599453,0.0,0.0,0.0,-1.3862943611198906,-0.13363062095621217,0.14285714285714285,0.041666666666666664,0.0,181,1,2,-0.0,0.6931471805599453,1,,,,,0,6,1,5,4,7,1.0,0.0,1.791759469228055,2.564949357461537,0.07692307692307693,0.07692307692307693,-0.3333333333333333,,0,0,0,0,1,0,0,2.0,0.5,1.0,1,0.0,0.0,0.0,0.0,,1.0986122886681098,0,0,0,,,0,0,0,0,0,0,0,0,0,,0,0,0,0,,,,,,,,,,,,,,,True,,,,,,,,True,0,,True,,,,,0,,,,,,,False,,0.5,0.0,0.5,0.0,True,2,False,False,,True,False,,True,False,,True,False,,True,False,,True,1,1,0.07304517336419017,5,0,1453,0,True,0.146723,0.1467233666506058,0.19863345441826763,0.15167605345625285,1.3355481727574752,0.15554,False,28,14,0.0016148731388330804,0.0006317552615640622,0.009266335711227125,0.009266335711227125,14,0,1,2.144907122155268,0.8800752137442894,3,1.8876795939924462,6.593183813163058,,49,0.6838709677419355,0.296875,0.65625,0.821875,0.278125,,,,,,,2026-07-01,2028-07-01,,,,
concept:a4ce68a51f57e57fd5ddc125,Explainable Artificial Intelligence (XAI),2025-07-01,2025-07-01,2019-12-26,2014,2,4,0,0.0,,True,0.0,0.0,0.0,-1.3862943611198906,0.0,0.0,0.0,0.0,0.0,0.0,0.0,0.0,1.0,1277,1,2,-0.0,0.6931471805599453,0,,,,,0,5,2,9,4,18,,0.0,1.6094379124341005,3.2958368660043287,0.037037037037037035,0.037037037037037035,-0.3333333333333333,,0,0,0,0,0,0,0,4.0,0.75,1.0,2,0.0,0.0,0.0,0.980829253011726,,1.6094379124341003,0,0,0,,,0,0,0,0,0,0,0,0,0,,0,0,0,0,,,,,,,,,,,,,,,True,,,,,,,,True,0,,True,,,,,0,,,,,,,False,,0.5,0.0,0.25,0.0,True,2,False,False,,True,False,,True,False,,True,False,,True,False,,True,1,1,0.34873150258179014,0,0,1453,0,True,0.049006,0.0490056460917363,0.18447449001998573,0.09314868571560861,1.3355481727574752,0.15554,False,6,0,0.0005874297665340026,-0.00010407453154587124,0.002308959009313302,0.0011987197343648261,5,0,1,2.8377446685075456,0.5735802469135802,0,1.627674287640254,6.360523370773135,,50,0.6774193548387097,0.296875,0.271875,0.940625,0.66875,,,,,,,2026-07-01,2028-07-01,,,,
concept:af4b571954770e8cad1c2545,Recurrent Neural Networks,2025-07-01,2025-07-01,2014-01-01,4199,5,7,0,-0.6931471805599453,,True,0.0,0.0,-0.6931471805599453,0.6931471805599453,0.0,-0.6931471805599453,0.0,0.0,0.0,-0.13363062095621217,0.0,0.041666666666666664,1.0,670,2,4,0.5004024235381879,1.3321790402101223,0,,3529,,,1,8,0,9,11,25,,0.0,2.0253262207700677,3.075220548054372,0.04725897920604914,0.08695652173913043,-1.0,,0,0,0,0,0,0,0,6.666666666666667,0.8571428571428571,0.0,0,0.0,0.0,0.0,0.6931471805599453,,1.3862943611198904,0,0,0,,,0,0,0,0,0,0,0,0,0,,0,0,0,0,,,,,,,,,,,,,,,True,,,,,,,,True,0,,True,,,,,1,0.0,,,0,,,False,,0.2,0.0,0.14285714285714285,0.0,True,4,False,True,1,False,False,,True,False,,True,False,,True,False,,True,2,2,0.13825911969075866,0,1,120,3,True,0.076468,0.07646788476199684,0.10176989028452244,0.10125120476692381,0.7222222222222222,0.058333,False,84,0,0.002749041784058244,-0.0003914918969740227,0.019916624343700697,-0.005444244033758785,39,0,3,2.544719531425986,0.9554273141819337,0,2.4312945472566385,5.832455058024456,,46,0.7032258064516129,0.84375,0.271875,0.3625,0.79375,,,,,,,2026-07-01,2028-07-01,,,,
concept:b41e4c95c176cb788d9d1c8e,Echo state networks / reservoir computers,2025-07-01,2025-07-01,2019-09-12,2119,2,4,0,0.0,,True,0.0,0.0,0.0,0.0,0.0,0.0,0.0,0.0,0.0,0.0,0.0,0.0,1.0,2034,1,1,-0.0,-0.0,0,,,,,0,4,0,4,7,11,,0.0,1.3321790402101223,2.5400363038209806,0.08163265306122448,0.14285714285714285,-1.0,,0,0,0,0,0,0,0,4.0,0.75,,0,,,0.0,0.0,,1.6094379124341003,0,0,0,,,0,0,0,0,0,0,0,0,0,,0,0,0,0,,,,,,,,,,,,,,,True,,,,,,,,True,0,,True,,,,,0,,,,,,,False,,0.0,0.0,0.25,0.0,True,2,False,False,,True,False,,True,False,,True,False,,True,False,,True,1,1,0.34873150258179014,0,0,1453,0,True,0.166112,0.16611192916718687,0.19258406625561708,0.18730585520690238,1.3355481727574752,0.15554,False,70,0,0.0018749389945111193,-0.00029533038467190274,0.0004421815541023549,-0.000754798212906662,39,0,1,2.4744988157641576,0.9450809955781385,0,2.338601804359315,5.255606273040236,,53,0.6580645161290323,0.296875,0.271875,0.3625,0.503125,,,,,,,2026-07-01,2028-07-01,,,,
concept:b86aa1218f95fb7096dc8475,Autoencoder,2025-07-01,2025-07-01,2019-09-12,2119,4,7,0,0.0,,True,0.0,0.0,0.0,-0.6931471805599453,0.0,0.0,0.0,0.0,0.0,0.0,0.0,0.0,1.0,1366,2,3,0.5623351446188083,1.0397207708399179,0,,753,,,1,4,0,7,10,15,,0.0,1.3296613488547582,2.8133554045006153,0.06172839506172839,0.1111111111111111,-1.0,,0,0,0,0,0,0,0,6.666666666666667,0.8571428571428571,,0,,,0.0,0.0,,1.3862943611198904,0,0,0,,,0,0,0,0,0,0,0,0,0,,0,0,0,0,,,,,,,,,,,,,,,True,,,,,,,,True,0,,True,,,,,1,0.0,,,0,,,False,,0.25,0.0,0.14285714285714285,0.0,True,3,False,True,1,False,False,,True,False,,True,False,,True,False,,True,2,2,0.45057144967106383,0,1,120,3,True,0.062157,0.06215667147784876,0.11616028414388346,0.1286841834444538,0.7222222222222222,0.058333,False,79,0,0.002415129605411229,-0.00039053889671288033,0.004866385724198247,-0.0010245562665005762,39,0,2,2.6045926427372854,0.9518655996692645,0,2.479222137773281,5.8952991099260466,,49,0.6838709677419355,0.7875,0.271875,0.3625,0.609375,,,,,,,2026-07-01,2028-07-01,,,,
concept:c56f8c08cde22fdf98ebc2c6,Mobile Computing,2025-07-01,2025-07-01,2019-01-01,2373,2,3,0,0.0,,True,0.0,0.0,0.0,0.0,0.0,0.0,0.0,0.0,0.0,0.0,0.0,0.0,1.0,2211,1,2,-0.0,0.6931471805599453,0,,,,,0,2,0,4,5,9,,0.0,0.6365141682948128,2.3025850929940455,0.10000000000000002,0.1,-1.0,,0,0,0,0,0,0,0,3.0,0.6666666666666666,,0,,,0.0,0.0,,1.3862943611198906,0,0,0,,,0,0,0,0,0,0,0,0,0,,0,0,0,0,,,,,,,,,,,,,,,True,,,,,,,,True,0,,True,,,,,0,,,,,,,False,,0.0,0.0,0.3333333333333333,0.0,True,2,False,False,,True,False,,True,False,,True,False,,True,False,,True,1,1,0.3003809664473759,0,0,1453,0,True,0.155684,0.15568424300898098,0.2552428670948099,0.2197831533171229,1.3355481727574752,0.15554,False,10,0,0.001302565632115015,-0.00023593746634132631,0.0034981311147857202,-0.003806891589274959,6,0,1,2.223891063233612,0.7100672153635116,0,1.57911213454209,5.402023115777071,,53,0.6580645161290323,0.296875,0.271875,0.3625,0.4,,,,,,,2026-07-01,2028-07-01,,,,
concept:d19feca96639c7010204fbbe,Information Bottleneck theory for deep learning,2025-07-01,2025-07-01,2019-12-06,2034,2,2,0,-0.6931471805599453,,True,0.0,0.0,-0.6931471805599453,0.6931471805599453,-0.6931471805599453,0.0,0.0,0.0,0.0,-0.13363062095621217,0.14285714285714285,0.041666666666666664,1.0,575,1,2,-0.0,0.6931471805599453,0,,,,,0,2,0,1,6,12,,0.0,0.6931471805599453,1.791759469228055,0.16666666666666666,0.16666666666666666,-1.0,,0,0,0,0,0,0,0,2.0,0.5,1.0,1,0.0,0.0,0.0,0.4054651081081645,,1.0986122886681098,0,0,0,,,0,0,0,0,0,0,0,0,0,,0,0,0,0,,,,,,,,,,,,,,,True,,,,,,,,True,0,,True,,,,,0,,,,,,,False,,0.0,0.0,0.5,0.0,True,2,False,False,,True,False,,True,False,,True,False,,True,False,,True,1,1,0.07304517336419017,0,1,120,3,True,0.189617,0.18961651427261594,0.16288580739615188,0.2007596683481822,0.7222222222222222,0.058333,False,39,0,0.0010964656648683193,-0.00017661910390807164,0.0,0.0,39,0,0,2.5106962406510127,0.9104580150296284,0,2.2858835156054713,5.840273311941221,,50,0.6774193548387097,0.296875,0.271875,0.3625,0.546875,,,,,,,2026-07-01,2028-07-01,,,,
concept:e03c3b611c6abb5279900ff5,Lattice-based cryptography,2025-07-01,2025-07-01,2017-01-01,3103,10,11,2,-0.2876820724517809,,True,0.0,-1.3862943611198906,0.0,0.5596157879354227,-0.2876820724517809,0.0,0.0,0.0,-1.6739764335716714,-0.628970902033151,0.42857142857142855,0.16666666666666666,0.4,181,1,10,-0.0,2.3025850929940455,1,,,,,0,5,0,10,10,29,1.0,0.0,1.5498260458782016,2.4849066497880004,0.08333333333333333,0.08333333333333333,-1.0,,0,0,0,0,2,0,0,11.0,0.9090909090909091,1.0,2,0.0,0.0,0.0,0.0,,2.4849066497880004,0,0,0,,,0,0,0,0,0,0,0,0,0,,0,0,0,0,,,,,,,,,,,,,,,True,,,,,,,,True,0,,True,,,,,0,,,,,,,False,,0.0,0.0,0.09090909090909091,0.0,True,10,False,False,,True,False,,True,False,,True,False,,True,False,,True,1,1,0.5384272503221113,7,2,26,3,True,0.051359,0.025875035644673527,0.06903397599420469,0.0667418461430344,1.8571428571428572,0.153846,False,35,4,0.002432071994155359,-0.0006520663312743146,0.025950643369071207,0.004686004767998891,11,0,2,2.747361769382212,0.9191566248276498,0,2.525255771125874,5.402286952220464,,49,0.6838709677419355,0.9125,0.83125,0.3625,0.81875,,,,,,,2026-07-01,2028-07-01,,,,
concept:e0604d558c0850ed308056f5,DAICO,2025-07-01,2025-07-01,2019-01-01,2373,2,2,0,0.0,,True,0.0,0.0,0.0,0.0,0.0,0.0,0.0,0.0,0.0,0.0,0.0,0.0,1.0,1929,1,1,-0.0,-0.0,0,,,,,0,1,0,3,4,2,,0.0,-0.0,1.5607104090414063,0.2222222222222222,0.3333333333333333,-1.0,,0,0,0,0,0,0,0,2.0,0.5,1.0,1,0.0,0.0,0.0,0.4054651081081645,,1.0986122886681098,0,0,0,,,0,0,0,0,0,0,0,0,0,,0,0,0,0,,,,,,,,,,,,,,,True,,,,,,,,True,0,,True,,,,,0,,,,,,,False,,0.5,0.0,0.5,0.0,True,2,False,False,,True,False,,True,False,,True,False,,True,False,,True,1,1,0.23804628387473534,0,1,389,3,True,0.159986,0.15998600893692205,0.2007058284671025,0.17961026844455516,1.5576923076923077,0.136247,False,7,0,0.0006549994075723281,-0.00018963745211269373,0.0,-6.26502804807949e-07,6,0,1,1.9303290337521815,0.6039441320745986,0,1.1658108929078599,5.38429749878303,,50,0.6774193548387097,0.296875,0.271875,0.3625,0.040625,,,,,,,2026-07-01,2028-07-01,,,,
concept:e0faced752653e6b046f4dc0,distributed corporate governance models,2025-07-01,2025-07-01,2019-01-01,2373,2,3,0,0.0,,True,0.0,0.0,0.0,0.0,0.0,0.0,0.0,0.0,0.0,0.0,0.0,0.0,1.0,1929,1,1,-0.0,-0.0,0,,,,,0,1,0,3,4,2,,0.0,-0.0,1.5607104090414063,0.2222222222222222,0.3333333333333333,-1.0,,0,0,0,0,0,0,0,3.0,0.6666666666666666,1.0,1,0.0,0.0,0.5,0.916290731874155,,1.3862943611198906,0,0,0,,,0,0,0,0,0,0,0,0,0,,0,0,0,0,,,,,,,,,,,,,,,True,,,,,,,,True,0,1,False,,0,,,0,,,,,,,False,,0.5,0.0,0.3333333333333333,0.0,True,2,False,False,,True,False,,True,False,,True,False,,True,False,,True,1,1,0.3003809664473759,0,1,389,3,True,0.095439,0.09543946790553659,0.13240516764162613,0.11697469363533856,1.5576923076923077,0.136247,False,7,0,0.0006549994075723281,-0.00018963745211269373,0.0,-6.26502804807949e-07,6,0,1,1.9303290337521815,0.6039441320745986,0,1.1658108929078599,5.38429749878303,,48,0.6903225806451613,0.296875,0.271875,0.3625,0.040625,,,,,,,2026-07-01,2028-07-01,,,,
concept:e3403969af4ca848deff6b33,Proof-of-Work,2025-07-01,2025-07-01,2019-08-22,2140,2,2,0,0.0,,True,0.0,0.0,0.0,-0.6931471805599453,0.0,0.0,0.0,0.0,0.0,0.0,0.0,0.0,1.0,1277,1,2,-0.0,0.6931471805599453,0,,,,,0,2,0,5,1,9,,0.0,0.6931471805599453,1.6094379124341005,0.20000000000000004,0.2,-1.0,,0,0,0,0,0,0,0,2.0,0.5,,0,,,0.0,0.0,,1.0986122886681098,0,0,0,,,0,0,0,0,0,0,0,0,0,,0,0,0,0,,,,,,,,,,,,,,,True,,,,,,,,True,0,,True,,,,,0,,,,,,,False,,0.0,0.0,0.5,0.0,True,2,False,False,,True,False,,True,False,,True,False,,True,False,,True,1,1,0.23804628387473534,0,3,4,1,False,0.133928,0.13392809848917775,0.11975272380299173,0.14592721685439472,0.0,0.0,False,9,0,0.001043960371857715,-0.0001929810958633154,0.0028091052891461117,0.0019633265026553805,7,0,1,2.7420300084612896,0.6805341395817587,0,1.8660450325155662,,,54,0.6516129032258065,0.296875,0.271875,0.3625,0.4,,,,,,,2026-07-01,2028-07-01,,,,
concept:e3eb8e6af0a1b29159ea14ca,Edge Intelligence,2025-07-01,2025-07-01,2019-05-24,2230,8,14,1,0.0,,True,0.6931471805599453,0.6931471805599453,0.0,-0.5108256237659907,0.0,0.0,0.0,0.0,0.6931471805599453,0.8017837257372732,0.2857142857142857,0.08333333333333333,0.875,27,1,3,-0.0,0.7356219397587946,1,,,,0,1,7,2,25,9,43,1.0,0.0,1.7623147108366672,3.649510852234898,0.03188775510204082,0.08928571428571429,-0.6,,2,4,0,0,0,0,4,14.0,0.9285714285714286,1.0,2,0.0,0.0,0.0,2.302585092994046,,1.0986122886681098,0,0,0,,,0,0,0,0,0,0,0,0,0,,0,0,0,0,,,,,,,,,,,,,,,True,,,,,,,,True,0,,True,,,,,0,,,,,,,False,0.16666666666666666,0.0,0.0,0.07142857142857142,0.0,True,8,False,False,,True,False,,True,False,,True,False,,True,False,,True,1,1,0.5867777864565255,1,1,195,3,True,0.081137,0.08113728868431713,0.15385031299770113,0.09433760658517805,0.7317073170731707,0.112821,False,27,0,0.002902799020765636,-0.0005204649633587014,0.025277601393486136,-0.012640072990919252,6,0,6,2.958628473971185,0.9056604220125282,0,2.6795127123150255,6.1462975230778945,,47,0.6967741935483871,0.896875,0.65625,0.940625,0.890625,,,,,,,2026-07-01,2028-07-01,,,,
concept:e4bb24e055fad8b1c24b09fd,Explainable AI Systems,2025-07-01,2025-07-01,2017-12-28,2742,2,2,0,0.0,,True,0.0,0.0,0.0,-0.6931471805599453,0.0,0.0,0.0,0.0,0.0,0.0,0.0,0.0,1.0,1397,1,2,-0.0,0.6931471805599453,0,,,,,0,1,0,3,5,7,,0.0,-0.0,1.6094379124341005,0.20000000000000004,0.2,-1.0,,0,0,0,0,0,0,0,2.0,0.5,1.0,1,1.0,0.0,0.0,0.0,,1.0986122886681098,0,0,0,,,0,0,0,0,0,0,0,0,0,,0,0,0,0,,,,,,,,,,,,,,,True,,,,,,,,True,0,,True,,,,,0,,,,,,,False,,0.0,0.0,0.5,0.0,True,2,False,False,,True,False,,True,False,,True,False,,True,False,,True,1,1,0.23804628387473534,0,1,88,3,True,0.055631,0.05563102339200099,0.16889978950694307,0.09631171715551368,1.5238095238095237,0.420455,False,3,0,0.0006025427554735705,-0.00010913082214587886,0.0006996262229571448,-0.002031926006005513,2,0,1,2.0947290475276485,0.38888888888888884,0,0.8146168518163077,5.833247934666195,,50,0.6774193548387097,0.296875,0.271875,0.3625,0.278125,,,,,,,2026-07-01,2028-07-01,,,,
concept:fe7b4368262a85abf492e04a,Classifier systems,2025-07-01,2025-07-01,1988-01-01,13696,2,2,0,0.0,,True,0.0,0.0,0.0,0.0,0.0,0.0,0.0,0.0,0.0,0.0,0.0,0.0,1.0,11947,1,2,-0.0,0.6931471805599453,0,,,,,0,1,0,1,1,1,,0.0,-0.0,-0.0,1.0,1.0,-1.0,,0,0,0,0,1,0,0,2.0,0.5,1.0,2,0.0,0.0,0.0,0.0,,1.0986122886681098,0,0,0,,,0,0,0,0,0,0,0,0,0,,0,0,0,0,,,,,,,,,,,,,,,True,,,,,,,,True,0,,True,,,,,0,,,,,,,False,,0.0,0.0,0.5,0.0,True,2,False,False,,True,False,,True,False,,True,False,,True,False,,True,1,1,0.23804628387473534,0,0,1453,0,True,0.212784,0.2127839750636138,0.198754589609202,0.21923681244440613,1.3355481727574752,0.15554,False,1,0,0.0007601672367920942,-0.00013818428815961928,0.0,0.0,1,0,0,,0.0,0,,,,53,0.6580645161290323,0.296875,0.271875,0.3625,0.009375,,,,,,,2026-07-01,2028-07-01,,,,
