technology_id,technology,snapshot_id,snapshot_date,first_seen_date,technology_age_days,document_count,mention_count,documents_last_year,publication_growth,citation_count,citation_count_missing,mention_growth_3m,mention_growth_6m,mention_growth_12m,mention_growth_24m,publication_growth_scholarly,publication_growth_code,publication_growth_package,publication_growth_patent,growth_acceleration,burst_score,growth_persistence,active_month_ratio,decline_rate,time_since_last_signal_days,source_type_diversity,independence_group_diversity,source_entropy,independence_group_entropy,recent_source_convergence,paper_to_package_lag_days,paper_to_repository_lag_days,paper_to_patent_lag_days,paper_to_company_use_lag_days,evidence_chain_length,country_count,company_count,university_count,domain_count,unique_author_count,new_author_rate,returning_author_rate,author_country_entropy,organization_entropy,organization_hhi,top_organization_share,university_company_balance,new_company_rate,developer_count,user_count,funder_count,text_country_count,parent_technology_count,task_count,commercial_user_count,reliability_weighted_mentions,accepted_mention_ratio,supported_claim_ratio,independent_evidence_family_count,speculative_claim_ratio,negated_claim_ratio,duplicate_content_ratio,claim_to_evidence_gap,mean_extraction_confidence,attention_evidence_gap,comparable_claim_slot_count,corroborated_claim_slot_count,mixed_origin_group_count,independent_claim_conflict_strength,independent_refutation_share,economic_evidence_count,economic_forecast_count,economic_candidate_count,economic_planned_count,economic_hypothetical_count,economic_negated_count,economic_reviewed_count,economic_category_diversity,investment_evidence_count,funding_amount_usd_real,market_size_evidence,cost_reduction_evidence,performance_gain_evidence,procurement_evidence,economic_signal_recency_days,economic_confidence,economic_source_reliability,grant_count_last_year,grant_growth,grant_amount_usd_real,grant_amount_log,grant_amount_last_year_usd_real,grant_amount_growth,grant_median_usd_real,grant_funder_count,grant_recipient_count,grant_company_share,funded_producer_count,grant_data_missing,vacancy_count_last_year,vacancy_growth,vacancy_employer_count,salary_median_usd_real,salary_growth,salary_disclosed_share,hiring_producer_count,vacancy_data_missing,economic_organization_count,max_maturity_rank,max_maturity_rank_missing,max_trl,maturity_growth,time_in_prototype_stage_days,time_to_pilot_days,implementation_count,repository_release_frequency,package_activity,commit_activity_12m,contributor_growth_12m,patent_age_days,patent_family_size,standardization_presence,market_concentration,fulltext_coverage,metadata_only_ratio,provisional_resolution_ratio,ambiguous_resolution_ratio,article_source_covered,article_count,article_count_missing,repository_source_covered,repository_count,repository_count_missing,package_source_covered,package_count,package_count_missing,patent_source_covered,patent_count,patent_count_missing,grant_source_covered,grant_count,grant_count_missing,job_posting_source_covered,job_posting_count,job_posting_count_missing,source_coverage_count,source_count,growth_plateau_score,new_relation_count,taxonomy_level,taxonomy_node_size,taxonomy_sibling_count,taxonomy_general_term,semantic_novelty,nearest_known_distance,cluster_centroid_distance,embedding_outlier_score,branch_growth,branch_new_share,new_branch_in_known_area,degree,degree_delta_12m,pagerank,pagerank_delta_12m,betweenness,betweenness_delta_12m,k_core,k_core_delta_12m,community_crossing_count,neighbor_domain_entropy,structural_hole_score,new_domain_pair_count,bridge_score,recombination_surprise,task_combination_novelty,feature_missingness_count,data_completeness_score,document_count_snapshot_pct,documents_last_year_snapshot_pct,company_count_snapshot_pct,unique_author_count_snapshot_pct,funding_amount_usd_real_snapshot_pct,grant_amount_usd_real_snapshot_pct,grant_amount_last_year_usd_real_snapshot_pct,grant_count_snapshot_pct,salary_median_usd_real_snapshot_pct,job_posting_count_snapshot_pct,horizon_end,signal_36m,trend_36m
concept:fe7b4368262a85abf492e04a,Classifier systems,1993-01-01,1993-01-01,1988-01-01,1827,2,2,1,0.6931471805599453,,True,0.6931471805599453,0.6931471805599453,0.6931471805599453,0.6931471805599453,0.6931471805599453,0.0,0.0,0.0,0.6931471805599453,1.0,0.14285714285714285,0.041666666666666664,0.0,78,1,2,-0.0,0.6931471805599453,1,,,,,0,1,0,1,1,1,1.0,,-0.0,-0.0,1.0,1.0,-1.0,,0,0,0,0,1,0,0,2.0,0.5,1.0,2,0.0,0.0,0.0,0.0,,1.0986122886681098,0,0,0,,,0,0,0,0,0,0,0,0,0,,0,0,0,0,,,,,,,,,,,,,,,True,,,,,,,,True,0,,True,,,,,0,,,,,,,False,,0.0,0.0,0.5,0.0,True,2,False,False,,True,False,,True,False,,True,False,,True,False,,True,1,1,0.07304517336419017,2,0,2,0,False,0.281297,0.28129704455057736,0.28129704455057736,0.28129704455057736,1.0,0.0,False,1,0,0.4651162790645972,0.0,0.0,0.0,1,0,0,,0.0,0,,,,53,0.6580645161290323,0.5,0.5,0.5,0.5,,,,,,,1996-01-01,,
concept:13caba336fca3f2b0ff55127,Entanglement,2012-01-01,2012-01-01,2008-03-03,1399,2,2,1,0.6931471805599453,,True,-0.6931471805599453,0.6931471805599453,0.6931471805599453,0.0,0.6931471805599453,0.0,0.0,0.0,0.6931471805599453,-0.13363062095621217,0.14285714285714285,0.041666666666666664,0.0,156,1,2,-0.0,0.6931471805599453,1,,,,,0,0,0,1,4,3,1.0,0.0,,0.6931471805599453,0.5,0.5,-1.0,,0,0,0,0,0,0,0,2.0,0.5,1.0,1,0.0,0.0,0.0,0.0,,1.0986122886681098,0,0,0,,,0,0,0,0,0,0,0,0,0,,0,0,0,0,,,,,,,,,,,,,,,True,,,,,,,,True,0,,True,,,,,0,,,,,,,False,,0.0,0.0,0.5,0.0,True,2,False,False,,True,False,,True,False,,True,False,,True,False,,True,1,1,0.07304517336419017,3,1,4,3,False,0.132954,0.13295366204975356,0.14233460035715195,0.2996620766592466,2.0,0.25,False,2,1,0.06068438392243869,0.01730043598317698,0.0024630541871921183,0.0024630541871921183,1,0,0,1.3862943611198906,0.5,6,0.6931471805599453,3.784189633918261,,50,0.6774193548387097,0.5,0.75,0.5,0.75,,,,,,,2015-01-01,,
concept:fe7b4368262a85abf492e04a,Classifier systems,2015-04-01,2015-04-01,1988-01-01,9952,2,2,0,0.0,,True,0.0,0.0,0.0,0.0,0.0,0.0,0.0,0.0,0.0,0.0,0.0,0.0,1.0,8203,1,2,-0.0,0.6931471805599453,0,,,,,0,1,0,1,1,1,,0.0,-0.0,-0.0,1.0,1.0,-1.0,,0,0,0,0,1,0,0,2.0,0.5,1.0,2,0.0,0.0,0.0,0.0,,1.0986122886681098,0,0,0,,,0,0,0,0,0,0,0,0,0,,0,0,0,0,,,,,,,,,,,,,,,True,,,,,,,,True,0,,True,,,,,0,,,,,,,False,,0.0,0.0,0.5,0.0,True,2,False,False,,True,False,,True,False,,True,False,,True,False,,True,1,1,0.23804628387473534,0,2,11,3,True,0.212784,0.2127839750636138,0.16253057154922868,0.21997634983363676,1.0,0.090909,False,1,0,0.02262443438914027,-0.00674414123494196,0.0,0.0,1,0,0,,0.0,0,,,,53,0.6580645161290323,0.5,0.5,0.5,0.25,,,,,,,2018-04-01,,
concept:0d7232702532f8b6d41de997,Bitcoin,2016-01-01,2016-01-01,2015-05-01,245,2,6,2,1.0986122886681098,,True,0.6931471805599453,-1.0986122886681098,1.9459101490553132,1.9459101490553132,1.0986122886681098,0.0,0.0,0.0,-2.8903717578961645,0.21821789023599236,0.2857142857142857,0.2222222222222222,0.0,0,1,2,-0.0,0.6931471805599453,1,,,,,0,2,0,5,5,7,1.0,,0.6931471805599453,1.9459101490553132,0.14285714285714285,0.14285714285714285,-1.0,,0,0,0,0,0,0,0,6.0,1.0,,0,,,0.0,0.0,,1.9459101490553132,0,0,0,,,0,0,0,0,0,0,0,0,0,,0,0,0,0,,,,,,,,,,,,,,,True,,,,,,,,True,0,,True,,,,,0,,,,,,,False,,0.0,0.0,0.0,0.0,True,2,False,False,,True,False,,True,False,,True,False,,True,False,,True,1,1,0.0,12,2,6,1,False,0.284657,0.15846620292879066,0.1562607245068507,0.2358786168366592,7.0,1.0,False,6,6,0.018744142455482657,0.018744142455482657,0.0,0.0,6,6,0,0.6931471805599453,0.43981481481481477,9,0.3048563988573833,4.879445172322174,,53,0.6580645161290323,0.5,0.8333333333333334,0.5,0.8333333333333334,,,,,,,2019-01-01,,
concept:0b277c1a3496f770a45047b7,Smart contracts,2017-10-01,2017-10-01,2017-06-16,107,2,2,2,1.0986122886681098,,True,0.0,1.0986122886681098,1.0986122886681098,1.0986122886681098,1.0986122886681098,0.0,0.0,0.0,1.0986122886681098,0.8017837257372732,0.14285714285714285,0.4,0.0,52,1,2,-0.0,0.6931471805599453,1,,,,,0,0,0,0,5,4,1.0,,,,,,,,0,0,0,0,0,0,0,2.0,1.0,,0,,,0.0,0.0,,1.0986122886681098,0,0,0,,,0,0,0,0,0,0,0,0,0,,0,0,0,0,,,,,,,,,,,,,,,True,,,,,,,,True,0,,True,,,,,0,,,,,,,False,,0.0,0.0,0.0,0.0,True,2,False,False,,True,False,,True,False,,True,False,,True,False,,True,1,1,0.0,5,3,4,1,False,0.183406,0.11713591809773549,0.12037894499090351,0.1938143474603622,5.0,0.5,False,4,4,0.007233039706364301,0.007233039706364301,0.0,0.0,4,4,0,1.7328679513998633,0.3285937499999999,10,0.5694095784052987,5.41610040220442,,58,0.6258064516129032,0.375,0.75,0.5,0.625,,,,,,,2020-10-01,,
concept:13caba336fca3f2b0ff55127,Entanglement,2018-07-01,2018-07-01,2008-03-03,3772,2,2,0,0.0,,True,0.0,0.0,0.0,0.0,0.0,0.0,0.0,0.0,0.0,0.0,0.0,0.0,1.0,2529,1,2,-0.0,0.6931471805599453,0,,,,,0,0,0,1,4,3,,0.0,,0.6931471805599453,0.5,0.5,-1.0,,0,0,0,0,0,0,0,2.0,0.5,1.0,1,0.0,0.0,0.0,0.0,,1.0986122886681098,0,0,0,,,0,0,0,0,0,0,0,0,0,,0,0,0,0,,,,,,,,,,,,,,,True,,,,,,,,True,0,,True,,,,,0,,,,,,,False,,0.0,0.0,0.5,0.0,True,2,False,False,,True,False,,True,False,,True,False,,True,False,,True,1,1,0.23804628387473534,0,2,7,3,False,0.132954,0.13295366204975356,0.213282096419961,0.22818900674801607,5.0,0.714286,False,2,0,0.011962782201805773,-0.0042354356477097895,0.00010578652279699566,-9.223327918320238e-05,1,0,0,1.3862943611198906,0.5,0,0.6931471805599453,4.865488364978153,,51,0.6709677419354838,0.25,0.25,0.5,0.375,,,,,,,2021-07-01,,
concept:3d756ff3fc05b7ef030f2903,Initial Crypto-asset Offerings (ICOs),2019-01-01,2019-01-01,2018-01-01,365,2,2,1,0.0,,True,0.6931471805599453,0.6931471805599453,0.0,1.0986122886681098,0.0,0.0,0.0,0.0,1.3862943611198906,0.8017837257372732,0.2857142857142857,0.15384615384615385,0.0,0,1,2,-0.0,0.6931471805599453,1,,,,,0,1,0,1,5,3,1.0,0.0,-0.0,-0.0,1.0,1.0,-1.0,,2,0,0,0,0,0,0,2.0,0.5,1.0,1,0.0,0.0,0.0,0.6931471805599453,,1.0986122886681098,0,0,0,,,0,0,0,0,0,0,0,0,0,,0,0,0,0,,,,,,,,,,,,,,,True,,,,,,,,True,0,,True,,,,,0,,,,,,,False,0.5,0.5,0.0,0.5,0.0,True,2,False,False,,True,False,,True,False,,True,False,,True,False,,True,1,1,0.23804628387473534,7,3,3,1,False,0.187182,0.18718223229447017,,0.20191128865165675,3.0,0.666667,True,5,5,0.006007810153199159,0.004775271122796529,0.0,0.0,5,5,0,1.3862943611198906,0.3520000000000001,0,0.4879756151142016,4.874818581600907,,49,0.6838709677419355,0.3333333333333333,0.4166666666666667,0.5,0.3333333333333333,,,,,,,2022-01-01,,
concept:5fb16a1a8ff4e9aff6af6e7a,Ethereum,2019-01-01,2019-01-01,2018-12-19,13,2,2,2,1.0986122886681098,,True,1.0986122886681098,1.0986122886681098,1.0986122886681098,1.0986122886681098,1.0986122886681098,0.0,0.0,0.0,1.0986122886681098,2.0,0.14285714285714285,0.5,0.0,0,1,1,-0.0,-0.0,1,,,,,0,1,0,2,3,5,1.0,,-0.0,1.0397207708399179,0.375,0.5,-1.0,,0,0,0,0,0,0,0,2.0,1.0,,0,,,0.0,0.0,,1.0986122886681098,0,0,0,,,0,0,0,0,0,0,0,0,0,,0,0,0,0,,,,,,,,,,,,,,,True,,,,,,,,True,0,,True,,,,,0,,,,,,,False,,0.0,0.0,0.0,0.0,True,2,False,False,,True,False,,True,False,,True,False,,True,False,,True,1,1,0.0,6,1,58,3,True,0.106547,0.10654651301600493,0.08686433623686907,0.12230718495968296,2.611111111111111,0.637931,True,9,9,0.009489571608320813,0.009489571608320813,0.002614571092831962,0.002614571092831962,5,5,0,2.130371819770837,0.6899538942234416,0,1.4698583331947686,4.501449569198422,,53,0.6580645161290323,0.3333333333333333,0.5833333333333334,0.5,0.5833333333333334,,,,,,,2022-01-01,,
concept:e03c3b611c6abb5279900ff5,Lattice-based cryptography,2019-04-01,2019-04-01,2017-01-01,820,2,2,1,0.6931471805599453,,True,0.6931471805599453,0.6931471805599453,0.6931471805599453,0.0,0.6931471805599453,0.0,0.0,0.0,0.6931471805599453,1.0,0.14285714285714285,0.041666666666666664,0.0,16,1,2,-0.0,0.6931471805599453,1,,,,,0,2,0,1,5,3,1.0,0.0,0.6931471805599453,0.6931471805599453,0.5,0.5,-1.0,,0,0,0,0,1,0,0,2.0,0.5,1.0,1,0.0,0.0,0.0,0.0,,1.0986122886681098,0,0,0,,,0,0,0,0,0,0,0,0,0,,0,0,0,0,,,,,,,,,,,,,,,True,,,,,,,,True,0,,True,,,,,0,,,,,,,False,,0.0,0.0,0.5,0.0,True,2,False,False,,True,False,,True,False,,True,False,,True,False,,True,1,1,0.07304517336419017,4,2,12,3,False,0.141387,0.14138701987476476,0.18376079257678013,0.1824901100045661,0.6,0.166667,False,3,1,0.00872142371308206,0.0005044968437311944,0.00011022320198401764,0.00011022320198401764,2,0,0,1.5229550675313184,0.38888888888888884,3,0.5922603040399571,4.808941378699431,,49,0.6838709677419355,0.375,0.375,0.5,0.3125,,,,,,,2022-04-01,,
concept:efec0a80b0dd3c913e604346,Blockchain technology for supply chain management,2019-04-01,2019-04-01,2018-09-11,202,2,2,2,1.0986122886681098,,True,0.6931471805599453,0.0,1.0986122886681098,1.0986122886681098,1.0986122886681098,0.0,0.0,0.0,-0.6931471805599453,0.8017837257372732,0.2857142857142857,0.25,0.0,73,1,2,-0.0,0.6931471805599453,1,,,,,0,2,0,3,3,6,1.0,,0.6931471805599453,1.0986122886681096,0.3333333333333333,0.3333333333333333,-1.0,,0,0,0,0,0,1,0,2.0,0.5,1.0,2,0.0,0.0,0.0,0.6931471805599452,,1.0986122886681098,0,0,0,,,0,0,0,0,0,0,0,0,0,,0,0,0,0,,,,,,,,,,,,,,,True,,,,,,,,True,0,,True,,,,,0,,,,,,,False,,0.0,0.0,0.5,0.0,True,2,False,False,,True,False,,True,False,,True,False,,True,False,,True,1,1,0.0,9,0,188,0,True,0.098859,0.09885941051157532,0.1651809887852702,0.1231142340350359,1.4565217391304348,0.287234,False,0,0,0.0008917954815695602,0.0008917954815695602,0.0,0.0,0,0,0,,,0,,4.934543897241842,1.0,52,0.6645161290322581,0.375,0.625,0.5,0.6875,,,,,,,2022-04-01,,
concept:0d7232702532f8b6d41de997,Bitcoin,2019-10-01,2019-10-01,2015-05-01,1614,9,13,4,0.9162907318741551,,True,0.0,-1.6094379124341003,0.9162907318741551,0.4054651081081644,0.9162907318741551,0.0,0.0,0.0,-3.2188758248682006,-0.5455447255899809,0.14285714285714285,0.16666666666666666,0.33333333333333337,236,1,9,-0.0,2.1972245773362196,1,,,,,0,3,0,6,10,17,1.0,0.0,1.0986122886681096,2.1972245773362196,0.1111111111111111,0.1111111111111111,-1.0,,0,0,0,0,0,0,0,13.0,0.9230769230769231,,0,,,0.0,0.0,,2.6390573296152584,0,0,0,,,0,0,0,0,0,0,0,0,0,,0,0,0,0,,,,,,,,,,,,,,,True,,,,,,,,True,0,,True,,,,,0,,,,,,,False,,0.0,0.0,0.07692307692307693,0.0,True,9,False,False,,True,False,,True,False,,True,False,,True,False,,True,1,1,0.04786734318163383,4,3,4,1,False,0.077696,0.07769583823888815,0.0736162223722503,0.13386622568732293,1.3333333333333333,0.0,False,15,5,0.010868927261374044,-0.0031491157691399627,0.005381526104417671,0.001064979341827743,6,0,0,1.6995114815707133,0.7953584362139918,12,1.3517207943098069,5.39070480585068,,52,0.6645161290322581,0.9090909090909091,0.8636363636363636,0.4090909090909091,0.8636363636363636,,,,,,,2022-10-01,,
concept:24e1f5dfcd426ad1fef169cb,Convolutional Neural Networks,2019-10-01,2019-10-01,2018-01-01,638,2,4,1,0.0,,True,1.0986122886681098,1.0986122886681098,0.0,1.6094379124341003,0.0,0.0,0.0,0.0,1.0986122886681098,1.511857892036909,0.14285714285714285,0.09090909090909091,0.0,19,1,2,-0.0,0.6931471805599453,1,,,,,0,5,1,7,6,6,1.0,0.0,1.5607104090414063,2.833213344056216,0.058823529411764705,0.058823529411764705,-0.3333333333333333,,0,0,0,0,0,0,0,4.0,1.0,1.0,2,0.0,0.0,0.0,0.0,,1.6094379124341003,0,0,0,,,0,0,0,0,0,0,0,0,0,,0,0,1,0,,,,,,,,,,,,,,,True,,,,,,,,True,0,,True,,,,,0,,,,,,,False,,0.0,0.0,0.0,0.0,True,2,False,False,,True,False,,True,False,,True,False,,True,False,,True,1,1,0.34873150258179014,11,2,23,3,True,0.072379,0.07237878218674965,0.10434514883854573,0.10673614486533163,4.0,0.130435,False,40,37,0.005416813139263952,-0.002759801742175133,0.0012208835341365463,0.0012208835341365463,38,35,0,1.6874814382663723,0.9034368764588296,11,1.5245329596696247,5.399680305631002,,49,0.6838709677419355,0.4090909090909091,0.45454545454545453,0.9090909090909091,0.5909090909090909,,,,,,,2022-10-01,,
concept:af4b571954770e8cad1c2545,Recurrent Neural Networks,2019-10-01,2019-10-01,2014-01-01,2099,2,2,1,0.6931471805599453,,True,0.6931471805599453,0.6931471805599453,0.6931471805599453,0.6931471805599453,0.6931471805599453,0.0,0.0,0.0,0.6931471805599453,1.0,0.14285714285714285,0.041666666666666664,0.0,19,1,2,-0.0,0.6931471805599453,1,,,,,0,5,0,6,6,10,1.0,0.0,1.5607104090414063,2.4849066497880004,0.08333333333333333,0.08333333333333333,-1.0,,0,0,0,0,0,0,0,2.0,1.0,0.0,0,0.0,0.0,0.0,0.6931471805599453,,1.0986122886681098,0,0,0,,,0,0,0,0,0,0,0,0,0,,0,0,0,0,,,,,,,,,,,,,,,True,,,,,,,,True,0,,True,,,,,0,,,,,,,False,,0.0,0.0,0.0,0.0,True,2,False,False,,True,False,,True,False,,True,False,,True,False,,True,1,1,0.07304517336419017,12,1,88,3,True,0.097143,0.07200093132212326,0.10708832039093186,0.10544336227776499,10.0,0.420455,False,39,38,0.005372377857390281,-0.0028042370240488022,0.0012851405622489962,0.0012851405622489962,38,37,0,1.6744639468886513,0.9022733599414293,9,1.5108242114600106,5.023256319234237,,49,0.6838709677419355,0.4090909090909091,0.45454545454545453,0.4090909090909091,0.7727272727272727,,,,,,,2022-10-01,,
concept:eb0bcafb083efc730b15c720,Deep Neural Networks (DNNs),2019-10-01,2019-10-01,2018-01-01,638,2,4,1,0.0,,True,0.6931471805599453,0.6931471805599453,-0.6931471805599453,1.6094379124341003,0.0,0.0,0.0,0.0,0.6931471805599453,0.47809144373375745,0.14285714285714285,0.09090909090909091,0.6666666666666667,19,1,2,-0.0,0.6931471805599453,1,,,,,0,5,1,7,6,6,1.0,0.0,1.5607104090414063,2.833213344056216,0.058823529411764705,0.058823529411764705,-0.3333333333333333,,0,0,0,0,0,1,0,4.0,0.75,1.0,2,0.0,0.16666666666666666,0.0,0.8472978603872034,,1.6094379124341003,0,0,0,,,0,0,0,0,0,0,0,0,0,,0,0,0,0,,,,,,,,,,,,,,,True,,,,,,,,True,0,,True,,,,,0,,,,,,,False,,0.0,0.0,0.25,0.0,True,2,False,False,,True,False,,True,False,,True,False,,True,False,,True,1,1,0.10700924479478903,11,1,88,3,True,0.072379,0.07237878218674965,0.10422156756638912,0.11678971963491991,10.0,0.420455,False,40,37,0.005416813139263951,-0.002759801742175134,0.0012208835341365463,0.0012208835341365463,38,35,0,1.6874814382663723,0.9034368764588296,11,1.5245329596696247,5.399680305631002,1.0,48,0.6903225806451613,0.4090909090909091,0.45454545454545453,0.9090909090909091,0.5909090909090909,,,,,,,2022-10-01,,
concept:61fb037953fb5a64d06e7325,Compressed sensing for QST,2020-01-01,2020-01-01,2019-09-12,111,2,2,2,1.0986122886681098,,True,0.0,1.0986122886681098,1.0986122886681098,1.0986122886681098,1.0986122886681098,0.0,0.0,0.0,1.0986122886681098,0.8017837257372732,0.14285714285714285,0.4,0.0,26,1,1,-0.0,-0.0,1,,,,,0,4,0,4,7,11,1.0,,1.3321790402101223,2.5400363038209806,0.08163265306122448,0.14285714285714285,-1.0,,0,0,0,0,0,0,0,2.0,0.5,1.0,1,0.0,0.0,0.0,0.4054651081081645,,1.0986122886681098,0,0,0,,,0,0,0,0,0,0,0,0,0,,0,0,0,0,,,,,,,,,,,,,,,True,,,,,,,,True,0,,True,,,,,0,,,,,,,False,,0.0,0.0,0.5,0.0,True,2,False,False,,True,False,,True,False,,True,False,,True,False,,True,1,1,0.0,15,3,4,1,False,0.244881,0.20154119396240122,0.1377033891853926,0.20563913413016072,5.0,1.0,False,70,70,0.0058455140795826135,0.0058455140795826135,0.0025903730654295853,0.0025903730654295853,39,39,1,1.986897200645887,0.9434458903785365,17,1.8745299985539805,5.933163326460618,,50,0.6774193548387097,0.34210526315789475,0.6578947368421053,0.4473684210526316,0.5263157894736842,,,,,,,2023-01-01,,
concept:66868c041e38c29fe52136cf,Long Short-Term Memory,2020-01-01,2020-01-01,2019-09-12,111,2,2,2,1.0986122886681098,,True,0.0,1.0986122886681098,1.0986122886681098,1.0986122886681098,1.0986122886681098,0.0,0.0,0.0,1.0986122886681098,0.8017837257372732,0.14285714285714285,0.4,0.0,26,1,1,-0.0,-0.0,1,,,,,0,4,0,4,7,11,1.0,,1.3321790402101223,2.5400363038209806,0.08163265306122448,0.14285714285714285,-1.0,,0,0,0,0,0,0,0,2.0,0.5,1.0,1,0.0,0.0,0.0,0.0,,1.0986122886681098,0,0,0,,,0,0,0,0,0,0,0,0,0,,0,0,0,0,,,,,,,,,,,,,,,True,,,,,,,,True,0,,True,,,,,0,,,,,,,False,,0.0,0.0,0.5,0.0,True,2,False,False,,True,False,,True,False,,True,False,,True,False,,True,1,1,0.0,15,0,306,0,True,0.114902,0.09408677332800908,0.14264939226998408,0.12871529930112013,2.5344827586206895,0.405229,False,70,70,0.0058455140795826135,0.0058455140795826135,0.0025903730654295853,0.0025903730654295853,39,39,1,1.986897200645887,0.9434458903785365,17,1.8745299985539805,5.933163326460618,,50,0.6774193548387097,0.34210526315789475,0.6578947368421053,0.4473684210526316,0.5263157894736842,,,,,,,2023-01-01,,
concept:6cce4b340a543f6c0ab8dc31,Generative Adversarial Networks,2020-01-01,2020-01-01,2019-09-12,111,2,5,2,1.0986122886681098,,True,0.28768207245178085,1.791759469228055,1.791759469228055,1.791759469228055,1.0986122886681098,0.0,0.0,0.0,1.791759469228055,2.393774995725106,0.2857142857142857,0.4,0.0,26,1,1,-0.0,-0.0,1,,,,,0,4,0,4,7,11,1.0,,1.3321790402101223,2.5400363038209806,0.08163265306122448,0.14285714285714285,-1.0,,0,0,0,0,0,0,0,5.0,1.0,1.0,1,0.0,0.0,0.0,0.0,,1.791759469228055,0,0,0,,,0,0,0,0,0,0,0,0,0,,0,0,0,0,,,,,,,,,,,,,,,True,,,,,,,,True,0,,True,,,,,0,,,,,,,False,,0.0,0.0,0.0,0.0,True,2,False,False,,True,False,,True,False,,True,False,,True,False,,True,1,1,0.0,15,1,36,3,True,0.159111,0.15911053689112586,0.13557068993265564,0.1769524927062883,22.0,0.361111,False,70,70,0.0058455140795826135,0.0058455140795826135,0.0025903730654295853,0.0025903730654295853,39,39,1,1.986897200645887,0.9434458903785365,17,1.8745299985539805,5.933163326460618,,50,0.6774193548387097,0.34210526315789475,0.6578947368421053,0.4473684210526316,0.5263157894736842,,,,,,,2023-01-01,,
concept:6ec797f97ab98c88883b12d1,Scaling solutions for blockchain,2020-01-01,2020-01-01,2020-01-01,0,2,2,2,1.0986122886681098,,True,1.0986122886681098,1.0986122886681098,1.0986122886681098,1.0986122886681098,1.0986122886681098,0.0,0.0,0.0,1.0986122886681098,2.0,0.14285714285714285,1.0,0.0,0,1,2,-0.0,0.6931471805599453,1,,,,,0,3,0,4,3,7,1.0,,1.0986122886681096,1.791759469228055,0.16666666666666666,0.16666666666666666,-1.0,,0,0,0,0,0,0,0,2.0,0.5,1.0,2,0.0,0.0,0.0,0.0,,1.0986122886681098,1,1,0,0.0,0.0,0,0,0,0,0,0,0,0,0,,0,0,0,0,,,,,,,,,,,,,,,True,,,,,,,,True,0,,True,,,,,0,,,,,,,False,,0.0,0.0,0.5,0.0,True,2,False,False,,True,False,,True,False,,True,False,,True,False,,True,1,1,0.0,10,1,109,3,True,0.185644,0.18564411408951642,0.13468172487961327,0.1895291429614426,0.9615384615384616,0.366972,False,1,1,0.0035880875493362035,0.0035880875493362035,0.0,0.0,1,1,0,1.0986122886681096,0.0,0,0.0,3.6759301604878836,,48,0.6903225806451613,0.34210526315789475,0.6578947368421053,0.4473684210526316,0.2894736842105263,,,,,,,2023-01-01,,
concept:b41e4c95c176cb788d9d1c8e,Echo state networks / reservoir computers,2020-01-01,2020-01-01,2019-09-12,111,2,4,2,1.0986122886681098,,True,0.6931471805599453,1.6094379124341003,1.6094379124341003,1.6094379124341003,1.0986122886681098,0.0,0.0,0.0,1.6094379124341003,2.6726124191242437,0.2857142857142857,0.4,0.0,26,1,1,-0.0,-0.0,1,,,,,0,4,0,4,7,11,1.0,,1.3321790402101223,2.5400363038209806,0.08163265306122448,0.14285714285714285,-1.0,,0,0,0,0,0,0,0,4.0,0.75,,0,,,0.0,0.0,,1.6094379124341003,0,0,0,,,0,0,0,0,0,0,0,0,0,,0,0,0,0,,,,,,,,,,,,,,,True,,,,,,,,True,0,,True,,,,,0,,,,,,,False,,0.0,0.0,0.25,0.0,True,2,False,False,,True,False,,True,False,,True,False,,True,False,,True,1,1,0.0,15,0,306,0,True,0.201669,0.16611192916718687,0.17443119536952123,0.18715841978924413,2.5344827586206895,0.405229,False,70,70,0.0058455140795826135,0.0058455140795826135,0.0025903730654295853,0.0025903730654295853,39,39,1,1.986897200645887,0.9434458903785365,17,1.8745299985539805,5.933163326460618,,53,0.6580645161290323,0.34210526315789475,0.6578947368421053,0.4473684210526316,0.5263157894736842,,,,,,,2023-01-01,,
concept:b86aa1218f95fb7096dc8475,Autoencoder,2020-01-01,2020-01-01,2019-09-12,111,2,4,2,1.0986122886681098,,True,0.0,1.6094379124341003,1.6094379124341003,1.6094379124341003,1.0986122886681098,0.0,0.0,0.0,1.6094379124341003,1.511857892036909,0.14285714285714285,0.4,0.0,26,1,1,-0.0,-0.0,1,,,,,0,4,0,4,7,11,1.0,,1.3321790402101223,2.5400363038209806,0.08163265306122448,0.14285714285714285,-1.0,,0,0,0,0,0,0,0,4.0,1.0,,0,,,0.0,0.0,,1.6094379124341003,0,0,0,,,0,0,0,0,0,0,0,0,0,,0,0,0,0,,,,,,,,,,,,,,,True,,,,,,,,True,0,,True,,,,,0,,,,,,,False,,0.0,0.0,0.0,0.0,True,2,False,False,,True,False,,True,False,,True,False,,True,False,,True,1,1,0.0,15,1,36,3,True,0.156884,0.06215667147784876,0.1279527628426097,0.14588686416690982,22.0,0.361111,False,70,70,0.0058455140795826135,0.0058455140795826135,0.0025903730654295853,0.0025903730654295853,39,39,1,1.986897200645887,0.9434458903785365,17,1.8745299985539805,5.933163326460618,,53,0.6580645161290323,0.34210526315789475,0.6578947368421053,0.4473684210526316,0.5263157894736842,,,,,,,2023-01-01,,
concept:f013215dc64eae95ff3b257f,Hyperledger Fabric,2020-01-01,2020-01-01,2018-12-19,378,2,2,1,0.0,,True,0.6931471805599453,0.6931471805599453,0.0,1.0986122886681098,0.0,0.0,0.0,0.0,1.3862943611198906,0.8017837257372732,0.2857142857142857,0.14285714285714285,0.0,0,1,2,-0.0,0.6931471805599453,1,,,,,0,2,0,4,3,11,1.0,0.0,0.6931471805599453,1.791759469228055,0.16666666666666666,0.16666666666666666,-1.0,,0,0,0,0,0,0,0,2.0,0.5,,0,,,0.0,0.0,,1.0986122886681098,0,0,0,,,0,0,0,0,0,0,0,0,0,,0,0,0,0,,,,,,,,,,,,,,,True,,,,,,,,True,0,,True,,,,,0,,,,,,,False,,0.0,0.0,0.5,0.0,True,2,False,False,,True,False,,True,False,,True,False,,True,False,,True,1,1,0.23804628387473534,5,1,109,3,True,0.153775,0.1392009853258207,0.1267923291356028,0.15709939926162164,0.9615384615384616,0.366972,False,7,2,0.004226988726993985,-0.0011183855315109875,0.00029486498786407764,0.00029486498786407764,5,0,0,2.23512361332277,0.6407266937387199,0,1.4321033628616395,3.6759301604878836,,52,0.6645161290322581,0.34210526315789475,0.2894736842105263,0.4473684210526316,0.5263157894736842,,,,,,,2023-01-01,,
concept:f6457451491d5f7f8c02f647,Searchable Encryption,2020-01-01,2020-01-01,2019-01-01,365,2,2,1,0.0,,True,0.6931471805599453,0.6931471805599453,0.0,1.0986122886681098,0.0,0.0,0.0,0.0,1.3862943611198906,0.8017837257372732,0.2857142857142857,0.15384615384615385,0.0,0,1,1,-0.0,-0.0,1,,,,,0,1,0,3,2,10,1.0,0.0,-0.0,1.5607104090414063,0.2222222222222222,0.3333333333333333,-1.0,,0,0,0,0,0,0,0,2.0,0.5,,0,,,0.0,0.0,,1.0986122886681098,0,0,0,,,0,0,0,0,0,0,0,0,0,,0,0,0,0,,,,,,,,,,,,,,,True,,,,,,,,True,0,,True,,,,,0,,,,,,,False,,0.0,0.0,0.5,0.0,True,2,False,False,,True,False,,True,False,,True,False,,True,False,,True,1,1,0.23804628387473534,1,2,11,3,True,0.170317,0.17031703511673513,0.1694173209163169,0.2241864831454971,3.0,0.454545,False,8,4,0.005049551227000697,-0.0002346280792005339,0.00019974724984340745,0.00019974724984340745,5,1,0,1.7771296893035144,0.6475474108914399,0,1.1507757291267997,3.182850002611439,,52,0.6645161290322581,0.34210526315789475,0.2894736842105263,0.4473684210526316,0.34210526315789475,,,,,,,2023-01-01,,
concept:7ad9361ee152b83a52687d53,tokenization,2020-04-01,2020-04-01,2019-01-01,456,2,6,1,0.0,,True,1.791759469228055,1.791759469228055,1.0986122886681098,1.9459101490553132,0.0,0.0,0.0,0.0,2.4849066497880004,4.543441112511214,0.2857142857142857,0.125,0.0,12,1,1,-0.0,-0.0,1,,,,,0,1,0,3,4,2,0.0,1.0,-0.0,1.5607104090414063,0.2222222222222222,0.3333333333333333,-1.0,,0,0,0,0,0,0,0,6.0,1.0,1.0,1,0.0,0.0,0.0,0.0,,1.9459101490553132,0,0,0,,,0,0,0,0,0,0,0,0,0,,0,0,0,0,,,,,,,,,,,,,,,True,,,,,,,,True,0,,True,,,,,0,,,,,,,False,,0.5,0.0,0.0,0.0,True,2,False,False,,True,False,,True,False,,True,False,,True,False,,True,1,1,0.0,2,2,11,2,False,0.15252,0.15252019480482937,0.15037963967340529,0.19654827850973677,0.7272727272727273,0.090909,False,7,2,0.003801297277881449,-0.002144005932582285,1.0015821818847806e-05,1.0015821818847806e-05,6,1,0,1.4843071366586966,0.5120894071914481,0,0.7600979617015877,3.9687875641453587,,49,0.6838709677419355,0.34782608695652173,0.3695652173913043,0.45652173913043476,0.13043478260869565,,,,,,,2023-04-01,,
concept:83baf8b143644ea212d7dca0,Decentralized Autonomous Organization (DAO),2020-04-01,2020-04-01,2019-01-01,456,2,3,1,0.0,,True,1.0986122886681098,1.0986122886681098,0.4054651081081644,1.3862943611198906,0.0,0.0,0.0,0.0,1.791759469228055,1.7371980724307585,0.2857142857142857,0.125,0.0,12,1,1,-0.0,-0.0,1,,,,,0,1,0,3,4,2,0.0,1.0,-0.0,1.5607104090414063,0.2222222222222222,0.3333333333333333,-1.0,,0,0,0,0,0,0,0,3.0,1.0,1.0,1,0.0,0.0,0.5,0.0,,1.3862943611198906,0,0,0,,,0,0,0,0,0,0,0,0,0,,0,0,0,0,,,,,,,,,,,,,,,True,,,,,,,,True,0,,True,,,,,0,,,,,,,False,,0.5,0.0,0.0,0.0,True,2,False,False,,True,False,,True,False,,True,False,,True,False,,True,1,1,0.17858696541315572,2,2,11,2,False,0.060927,0.060926890447156046,0.15875996488691468,0.13125797871433928,0.7272727272727273,0.090909,False,7,2,0.003801297277881449,-0.002144005932582285,1.0015821818847806e-05,1.0015821818847806e-05,6,1,0,1.4843071366586966,0.5120894071914481,0,0.7600979617015877,3.9687875641453587,,49,0.6838709677419355,0.34782608695652173,0.3695652173913043,0.45652173913043476,0.13043478260869565,,,,,,,2023-04-01,,
concept:e0604d558c0850ed308056f5,DAICO,2020-04-01,2020-04-01,2019-01-01,456,2,2,1,0.0,,True,0.6931471805599453,0.6931471805599453,0.0,1.0986122886681098,0.0,0.0,0.0,0.0,1.3862943611198906,0.8017837257372732,0.2857142857142857,0.125,0.0,12,1,1,-0.0,-0.0,1,,,,,0,1,0,3,4,2,0.0,1.0,-0.0,1.5607104090414063,0.2222222222222222,0.3333333333333333,-1.0,,0,0,0,0,0,0,0,2.0,0.5,1.0,1,0.0,0.0,0.0,0.4054651081081645,,1.0986122886681098,0,0,0,,,0,0,0,0,0,0,0,0,0,,0,0,0,0,,,,,,,,,,,,,,,True,,,,,,,,True,0,,True,,,,,0,,,,,,,False,,0.5,0.0,0.5,0.0,True,2,False,False,,True,False,,True,False,,True,False,,True,False,,True,1,1,0.23804628387473534,2,1,69,3,True,0.175029,0.15998600893692205,0.16546617087481819,0.17961026844455516,0.7441860465116279,0.289855,False,7,2,0.0038012972778814487,-0.0021440059325822853,1.0015821818847806e-05,1.0015821818847806e-05,6,1,0,1.4843071366586966,0.5120894071914481,0,0.7600979617015877,3.9687875641453587,,49,0.6838709677419355,0.34782608695652173,0.3695652173913043,0.45652173913043476,0.13043478260869565,,,,,,,2023-04-01,,
concept:e0faced752653e6b046f4dc0,distributed corporate governance models,2020-04-01,2020-04-01,2019-01-01,456,2,3,1,0.0,,True,0.6931471805599453,0.6931471805599453,-0.40546510810816444,1.3862943611198906,0.0,0.0,0.0,0.0,1.791759469228055,0.629940788348712,0.2857142857142857,0.125,0.5,12,1,1,-0.0,-0.0,1,,,,,0,1,0,3,4,2,0.0,1.0,-0.0,1.5607104090414063,0.2222222222222222,0.3333333333333333,-1.0,,0,0,0,0,0,0,0,3.0,0.6666666666666666,1.0,1,0.0,0.0,0.5,0.916290731874155,,1.3862943611198906,0,0,0,,,0,0,0,0,0,0,0,0,0,,0,0,0,0,,,,,,,,,,,,,,,True,,,,,,,,True,0,1,False,,0,,,0,,,,,,,False,,0.5,0.0,0.3333333333333333,0.0,True,2,False,False,,True,False,,True,False,,True,False,,True,False,,True,1,1,0.17858696541315572,2,1,69,3,True,0.096662,0.09543946790553659,0.09617738323251135,0.12469596103162353,0.7441860465116279,0.289855,False,7,2,0.0038012972778814487,-0.0021440059325822853,1.0015821818847806e-05,1.0015821818847806e-05,6,1,0,1.4843071366586966,0.5120894071914481,0,0.7600979617015877,3.9687875641453587,,47,0.6967741935483871,0.34782608695652173,0.3695652173913043,0.45652173913043476,0.13043478260869565,,,,,,,2023-04-01,,
concept:04b7a6edd052154d7891cd68,Blockchain-based governance systems,2020-07-01,2020-07-01,2020-03-20,103,2,2,2,1.0986122886681098,,True,0.0,1.0986122886681098,1.0986122886681098,1.0986122886681098,1.0986122886681098,0.0,0.0,0.0,1.0986122886681098,0.8017837257372732,0.14285714285714285,0.4,0.0,26,1,2,-0.0,0.6931471805599453,1,,,,,0,2,0,5,4,3,1.0,,0.6931471805599453,1.9459101490553132,0.14285714285714285,0.14285714285714285,-1.0,,0,0,0,0,0,0,0,2.0,0.5,1.0,1,0.3333333333333333,0.0,0.0,0.6931471805599453,,1.0986122886681098,0,0,0,,,0,0,0,0,0,0,0,0,0,,0,0,0,0,,,,,,,,,,,,,,,True,,,,,,,,True,0,,True,,,,,0,,,,,,,False,,0.0,0.0,0.5,0.0,True,2,False,False,,True,False,,True,False,,True,False,,True,False,,True,1,1,0.0,11,1,85,3,True,0.076769,0.07676852449223814,0.0718497689394999,0.09396177206545508,0.8653846153846154,0.305882,False,12,12,0.005926400806630101,0.005926400806630101,0.005252714054676452,0.005252714054676452,6,6,1,2.072103068111312,0.7510085978835979,0,1.5561672198525778,4.631724254966876,,50,0.6774193548387097,0.36538461538461536,0.7115384615384616,0.46153846153846156,0.28846153846153844,,,,,,,2023-07-01,,
concept:0b277c1a3496f770a45047b7,Smart contracts,2020-07-01,2020-07-01,2017-06-16,1111,14,22,5,0.0,,True,0.4054651081081644,-0.2231435513142097,-0.2231435513142097,0.8873031950009027,0.0,0.0,0.0,0.0,-1.83258146374831,0.0,0.42857142857142855,0.16666666666666666,0.2222222222222222,26,1,12,-0.0,2.4036404106149494,1,,,,,0,7,0,21,12,46,1.0,0.0,1.748155457247676,3.2536462828828765,0.04161712247324613,0.10344827586206896,-1.0,,0,0,0,0,0,0,0,22.0,1.0,,0,,,0.0,0.0,,3.1354942159291497,0,0,0,,,0,0,0,0,0,0,0,0,0,,0,0,0,0,,,,,,,,,,,,,,,True,,,,,,,,True,0,,True,,,,,0,,,,,,,False,,0.0,0.0,0.0,0.0,True,14,False,False,,True,False,,True,False,,True,False,,True,False,,True,1,1,0.5277931296859648,14,1,85,3,True,0.106547,0.0441133114819261,0.10598387016938726,0.09592751850136205,0.8653846153846154,0.305882,False,30,12,0.017227082477979064,-0.0037244660096260734,0.015386125464237026,0.003036570257538963,6,2,1,2.086243509438757,0.904094603489544,23,1.8861614984486677,5.630492746738353,,52,0.6645161290322581,0.9807692307692307,0.9807692307692307,0.46153846153846156,0.9807692307692307,,,,,,,2023-07-01,,
concept:106fa46d38b22d2405a73883,permissioned blockchains,2020-07-01,2020-07-01,2019-02-19,498,2,2,1,0.0,,True,0.6931471805599453,0.6931471805599453,0.0,1.0986122886681098,0.0,0.0,0.0,0.0,1.3862943611198906,0.8017837257372732,0.2857142857142857,0.1111111111111111,0.0,26,1,2,-0.0,0.6931471805599453,1,,,,,0,3,0,4,5,3,1.0,0.0,1.0986122886681096,1.3862943611198906,0.25,0.25,-1.0,,0,0,0,0,0,0,0,2.0,0.5,,0,,,0.0,0.0,,1.0986122886681098,0,0,0,,,0,0,0,0,0,0,0,0,0,,0,0,0,0,,,,,,,,,,,,,,,True,,,,,,,,True,0,,True,,,,,0,,,,,,,False,,0.0,0.0,0.5,0.0,True,2,False,False,,True,False,,True,False,,True,False,,True,False,,True,1,1,0.23804628387473534,4,1,85,3,True,0.077907,0.0750704428548914,0.09179053911230262,0.09268465132899759,0.8653846153846154,0.305882,False,6,6,0.003284656872772186,0.0024056647837009874,0.0,0.0,6,6,1,2.121916300878685,0.5442515432098767,0,1.1548562213154174,4.995970530570766,,52,0.6645161290322581,0.36538461538461536,0.34615384615384615,0.46153846153846156,0.28846153846153844,,,,,,,2023-07-01,,
concept:557e9abff89cccdb902c8bcb,Central Bank Digital Currency,2020-07-01,2020-07-01,2017-08-01,1065,2,3,1,0.6931471805599453,,True,0.6931471805599453,0.6931471805599453,0.6931471805599453,-0.40546510810816444,0.6931471805599453,0.0,0.0,0.0,0.6931471805599453,1.0,0.14285714285714285,0.041666666666666664,0.5,30,1,2,-0.0,0.6931471805599453,1,,,,,0,1,0,3,4,13,1.0,0.0,-0.0,1.9459101490553132,0.14285714285714285,0.14285714285714285,-1.0,,0,0,0,0,0,0,0,3.0,1.0,1.0,1,0.0,0.0,0.0,1.0986122886681096,,1.3862943611198906,0,0,0,,,0,0,0,0,0,0,0,0,0,,0,0,0,0,,,,,,,,,,,,,,,True,,,,,,,,True,0,1,False,,0,,,0,,,,,,,False,,0.0,0.0,0.0,0.0,True,2,False,False,,True,False,,True,False,,True,False,,True,False,,True,1,1,0.09217274646050577,1,2,7,1,False,0.076789,0.07678873022097044,0.08988120746382566,0.1322087822090066,0.5,0.0,False,1,0,0.003436426116838488,-0.0024235211436361695,0.0,0.0,1,0,0,1.0986122886681096,0.0,1,0.0,5.414101204389227,,47,0.6967741935483871,0.36538461538461536,0.34615384615384615,0.46153846153846156,0.75,,,,,,,2023-07-01,,
concept:7a18693b7a4a5b259de48c9f,Gradient Boosting with XGBoost,2020-10-01,2020-10-01,2017-02-16,1323,2,2,1,0.6931471805599453,,True,0.6931471805599453,0.6931471805599453,0.6931471805599453,0.0,0.6931471805599453,0.0,0.0,0.0,0.6931471805599453,1.0,0.14285714285714285,0.041666666666666664,0.0,68,1,2,-0.0,0.6931471805599453,1,,,,,0,7,0,6,6,21,1.0,0.0,1.9061547465398494,2.0794415416798357,0.125,0.125,-1.0,,0,0,0,0,0,0,0,2.0,1.0,,0,,,0.0,0.0,,1.0986122886681098,0,0,0,,,0,0,0,0,0,0,0,0,0,,0,0,0,0,,,,,,,,,,,,,,,True,,,,,,,,True,0,,True,,,,,0,,,,,,,False,,0.5,0.0,0.0,0.0,True,2,False,False,,True,False,,True,False,,True,False,,True,False,,True,1,1,0.07304517336419017,3,0,344,0,True,0.218647,0.19953321331354723,0.21387276706796887,0.2174110116571711,1.048,0.284884,False,8,4,0.005459020949406456,0.0009565445874073564,0.00022579105800125875,0.00022579105800125875,4,0,0,1.791759469228055,0.6171875,6,1.1058515474141901,5.565197021466855,,52,0.6645161290322581,0.35714285714285715,0.4642857142857143,0.4642857142857143,0.875,,,,,,,2023-10-01,,
concept:923f0b4baec8ab4dd0059ec1,Blockchain Oracles,2020-10-01,2020-10-01,2019-01-01,639,2,3,1,0.0,,True,1.0986122886681098,1.0986122886681098,0.4054651081081644,1.3862943611198906,0.0,0.0,0.0,0.0,1.0986122886681098,1.7371980724307585,0.14285714285714285,0.09090909090909091,0.0,14,1,2,-0.0,0.6931471805599453,1,,,,,0,2,0,2,4,9,1.0,0.0,0.6931471805599453,0.6931471805599453,0.5,0.5,-1.0,,0,0,0,0,0,0,0,3.0,1.0,1.0,1,0.0,0.0,0.0,0.4054651081081645,,1.3862943611198906,0,0,0,,,0,0,0,0,0,0,0,0,0,,0,0,0,0,,,,,,,,,,,,,,,True,,,,,,,,True,0,,True,,,,,0,,,,,,,False,,0.0,0.0,0.0,0.0,True,2,False,False,,True,False,,True,False,,True,False,,True,False,,True,1,1,0.17858696541315572,5,1,79,3,True,0.159299,0.12028970631501068,0.12189574345691256,0.1539952690412885,1.0,0.341772,False,2,0,0.0016299452756101348,-0.0008666776439516508,0.0,0.0,2,0,0,2.5400363038209806,0.17055555555555557,0,0.4332173029294673,4.5510760571582205,,49,0.6838709677419355,0.35714285714285715,0.4642857142857143,0.4642857142857143,0.44642857142857145,,,,,,,2023-10-01,,
concept:84e312752933249e48c068e4,CryptoNote with ring signatures,2021-01-01,2021-01-01,2019-01-01,731,2,2,1,0.6931471805599453,,True,0.6931471805599453,0.6931471805599453,0.6931471805599453,0.0,0.6931471805599453,0.0,0.0,0.0,0.6931471805599453,1.0,0.14285714285714285,0.041666666666666664,0.0,7,1,2,-0.0,0.6931471805599453,1,,,,,0,3,1,4,3,10,1.0,0.0,1.0986122886681096,2.0794415416798357,0.125,0.125,-0.3333333333333333,1.0,0,0,0,0,0,0,0,2.0,0.5,,0,,,0.0,0.0,,1.0986122886681098,0,0,0,,,0,0,0,0,0,0,0,0,0,,0,0,0,0,,,,,,,,,,,,,,,True,,,,,,,,True,0,,True,,,,,0,,,,,,,False,,0.0,0.0,0.5,0.0,True,2,False,False,,True,False,,True,False,,True,False,,True,False,,True,1,1,0.07304517336419017,6,0,395,0,True,0.194603,0.16878016033015264,0.2013247083984877,0.18971385398391613,0.7619047619047619,0.225316,False,19,15,0.004317651486235957,0.000729563936899753,0.0006009541926414864,0.0006009541926414864,15,11,0,0.9504737632744099,0.8107571560480149,1,0.7706034052106148,5.907033027483077,,51,0.6709677419354838,0.36666666666666664,0.7,0.9333333333333333,0.5,,,,,,,2024-01-01,,
concept:8d5512b13f658f9330a469f4,Post-Quantum Cryptography,2021-01-01,2021-01-01,2017-01-01,1461,2,2,1,0.6931471805599453,,True,0.6931471805599453,0.6931471805599453,0.6931471805599453,0.6931471805599453,0.6931471805599453,0.0,0.0,0.0,0.6931471805599453,1.0,0.14285714285714285,0.041666666666666664,0.0,0,1,2,-0.0,0.6931471805599453,1,,,,,0,4,0,6,6,9,1.0,0.0,1.3321790402101223,1.9459101490553132,0.14285714285714285,0.14285714285714285,-1.0,,0,0,0,0,0,0,0,2.0,1.0,,0,,,0.0,0.0,,1.0986122886681098,0,0,0,,,0,0,0,0,0,0,0,0,0,,0,0,0,0,,,,,,,,,,,,,,,True,,,,,,,,True,0,,True,,,,,0,,,,,,,False,,0.0,0.0,0.0,0.0,True,2,False,False,,True,False,,True,False,,True,False,,True,False,,True,1,1,0.07304517336419017,12,1,50,3,True,0.03651,0.03651015442352268,0.12659847272547964,0.10393037250445421,1.4615384615384615,0.36,False,5,3,0.004502251119905712,0.0009726089442571939,0.00014539214338100476,0.00014539214338100476,3,1,0,1.735433771585304,0.5055555555555554,4,0.8773581845236813,5.829849023558217,,52,0.6645161290322581,0.36666666666666664,0.7,0.43333333333333335,0.43333333333333335,,,,,,,2024-01-01,,
concept:0aeb4c903d44b57fc5daaec8,Permissionless blockchains,2021-04-01,2021-04-01,2020-06-05,300,2,2,2,1.0986122886681098,,True,0.6931471805599453,0.0,1.0986122886681098,1.0986122886681098,1.0986122886681098,0.0,0.0,0.0,-0.6931471805599453,0.8017837257372732,0.2857142857142857,0.18181818181818182,0.0,52,1,2,-0.0,0.6931471805599453,1,,,,,0,1,0,2,4,4,1.0,,-0.0,1.0986122886681096,0.3333333333333333,0.3333333333333333,-1.0,,0,0,0,0,0,0,0,2.0,0.5,,0,,,0.0,0.0,,1.0986122886681098,0,0,0,,,0,0,0,0,0,0,0,0,0,,0,0,0,0,,,,,,,,,,,,,,,True,,,,,,,,True,0,,True,,,,,0,,,,,,,False,,0.0,0.0,0.5,0.0,True,2,False,False,,True,False,,True,False,,True,False,,True,False,,True,1,1,0.0,7,3,4,1,False,0.092775,0.09277454658435247,0.08916092165266809,0.11113465928242991,4.0,0.75,True,19,19,0.004601611671584461,0.004601611671584461,0.0010361535667775615,0.0010361535667775615,14,14,0,2.148102784422799,0.8162831391950818,0,1.7534600841823382,5.058862523047292,,53,0.6580645161290323,0.3709677419354839,0.9032258064516129,0.43548387096774194,0.3387096774193548,,,,,,,2024-04-01,,
concept:3d756ff3fc05b7ef030f2903,Initial Crypto-asset Offerings (ICOs),2021-04-01,2021-04-01,2018-01-01,1186,3,4,0,-0.6931471805599453,,True,0.0,0.0,-1.0986122886681098,0.0,-0.6931471805599453,0.0,0.0,0.0,1.0986122886681098,-0.2519763153394848,0.14285714285714285,0.041666666666666664,1.0,377,1,2,-0.0,0.6365141682948128,0,,,,,0,1,0,3,5,3,,0.0,-0.0,1.5607104090414063,0.2222222222222222,0.3333333333333333,-1.0,,2,0,0,0,0,0,0,4.0,0.75,1.0,1,0.0,0.0,0.25,0.916290731874155,,1.6094379124341003,0,0,0,,,0,0,0,0,0,0,0,0,0,,0,0,0,0,,,,,,,,,,,,,,,True,,,,,,,,True,0,,True,,,,,0,,,,,,,False,0.5,0.3333333333333333,0.0,0.25,0.0,True,3,False,False,,True,False,,True,False,,True,False,,True,False,,True,1,1,0.0,0,3,3,1,False,0.136312,0.13631249661055356,0.13670056101466954,0.1619163715304891,0.0,0.0,False,7,0,0.0025386158419120827,-0.0012626814359693664,0.00015954931028256243,0.00014953348846371463,6,0,0,1.4843071366586966,0.5439852607709751,0,0.8074412047995004,5.242333753889827,,49,0.6838709677419355,0.7903225806451613,0.3225806451612903,0.43548387096774194,0.24193548387096775,,,,,,,2024-04-01,,
concept:5fb16a1a8ff4e9aff6af6e7a,Ethereum,2021-04-01,2021-04-01,2018-12-19,834,5,5,1,-0.40546510810816444,,True,0.0,-0.6931471805599453,-0.40546510810816444,0.28768207245178085,-0.40546510810816444,0.0,0.0,0.0,-0.28768207245178085,-0.3585685828003181,0.2857142857142857,0.08333333333333333,0.6666666666666667,293,1,3,-0.0,0.9502705392332347,1,,,,,0,3,0,7,5,22,1.0,0.0,0.9502705392332347,2.6393405872324323,0.0795847750865052,0.17647058823529413,-1.0,,0,0,0,0,0,0,0,5.0,1.0,1.0,1,0.0,0.0,0.0,0.6931471805599453,,1.791759469228055,0,0,0,,,0,0,0,0,0,0,0,0,0,,0,0,0,0,,,,,,,,,,,,,,,True,,,,,,,,True,0,,True,,,,,0,,,,,,,False,,0.0,0.0,0.0,0.0,True,5,False,False,,True,False,,True,False,,True,False,,True,False,,True,1,1,0.23082030435529682,3,1,94,3,True,0.106547,0.10654651301600493,0.08974887845861068,0.11776877364774055,2.44,0.457447,False,14,0,0.005126080260756126,-0.0029989198684800536,0.0010499078176639891,-0.0003397874597011437,5,0,0,2.4239372364436225,0.7844955440509997,3,1.9015679610493164,5.731106240427666,,49,0.6838709677419355,0.8870967741935484,0.7580645161290323,0.43548387096774194,0.9193548387096774,,,,,,,2024-04-01,,
concept:e03c3b611c6abb5279900ff5,Lattice-based cryptography,2021-04-01,2021-04-01,2017-01-01,1551,2,2,0,0.0,,True,0.0,0.0,0.0,-0.6931471805599453,0.0,0.0,0.0,0.0,0.0,0.0,0.0,0.0,1.0,747,1,2,-0.0,0.6931471805599453,0,,,,,0,2,0,1,5,3,,0.0,0.6931471805599453,0.6931471805599453,0.5,0.5,-1.0,,0,0,0,0,1,0,0,2.0,0.5,1.0,1,0.0,0.0,0.0,0.0,,1.0986122886681098,0,0,0,,,0,0,0,0,0,0,0,0,0,,0,0,0,0,,,,,,,,,,,,,,,True,,,,,,,,True,0,,True,,,,,0,,,,,,,False,,0.0,0.0,0.5,0.0,True,2,False,False,,True,False,,True,False,,True,False,,True,False,,True,1,1,0.23804628387473534,0,3,8,1,False,0.051359,0.05135887536587602,0.09995968686656986,0.1369678468123071,3.0,0.25,False,3,0,0.0030184726867448918,-0.002201966703078605,6.418650413666309e-05,1.4107395042424065e-05,2,0,0,1.7481554572476758,0.4788888888888889,0,0.8371722245263871,5.134022943676613,,50,0.6774193548387097,0.3709677419354839,0.3225806451612903,0.43548387096774194,0.24193548387096775,,,,,,,2024-04-01,,
concept:efec0a80b0dd3c913e604346,Blockchain technology for supply chain management,2021-04-01,2021-04-01,2018-09-11,933,2,2,0,0.0,,True,0.0,0.0,0.0,-1.0986122886681098,0.0,0.0,0.0,0.0,0.0,0.0,0.0,0.0,1.0,804,1,2,-0.0,0.6931471805599453,0,,,,,0,2,0,3,3,6,,0.0,0.6931471805599453,1.0986122886681096,0.3333333333333333,0.3333333333333333,-1.0,,0,0,0,0,0,1,0,2.0,0.5,1.0,2,0.0,0.0,0.0,0.6931471805599452,,1.0986122886681098,0,0,0,,,0,0,0,0,0,0,0,0,0,,0,0,0,0,,,,,,,,,,,,,,,True,,,,,,,,True,0,,True,,,,,0,,,,,,,False,,0.0,0.0,0.5,0.0,True,2,False,False,,True,False,,True,False,,True,False,,True,False,,True,1,1,0.23804628387473534,0,1,94,3,True,0.098859,0.09885941051157532,0.10407065314030328,0.11394540257290278,2.44,0.457447,False,0,0,0.0003915426781519186,-0.0001422651510295762,0.0,0.0,0,0,0,,,0,,5.268921379340966,1.0,52,0.6645161290322581,0.3709677419354839,0.3225806451612903,0.43548387096774194,0.3709677419354839,,,,,,,2024-04-01,,
concept:035e4ee3e6c3d40ec3ab81c1,digital tokens,2021-07-01,2021-07-01,2021-02-08,143,2,3,2,1.0986122886681098,,True,-0.40546510810816444,1.3862943611198906,1.3862943611198906,1.3862943611198906,1.0986122886681098,0.0,0.0,0.0,1.3862943611198906,0.629940788348712,0.14285714285714285,0.3333333333333333,0.0,68,1,2,-0.0,0.6931471805599453,1,,,,,0,1,0,1,4,5,1.0,,-0.0,1.3862943611198906,0.25,0.25,-1.0,,0,0,0,0,0,0,0,3.0,1.0,,0,,,0.0,0.0,,1.3862943611198906,0,0,0,,,0,0,0,0,0,0,0,0,0,,0,0,0,0,,,,,,,,,,,,,,,True,,,,,,,,True,0,,True,,,,,0,,,,,,,False,,0.0,0.0,0.0,0.0,True,2,False,False,,True,False,,True,False,,True,False,,True,False,,True,1,1,0.0,6,1,98,3,True,0.121727,0.1217271124837842,0.1144375328659939,0.13566436462828874,1.8,0.428571,False,15,15,0.003611228927408554,0.003611228927408554,0.0008495570981643496,0.0008495570981643496,14,14,0,2.1950462864899545,0.7788005898805456,2,1.7095033427334776,5.5313425125403795,,53,0.6580645161290323,0.3611111111111111,0.875,0.4305555555555556,0.3055555555555556,,,,,,,2024-07-01,,
concept:14510a07ea0bd646b6ce4eb1,Transfer learning,2021-07-01,2021-07-01,2020-07-25,341,2,2,2,1.0986122886681098,,True,0.6931471805599453,0.0,1.0986122886681098,1.0986122886681098,1.0986122886681098,0.0,0.0,0.0,-0.6931471805599453,0.8017837257372732,0.2857142857142857,0.15384615384615385,0.0,84,1,2,-0.0,0.6931471805599453,1,,,,,0,2,0,4,5,5,1.0,,0.6931471805599453,1.6094379124341005,0.20000000000000004,0.2,-1.0,,0,0,0,0,0,0,0,2.0,0.0,,0,,,0.0,0.0,,1.0986122886681098,0,0,0,,,0,0,0,0,0,0,0,0,0,,0,0,0,0,,,,,,,,,,,,,,,True,,,,,,,,True,0,,True,,,,,0,,,,,,,False,,0.5,0.0,1.0,0.0,True,2,False,False,,True,False,,True,False,,True,False,,True,False,,True,1,1,0.0,11,0,437,0,True,0.193187,0.1875482759722651,0.23114060618490717,0.19503592149755247,0.9182389937106918,0.267735,False,14,14,0.0030686737046281844,0.0030686737046281844,0.0071818228916986256,0.0071818228916986256,10,10,2,2.2345849816769094,0.7890133534978135,4,1.7631173900687485,6.642750324068277,,53,0.6580645161290323,0.3611111111111111,0.875,0.4305555555555556,0.3055555555555556,,,,,,,2024-07-01,,
concept:24e1f5dfcd426ad1fef169cb,Convolutional Neural Networks,2021-07-01,2021-07-01,2018-01-01,1277,4,6,1,-0.40546510810816444,,True,0.6931471805599453,0.6931471805599453,-0.6931471805599453,0.5108256237659907,-0.40546510810816444,0.0,0.0,0.0,0.6931471805599453,0.47809144373375745,0.14285714285714285,0.125,0.6666666666666667,21,1,2,-0.0,0.5623351446188083,1,,,,,0,7,1,10,8,19,1.0,0.0,1.8310204811135162,3.193148394810263,0.04252400548696845,0.07407407407407407,-0.5,,0,0,0,0,0,0,0,6.0,1.0,1.0,2,0.0,0.0,0.0,0.5108256237659905,,1.9459101490553132,0,0,0,,,0,0,0,0,0,0,0,0,0,,0,0,1,0,,,,,,,,,,,,,,,True,,,,,,,,True,0,,True,,,,,0,,,,,,,False,,0.0,0.0,0.0,0.0,True,4,False,False,,True,False,,True,False,,True,False,,True,False,,True,1,1,0.12938080672773425,5,0,437,0,True,0.072379,0.03266001684173392,0.16031057594358122,0.07779817070976161,0.9182389937106918,0.267735,False,72,0,0.004624211444124107,-0.0014955958969394782,0.0025037849014199324,-0.0015327984743158398,39,0,1,2.0496516418810775,0.94527122723347,0,1.9374767229220229,4.604342740409932,,49,0.6838709677419355,0.8611111111111112,0.6944444444444444,0.9305555555555556,0.8472222222222222,,,,,,,2024-07-01,,
concept:5de150762390026bbc0d0b16,Public Key Infrastructure (PKI),2021-07-01,2021-07-01,2021-01-01,181,2,2,2,1.0986122886681098,,True,0.6931471805599453,0.0,1.0986122886681098,1.0986122886681098,1.0986122886681098,0.0,0.0,0.0,-0.6931471805599453,0.8017837257372732,0.2857142857142857,0.2857142857142857,0.0,43,1,2,-0.0,0.6931471805599453,1,,,,,0,3,1,5,4,17,1.0,,1.0986122886681096,2.0794415416798357,0.125,0.125,-0.3333333333333333,1.0,0,0,0,0,0,0,0,2.0,0.5,,0,,,0.0,0.0,,1.0986122886681098,0,0,0,,,0,0,0,0,0,0,0,0,0,,0,0,0,0,,,,,,,,,,,,,,,True,,,,,,,,True,0,,True,,,,,0,,,,,,,False,,0.0,0.0,0.5,0.0,True,2,False,False,,True,False,,True,False,,True,False,,True,False,,True,1,1,0.0,13,3,5,1,False,0.125737,0.06164275706756728,0.0683076901550762,0.13913370126181973,3.0,0.4,False,3,3,0.003654567684455411,0.003654567684455411,8.75832059963247e-06,8.75832059963247e-06,2,2,0,1.351783994289646,0.38888888888888884,0,0.5256937755570844,5.215391136251417,,52,0.6645161290322581,0.3611111111111111,0.875,0.9305555555555556,0.7638888888888888,,,,,,,2024-07-01,,
concept:9ab9bd643b56bf312569f4f1,Quorum,2021-07-01,2021-07-01,2020-01-01,547,2,2,1,0.0,,True,0.6931471805599453,0.6931471805599453,0.0,1.0986122886681098,0.0,0.0,0.0,0.0,0.6931471805599453,0.8017837257372732,0.2857142857142857,0.10526315789473684,0.0,16,1,2,-0.0,0.6931471805599453,1,,,,,0,2,0,5,3,12,1.0,0.0,0.6931471805599453,1.791759469228055,0.16666666666666666,0.16666666666666666,-1.0,,0,0,0,0,0,0,0,2.0,0.5,,0,,,0.0,0.0,,1.0986122886681098,0,0,0,,,0,0,0,0,0,0,0,0,0,,0,0,0,0,,,,,,,,,,,,,,,True,,,,,,,,True,0,,True,,,,,0,,,,,,,False,,0.0,0.0,0.5,0.0,True,2,False,False,,True,False,,True,False,,True,False,,True,False,,True,1,1,0.23804628387473534,3,1,98,3,True,0.141977,0.14197694675785666,0.12172275769018259,0.14731950587089887,1.8,0.428571,False,4,1,0.001533231843512238,-0.00040408900968012937,0.0,0.0,4,1,0,2.81249678184121,0.6288587107840744,0,1.7686631003130213,4.168197377169515,,52,0.6645161290322581,0.3611111111111111,0.6944444444444444,0.4305555555555556,0.6805555555555556,,,,,,,2024-07-01,,
concept:9ce36fef7cf8af06a17f79a7,Recurrent Neural Networks (RNNs),2021-07-01,2021-07-01,2019-09-12,658,2,3,1,0.0,,True,1.0986122886681098,1.0986122886681098,0.4054651081081644,1.3862943611198906,0.0,0.0,0.0,0.0,1.0986122886681098,1.7371980724307585,0.14285714285714285,0.08695652173913043,0.0,84,1,2,-0.0,0.6931471805599453,1,,,,,0,4,0,7,8,6,1.0,0.0,1.3321790402101223,2.6390573296152584,0.07142857142857142,0.07142857142857142,-1.0,,0,0,0,0,0,0,0,3.0,0.3333333333333333,,0,,,0.0,0.0,,1.3862943611198906,0,0,0,,,0,0,0,0,0,0,0,0,0,,0,0,0,0,,,,,,,,,,,,,,,True,,,,,,,,True,0,,True,,,,,0,,,,,,,False,,0.0,0.0,0.6666666666666666,0.0,True,2,False,False,,True,False,,True,False,,True,False,,True,False,,True,1,1,0.17858696541315572,6,0,437,0,True,0.072001,0.07200093132212326,0.19719558054986608,0.10758748864755925,0.9182389937106918,0.267735,False,47,9,0.0038876271790042657,0.0006116174424919095,0.004002552514032039,0.004002552514032039,38,0,2,2.1845262422090923,0.9246699035056487,5,2.019965669589039,5.376914056573928,,52,0.6645161290322581,0.3611111111111111,0.6944444444444444,0.4305555555555556,0.3611111111111111,,,,,,,2024-07-01,,
concept:af4b571954770e8cad1c2545,Recurrent Neural Networks,2021-07-01,2021-07-01,2014-01-01,2738,3,5,0,-1.0986122886681098,,True,0.0,0.0,-1.6094379124341003,1.6094379124341003,-1.0986122886681098,0.0,0.0,0.0,0.0,-0.4558423058385518,0.14285714285714285,0.08333333333333333,1.0,573,1,2,-0.0,0.6365141682948128,0,,,,,0,5,0,6,8,18,,0.0,1.5498260458782016,2.685945324669788,0.0703125,0.125,-1.0,,0,0,0,0,0,0,0,5.0,1.0,0.0,0,0.0,0.0,0.0,0.6931471805599453,,1.791759469228055,0,0,0,,,0,0,0,0,0,0,0,0,0,,0,0,0,0,,,,,,,,,,,,,,,True,,,,,,,,True,0,,True,,,,,0,,,,,,,False,,0.0,0.0,0.0,0.0,True,3,False,False,,True,False,,True,False,,True,False,,True,False,,True,1,1,0.0,0,0,437,0,True,0.072001,0.07200093132212326,0.1664817039047075,0.1003578140789491,0.9182389937106918,0.267735,False,71,0,0.004603610511576459,-0.0014900077069387513,0.0025388181838184626,-0.0015462891092815263,39,0,1,2.045701909799461,0.945057045380716,0,1.9333050026047665,4.552527280329309,,50,0.6774193548387097,0.7777777777777778,0.2777777777777778,0.4305555555555556,0.8055555555555556,,,,,,,2024-07-01,,
concept:eb0bcafb083efc730b15c720,Deep Neural Networks (DNNs),2021-07-01,2021-07-01,2018-01-01,1277,4,7,0,-1.3862943611198906,,True,0.0,0.0,-1.6094379124341003,0.22314355131420976,-1.3862943611198906,0.0,0.0,0.0,0.0,-0.4558423058385518,0.14285714285714285,0.125,1.0,573,1,2,-0.0,0.5623351446188083,0,,,,,0,6,1,9,11,18,,0.0,1.6674619334292946,3.0625293002546212,0.048611111111111105,0.08333333333333333,-0.5,,0,0,0,0,0,4,0,7.0,0.8571428571428571,1.0,1,0.0,0.1,0.0,1.7047480922384253,,2.0794415416798357,0,0,0,,,0,0,0,0,0,0,0,0,0,,0,0,0,0,,,,,,,,,,,,,,,True,,,,,,,,True,0,,True,,,,,0,,,,,,,False,,0.0,0.0,0.14285714285714285,0.0,True,4,False,False,,True,False,,True,False,,True,False,,True,False,,True,1,1,0.0,0,0,437,0,True,0.072379,0.06439452216339858,0.1831195027300947,0.0906807945903361,0.9182389937106918,0.267735,False,73,0,0.00498772964967573,-0.001630909794385317,0.002976734213800086,-0.0017998389017399898,39,0,1,2.0505222397733918,0.9465628767216618,0,1.940948230061647,5.314202833167963,1.0,49,0.6838709677419355,0.8611111111111112,0.2777777777777778,0.9305555555555556,0.8055555555555556,,,,,,,2024-07-01,,
concept:61fb037953fb5a64d06e7325,Compressed sensing for QST,2021-10-01,2021-10-01,2019-09-12,750,2,2,0,-0.6931471805599453,,True,0.0,0.0,-0.6931471805599453,0.0,-0.6931471805599453,0.0,0.0,0.0,0.0,-0.13363062095621217,0.0,0.041666666666666664,1.0,665,1,1,-0.0,-0.0,0,,,,,0,4,0,4,7,11,,0.0,1.3321790402101223,2.5400363038209806,0.08163265306122448,0.14285714285714285,-1.0,,0,0,0,0,0,0,0,2.0,0.5,1.0,1,0.0,0.0,0.0,0.4054651081081645,,1.0986122886681098,0,0,0,,,0,0,0,0,0,0,0,0,0,,0,0,0,0,,,,,,,,,,,,,,,True,,,,,,,,True,0,,True,,,,,0,,,,,,,False,,0.0,0.0,0.5,0.0,True,2,False,False,,True,False,,True,False,,True,False,,True,False,,True,1,1,0.07304517336419017,0,0,460,0,True,0.201541,0.20154119396240122,0.215506879103617,0.20563913413016072,1.099236641221374,0.252174,False,70,0,0.0040370464051225855,-0.0011912744356337539,0.0010171566551474907,-0.0009387583847884132,39,0,1,2.087194309729469,0.9436912168256548,0,1.9696669379001852,4.1223347017929495,,50,0.6774193548387097,0.36486486486486486,0.28378378378378377,0.43243243243243246,0.6081081081081081,,,,,,,2024-10-01,,
concept:66868c041e38c29fe52136cf,Long Short-Term Memory,2021-10-01,2021-10-01,2019-09-12,750,2,2,0,-0.6931471805599453,,True,0.0,0.0,-0.6931471805599453,0.0,-0.6931471805599453,0.0,0.0,0.0,0.0,-0.13363062095621217,0.0,0.041666666666666664,1.0,665,1,1,-0.0,-0.0,0,,,,,0,4,0,4,7,11,,0.0,1.3321790402101223,2.5400363038209806,0.08163265306122448,0.14285714285714285,-1.0,,0,0,0,0,0,0,0,2.0,0.5,1.0,1,0.0,0.0,0.0,0.0,,1.0986122886681098,0,0,0,,,0,0,0,0,0,0,0,0,0,,0,0,0,0,,,,,,,,,,,,,,,True,,,,,,,,True,0,,True,,,,,0,,,,,,,False,,0.0,0.0,0.5,0.0,True,2,False,False,,True,False,,True,False,,True,False,,True,False,,True,1,1,0.07304517336419017,0,2,21,3,True,0.094087,0.09408677332800908,0.11281630670348664,0.12871529930112013,0.5454545454545454,0.142857,False,70,0,0.0040370464051225855,-0.0011912744356337539,0.0010171566551474907,-0.0009387583847884132,39,0,1,2.087194309729469,0.9436912168256548,0,1.9696669379001852,4.1223347017929495,,50,0.6774193548387097,0.36486486486486486,0.28378378378378377,0.43243243243243246,0.6081081081081081,,,,,,,2024-10-01,,
concept:6cce4b340a543f6c0ab8dc31,Generative Adversarial Networks,2021-10-01,2021-10-01,2019-09-12,750,2,5,0,-0.6931471805599453,,True,0.0,0.0,-1.3862943611198906,0.28768207245178085,-0.6931471805599453,0.0,0.0,0.0,0.0,-0.3585685828003181,0.0,0.041666666666666664,1.0,665,1,1,-0.0,-0.0,0,,,,,0,4,0,4,7,11,,0.0,1.3321790402101223,2.5400363038209806,0.08163265306122448,0.14285714285714285,-1.0,,0,0,0,0,0,0,0,5.0,1.0,1.0,1,0.0,0.0,0.0,0.0,,1.791759469228055,0,0,0,,,0,0,0,0,0,0,0,0,0,,0,0,0,0,,,,,,,,,,,,,,,True,,,,,,,,True,0,,True,,,,,0,,,,,,,False,,0.0,0.0,0.0,0.0,True,2,False,False,,True,False,,True,False,,True,False,,True,False,,True,1,1,0.0,0,2,21,3,True,0.159111,0.04946592443215825,0.12042112095788682,0.13826499105982565,0.5454545454545454,0.142857,False,70,0,0.0040370464051225855,-0.0011912744356337539,0.0010171566551474907,-0.0009387583847884132,39,0,1,2.087194309729469,0.9436912168256548,0,1.9696669379001852,4.1223347017929495,,50,0.6774193548387097,0.36486486486486486,0.28378378378378377,0.43243243243243246,0.6081081081081081,,,,,,,2024-10-01,,
concept:6ec797f97ab98c88883b12d1,Scaling solutions for blockchain,2021-10-01,2021-10-01,2020-01-01,639,2,2,0,-1.0986122886681098,,True,0.0,0.0,-1.0986122886681098,1.0986122886681098,-1.0986122886681098,0.0,0.0,0.0,0.0,-0.2519763153394848,0.0,0.045454545454545456,1.0,639,1,2,-0.0,0.6931471805599453,0,,,,,0,3,0,4,3,7,,0.0,1.0986122886681096,1.791759469228055,0.16666666666666666,0.16666666666666666,-1.0,,0,0,0,0,0,0,0,2.0,0.5,1.0,2,0.0,0.0,0.0,0.0,,1.0986122886681098,1,1,0,0.0,0.0,0,0,0,0,0,0,0,0,0,,0,0,0,0,,,,,,,,,,,,,,,True,,,,,,,,True,0,,True,,,,,0,,,,,,,False,,0.0,0.0,0.5,0.0,True,2,False,False,,True,False,,True,False,,True,False,,True,False,,True,1,1,0.0,0,1,126,3,True,0.185132,0.16034014801267127,0.1340809493649846,0.18116158079653427,1.3877551020408163,0.380952,False,1,0,0.0023705108450871155,-0.0008387317736548616,0.0,0.0,1,0,0,1.0986122886681096,0.0,0,0.0,4.129541913279234,,48,0.6903225806451613,0.36486486486486486,0.28378378378378377,0.43243243243243246,0.4189189189189189,,,,,,,2024-10-01,,
concept:7113d535db62e0caa78e5dd4,Lightning Network,2021-10-01,2021-10-01,2020-07-16,442,2,2,1,0.0,,True,0.6931471805599453,0.6931471805599453,0.0,1.0986122886681098,0.0,0.0,0.0,0.0,1.3862943611198906,0.8017837257372732,0.2857142857142857,0.125,0.0,18,1,2,-0.0,0.6931471805599453,1,,,,,0,2,0,4,3,3,1.0,0.0,0.6931471805599453,2.3025850929940455,0.10000000000000002,0.1,-1.0,,0,0,0,0,0,0,0,2.0,0.5,,0,,,0.0,0.0,,1.0986122886681098,0,0,0,,,0,0,0,0,0,0,0,0,0,,0,0,0,0,,,,,,,,,,,,,,,True,,,,,,,,True,0,,True,,,,,0,,,,,,,False,,0.0,0.0,0.5,0.0,True,2,False,False,,True,False,,True,False,,True,False,,True,False,,True,1,1,0.23804628387473534,0,1,126,3,True,0.139789,0.13392314929033355,0.11567525791198974,0.14279372010832309,1.3877551020408163,0.380952,False,13,7,0.004143164985883241,0.0009339223671412638,0.00037479672042282154,0.00037479672042282154,7,1,1,1.0986122886681096,0.7378134685826994,0,0.8105709433297957,4.1168015090058345,,52,0.6645161290322581,0.36486486486486486,0.7162162162162162,0.43243243243243246,0.1891891891891892,,,,,,,2024-10-01,,
concept:7ad9361ee152b83a52687d53,tokenization,2021-10-01,2021-10-01,2019-01-01,1004,2,6,0,-0.6931471805599453,,True,0.0,0.0,-1.791759469228055,1.0986122886681098,-0.6931471805599453,0.0,0.0,0.0,0.0,-0.5455447255899809,0.14285714285714285,0.041666666666666664,1.0,560,1,1,-0.0,-0.0,0,,,,,0,1,0,3,4,2,,0.0,-0.0,1.5607104090414063,0.2222222222222222,0.3333333333333333,-1.0,,0,0,0,0,0,0,0,6.0,1.0,1.0,1,0.0,0.0,0.0,0.0,,1.9459101490553132,0,0,0,,,0,0,0,0,0,0,0,0,0,,0,0,0,0,,,,,,,,,,,,,,,True,,,,,,,,True,0,,True,,,,,0,,,,,,,False,,0.5,0.0,0.0,0.0,True,2,False,False,,True,False,,True,False,,True,False,,True,False,,True,1,1,0.0,0,1,126,3,True,0.15252,0.13177778187181954,0.16415256756763497,0.17809081644438718,1.3877551020408163,0.380952,False,7,0,0.0023177742740824285,-0.0010015905723282192,3.111948527147063e-05,-0.00012693425532941033,6,0,0,1.5853722711633438,0.562302628534407,0,0.8914589952807109,4.6215357968961,,50,0.6774193548387097,0.36486486486486486,0.28378378378378377,0.43243243243243246,0.06756756756756757,,,,,,,2024-10-01,,
concept:83baf8b143644ea212d7dca0,Decentralized Autonomous Organization (DAO),2021-10-01,2021-10-01,2019-01-01,1004,3,4,1,0.0,,True,-0.6931471805599453,0.6931471805599453,-0.40546510810816444,0.6931471805599453,0.0,0.0,0.0,0.0,0.6931471805599453,-0.3585685828003181,0.2857142857142857,0.08333333333333333,0.5,147,1,2,-0.0,0.6365141682948128,1,,,,,0,6,0,9,4,16,1.0,0.0,1.7478680974667573,2.6156305770275505,0.07555555555555556,0.13333333333333333,-1.0,,0,0,0,0,0,0,0,4.0,0.75,1.0,1,0.0,0.0,0.33333333333333337,0.0,,1.6094379124341003,0,0,0,,,0,0,0,0,0,0,0,0,0,,0,0,0,0,,,,,,,,,,,,,,,True,,,,,,,,True,0,,True,,,,,0,,,,,,,False,,0.3333333333333333,0.0,0.25,0.25,True,3,False,False,,True,False,,True,False,,True,False,,True,False,,True,1,1,0.207333046186742,11,1,126,3,True,0.060927,0.060926890447156046,0.14386812790302428,0.12892908720798044,1.3877551020408163,0.380952,False,10,3,0.003324880999644636,5.516153233988113e-06,0.0004418815475530479,0.00028382780695216693,6,0,0,1.9710914158274424,0.710357025238535,0,1.4001786346203942,4.6215357968961,,49,0.6838709677419355,0.7837837837837838,0.7162162162162162,0.43243243243243246,0.7432432432432432,,,,,,,2024-10-01,,
concept:b41e4c95c176cb788d9d1c8e,Echo state networks / reservoir computers,2021-10-01,2021-10-01,2019-09-12,750,2,4,0,-0.6931471805599453,,True,0.0,0.0,-1.3862943611198906,0.6931471805599453,-0.6931471805599453,0.0,0.0,0.0,0.0,-0.3585685828003181,0.0,0.041666666666666664,1.0,665,1,1,-0.0,-0.0,0,,,,,0,4,0,4,7,11,,0.0,1.3321790402101223,2.5400363038209806,0.08163265306122448,0.14285714285714285,-1.0,,0,0,0,0,0,0,0,4.0,0.75,,0,,,0.0,0.0,,1.6094379124341003,0,0,0,,,0,0,0,0,0,0,0,0,0,,0,0,0,0,,,,,,,,,,,,,,,True,,,,,,,,True,0,,True,,,,,0,,,,,,,False,,0.0,0.0,0.25,0.0,True,2,False,False,,True,False,,True,False,,True,False,,True,False,,True,1,1,0.0,0,2,21,3,True,0.166112,0.16611192916718687,0.18223818188626972,0.18715841978924413,0.5454545454545454,0.142857,False,70,0,0.0040370464051225855,-0.0011912744356337539,0.0010171566551474907,-0.0009387583847884132,39,0,1,2.087194309729469,0.9436912168256548,0,1.9696669379001852,4.1223347017929495,,53,0.6580645161290323,0.36486486486486486,0.28378378378378377,0.43243243243243246,0.6081081081081081,,,,,,,2024-10-01,,
concept:b86aa1218f95fb7096dc8475,Autoencoder,2021-10-01,2021-10-01,2019-09-12,750,3,6,1,0.0,,True,-1.0986122886681098,1.0986122886681098,0.0,0.5108256237659907,0.0,0.0,0.0,0.0,1.0986122886681098,-0.4558423058385518,0.14285714285714285,0.08333333333333333,0.5,176,1,2,-0.0,0.6365141682948128,1,,,,,0,4,0,7,10,14,1.0,0.0,1.3296613488547582,2.8133554045006153,0.06172839506172839,0.1111111111111111,-1.0,,0,0,0,0,0,0,0,6.0,1.0,,0,,,0.0,0.0,,1.9459101490553132,0,0,0,,,0,0,0,0,0,0,0,0,0,,0,0,0,0,,,,,,,,,,,,,,,True,,,,,,,,True,0,,True,,,,,0,,,,,,,False,,0.0,0.0,0.0,0.0,True,3,False,False,,True,False,,True,False,,True,False,,True,False,,True,1,1,0.4216379923242304,6,3,7,1,False,0.062157,0.06215667147784876,0.10162840044567145,0.13921584371006474,0.6666666666666666,0.142857,False,79,9,0.005361878980971766,0.0001335581402154267,0.011186641002620049,0.009230725962684145,39,0,2,2.2226262814441173,0.9504694335904392,6,2.1125383428074143,5.353254025438569,,52,0.6645161290322581,0.7837837837837838,0.7162162162162162,0.43243243243243246,0.7162162162162162,,,,,,,2024-10-01,,
concept:e0604d558c0850ed308056f5,DAICO,2021-10-01,2021-10-01,2019-01-01,1004,2,2,0,-0.6931471805599453,,True,0.0,0.0,-0.6931471805599453,0.0,-0.6931471805599453,0.0,0.0,0.0,0.0,-0.13363062095621217,0.14285714285714285,0.041666666666666664,1.0,560,1,1,-0.0,-0.0,0,,,,,0,1,0,3,4,2,,0.0,-0.0,1.5607104090414063,0.2222222222222222,0.3333333333333333,-1.0,,0,0,0,0,0,0,0,2.0,0.5,1.0,1,0.0,0.0,0.0,0.4054651081081645,,1.0986122886681098,0,0,0,,,0,0,0,0,0,0,0,0,0,,0,0,0,0,,,,,,,,,,,,,,,True,,,,,,,,True,0,,True,,,,,0,,,,,,,False,,0.5,0.0,0.5,0.0,True,2,False,False,,True,False,,True,False,,True,False,,True,False,,True,1,1,0.07304517336419017,0,1,126,3,True,0.159986,0.15998600893692205,0.1657757299760504,0.17961026844455516,1.3877551020408163,0.380952,False,7,0,0.0023177742740824285,-0.0010015905723282192,3.111948527147063e-05,-0.00012693425532941033,6,0,0,1.5853722711633438,0.562302628534407,0,0.8914589952807109,4.6215357968961,,50,0.6774193548387097,0.36486486486486486,0.28378378378378377,0.43243243243243246,0.06756756756756757,,,,,,,2024-10-01,,
concept:e0faced752653e6b046f4dc0,distributed corporate governance models,2021-10-01,2021-10-01,2019-01-01,1004,2,3,0,-0.6931471805599453,,True,0.0,0.0,-0.6931471805599453,-0.40546510810816444,-0.6931471805599453,0.0,0.0,0.0,0.0,-0.13363062095621217,0.14285714285714285,0.041666666666666664,1.0,560,1,1,-0.0,-0.0,0,,,,,0,1,0,3,4,2,,0.0,-0.0,1.5607104090414063,0.2222222222222222,0.3333333333333333,-1.0,,0,0,0,0,0,0,0,3.0,0.6666666666666666,1.0,1,0.0,0.0,0.5,0.916290731874155,,1.3862943611198906,0,0,0,,,0,0,0,0,0,0,0,0,0,,0,0,0,0,,,,,,,,,,,,,,,True,,,,,,,,True,0,1,False,,0,,,0,,,,,,,False,,0.5,0.0,0.3333333333333333,0.0,True,2,False,False,,True,False,,True,False,,True,False,,True,False,,True,1,1,0.09217274646050577,0,1,126,3,True,0.095439,0.09543946790553659,0.09581441268050184,0.11987371386471406,1.3877551020408163,0.380952,False,7,0,0.0023177742740824285,-0.0010015905723282192,3.111948527147063e-05,-0.00012693425532941033,6,0,0,1.5853722711633438,0.562302628534407,0,0.8914589952807109,4.6215357968961,,48,0.6903225806451613,0.36486486486486486,0.28378378378378377,0.43243243243243246,0.06756756756756757,,,,,,,2024-10-01,,
concept:f013215dc64eae95ff3b257f,Hyperledger Fabric,2021-10-01,2021-10-01,2018-12-19,1017,2,2,0,-0.6931471805599453,,True,0.0,0.0,-0.6931471805599453,0.0,-0.6931471805599453,0.0,0.0,0.0,0.0,-0.13363062095621217,0.0,0.041666666666666664,1.0,639,1,2,-0.0,0.6931471805599453,0,,,,,0,2,0,4,3,11,,0.0,0.6931471805599453,1.791759469228055,0.16666666666666666,0.16666666666666666,-1.0,,0,0,0,0,0,0,0,2.0,0.5,,0,,,0.0,0.0,,1.0986122886681098,0,0,0,,,0,0,0,0,0,0,0,0,0,,0,0,0,0,,,,,,,,,,,,,,,True,,,,,,,,True,0,,True,,,,,0,,,,,,,False,,0.0,0.0,0.5,0.0,True,2,False,False,,True,False,,True,False,,True,False,,True,False,,True,1,1,0.07304517336419017,0,1,126,3,True,0.139201,0.1392009853258207,0.13735227646496484,0.15656231955502695,1.3877551020408163,0.380952,False,7,0,0.002421228979305794,-0.0012333603979954376,0.00027276872430772014,-0.00019292533281987608,5,0,0,2.685470067057908,0.6400163471990357,0,1.7187447428307516,4.129541913279234,,53,0.6580645161290323,0.36486486486486486,0.28378378378378377,0.43243243243243246,0.6081081081081081,,,,,,,2024-10-01,,
concept:f6457451491d5f7f8c02f647,Searchable Encryption,2021-10-01,2021-10-01,2019-01-01,1004,2,2,0,-0.6931471805599453,,True,0.0,0.0,-0.6931471805599453,0.0,-0.6931471805599453,0.0,0.0,0.0,0.0,-0.13363062095621217,0.0,0.041666666666666664,1.0,639,1,1,-0.0,-0.0,0,,,,,0,1,0,3,2,10,,0.0,-0.0,1.5607104090414063,0.2222222222222222,0.3333333333333333,-1.0,,0,0,0,0,0,0,0,2.0,0.5,,0,,,0.0,0.0,,1.0986122886681098,0,0,0,,,0,0,0,0,0,0,0,0,0,,0,0,0,0,,,,,,,,,,,,,,,True,,,,,,,,True,0,,True,,,,,0,,,,,,,False,,0.0,0.0,0.5,0.0,True,2,False,False,,True,False,,True,False,,True,False,,True,False,,True,1,1,0.07304517336419017,0,1,36,3,True,0.138485,0.1384852512162531,0.18254901767261722,0.19200533271901138,0.9,0.222222,False,8,0,0.0028193094435184033,-0.0015047814312168723,1.8739836021141077e-05,-0.00011955718700462989,5,0,0,2.4042756405841423,0.6545350643512613,0,1.5736827111279117,3.6331905482533475,,53,0.6580645161290323,0.36486486486486486,0.28378378378378377,0.43243243243243246,0.5135135135135135,,,,,,,2024-10-01,,
concept:03fa31a739e5ec637ffcf961,Blockchain Smart Contracts,2022-01-01,2022-01-01,2021-04-18,258,2,2,2,1.0986122886681098,,True,0.6931471805599453,0.0,1.0986122886681098,1.0986122886681098,1.0986122886681098,0.0,0.0,0.0,-0.6931471805599453,0.8017837257372732,0.2857142857142857,0.2,0.0,0,1,2,-0.0,0.6931471805599453,1,,,,,0,4,0,6,6,7,1.0,,1.3862943611198906,2.4849066497880004,0.08333333333333333,0.08333333333333333,-1.0,,0,0,0,0,0,0,0,2.0,1.0,1.0,2,0.0,0.0,0.0,0.0,,1.0986122886681098,0,0,0,,,0,0,0,0,0,0,0,0,0,,0,0,0,0,,,,,,,,,,,,,,,True,,,,,,,,True,0,,True,,,,,0,,,,,,,False,,0.0,0.0,0.0,0.0,True,2,False,False,,True,False,,True,False,,True,False,,True,False,,True,1,1,0.0,16,1,136,3,True,0.076342,0.07634242517866574,0.09374045798164454,0.09285300702903662,1.2,0.316176,False,1,1,0.0021121554546414617,0.0021121554546414617,0.0,0.0,1,1,0,1.0986122886681096,0.0,7,0.0,6.183306845702038,,50,0.6774193548387097,0.35555555555555557,0.8888888888888888,0.43333333333333335,0.4222222222222222,,,,,,,2025-01-01,,
concept:04b7a6edd052154d7891cd68,Blockchain-based governance systems,2022-01-01,2022-01-01,2020-03-20,652,2,2,0,-1.0986122886681098,,True,0.0,0.0,-1.0986122886681098,1.0986122886681098,-1.0986122886681098,0.0,0.0,0.0,0.0,-0.2519763153394848,0.0,0.08695652173913043,1.0,575,1,2,-0.0,0.6931471805599453,0,,,,,0,2,0,5,4,3,,0.0,0.6931471805599453,1.9459101490553132,0.14285714285714285,0.14285714285714285,-1.0,,0,0,0,0,0,0,0,2.0,0.5,1.0,1,0.3333333333333333,0.0,0.0,0.6931471805599453,,1.0986122886681098,0,0,0,,,0,0,0,0,0,0,0,0,0,,0,0,0,0,,,,,,,,,,,,,,,True,,,,,,,,True,0,,True,,,,,0,,,,,,,False,,0.0,0.0,0.5,0.0,True,2,False,False,,True,False,,True,False,,True,False,,True,False,,True,1,1,0.0,0,1,136,3,True,0.076769,0.07676852449223814,0.06902278460931854,0.08697514194711409,1.2,0.316176,False,12,0,0.003159890250893826,-0.0015734228676168738,0.0023968544652997734,-0.0009859360706982708,6,0,0,2.403507342981163,0.7710104367157437,0,1.853129246161403,4.6595361286566845,,50,0.6774193548387097,0.35555555555555557,0.2222222222222222,0.43333333333333335,0.18888888888888888,,,,,,,2025-01-01,,
concept:106fa46d38b22d2405a73883,permissioned blockchains,2022-01-01,2022-01-01,2019-02-19,1047,2,2,0,-0.6931471805599453,,True,0.0,0.0,-0.6931471805599453,0.0,-0.6931471805599453,0.0,0.0,0.0,0.0,-0.13363062095621217,0.14285714285714285,0.041666666666666664,1.0,575,1,2,-0.0,0.6931471805599453,0,,,,,0,3,0,4,5,3,,0.0,1.0986122886681096,1.3862943611198906,0.25,0.25,-1.0,,0,0,0,0,0,0,0,2.0,0.5,,0,,,0.0,0.0,,1.0986122886681098,0,0,0,,,0,0,0,0,0,0,0,0,0,,0,0,0,0,,,,,,,,,,,,,,,True,,,,,,,,True,0,,True,,,,,0,,,,,,,False,,0.0,0.0,0.5,0.0,True,2,False,False,,True,False,,True,False,,True,False,,True,False,,True,1,1,0.07304517336419017,0,2,5,3,False,0.015191,0.015191107108913138,0.05761061202504558,0.07224400804465048,0.3333333333333333,0.2,False,6,0,0.001634170056794445,-0.0009892281865888659,0.0,0.0,6,0,0,2.560940434296997,0.6014867354467477,0,1.540371701498877,5.409818185599474,,53,0.6580645161290323,0.35555555555555557,0.2222222222222222,0.43333333333333335,0.18888888888888888,,,,,,,2025-01-01,,
concept:2503e5798f4ba2f3313005ad,Post-Quantum Cryptography (PQC),2022-01-01,2022-01-01,2019-03-16,1022,2,2,1,0.6931471805599453,,True,0.6931471805599453,0.6931471805599453,0.6931471805599453,0.0,0.6931471805599453,0.0,0.0,0.0,0.6931471805599453,1.0,0.14285714285714285,0.041666666666666664,0.0,0,1,2,-0.0,0.6931471805599453,1,,,,,0,2,0,2,4,2,1.0,0.0,0.6931471805599453,0.6931471805599453,0.5,0.5,-1.0,,0,0,0,0,0,0,0,2.0,1.0,,0,,,0.0,0.0,,1.0986122886681098,0,0,0,,,0,0,0,0,0,0,0,0,0,,0,0,0,0,,,,,,,,,,,,,,,True,,,,,,,,True,0,,True,,,,,0,,,,,,,False,,0.0,0.0,0.0,0.0,True,2,False,False,,True,False,,True,False,,True,False,,True,False,,True,1,1,0.07304517336419017,3,2,33,2,True,0.03651,0.03651015442352268,0.04646311582428342,0.0693836740220675,2.25,0.454545,False,9,8,0.002684803624188394,0.0013738660153432606,1.8636553956183234e-05,1.8636553956183234e-05,8,7,0,1.7205498380200266,0.6370366058311215,0,1.0960532289755638,4.864645657661257,,52,0.6645161290322581,0.35555555555555557,0.6444444444444445,0.43333333333333335,0.08888888888888889,,,,,,,2025-01-01,,
concept:4b7dac0abb9474e4424253c0,quantum simulators,2022-01-01,2022-01-01,2017-09-01,1583,2,2,1,0.6931471805599453,,True,0.6931471805599453,0.6931471805599453,0.6931471805599453,0.6931471805599453,0.6931471805599453,0.0,0.0,0.0,0.6931471805599453,1.0,0.14285714285714285,0.041666666666666664,0.0,29,1,2,-0.0,0.6931471805599453,1,,,,,0,7,1,6,3,9,1.0,0.0,1.9459101490553132,2.6390573296152584,0.07142857142857142,0.07142857142857142,-0.3333333333333333,,0,0,0,0,0,0,0,2.0,0.5,,0,,,0.0,0.0,,1.0986122886681098,0,0,0,,,0,0,0,0,0,0,0,0,0,,0,0,0,0,,,,,,,,,,,,,,,True,,,,,,,,True,0,,True,,,,,0,,,,,,,False,,0.5,0.0,0.5,0.0,True,2,False,False,,True,False,,True,False,,True,False,,True,False,,True,1,1,0.07304517336419017,5,0,512,0,True,0.124999,0.12499868842435724,0.22738291523709742,0.15648244199350997,1.3928571428571428,0.228516,False,20,6,0.003770588343965438,0.0009369691234815698,0.0005963697265978635,0.0005963697265978635,14,0,1,1.0718529685711655,0.8216799886621315,0,0.8807201350630274,4.680732409964405,,52,0.6645161290322581,0.35555555555555557,0.6444444444444445,0.9333333333333333,0.4666666666666667,,,,,,,2025-01-01,,
concept:557e9abff89cccdb902c8bcb,Central Bank Digital Currency,2022-01-01,2022-01-01,2017-08-01,1614,11,16,5,0.0,,True,1.3862943611198906,-0.40546510810816444,0.25131442828090617,2.70805020110221,0.0,0.0,0.0,0.0,-0.40546510810816444,0.890870806374748,0.7142857142857143,0.375,0.19999999999999996,0,1,8,-0.0,1.9722469794234416,1,,,,,0,11,1,19,11,51,1.0,0.0,2.260233853174674,3.8183803808856616,0.023200000000000002,0.06,-0.75,,0,0,0,0,0,0,0,16.0,0.9375,1.0,3,0.043478260869565216,0.0,0.0,1.7917594692280552,,2.833213344056216,1,1,0,0.0,0.0,0,0,0,0,0,0,0,0,0,,0,0,1,0,,,,,,,,,,,,,,,True,,,,,,,,True,0,4,False,,0,0,1096,0,,,,,,,False,,0.18181818181818182,0.0,0.0625,0.0,True,11,False,False,,True,False,,True,False,,True,False,,True,False,,True,1,1,0.45961658954655066,12,2,11,3,False,0.076789,0.07678873022097044,0.0717166098650408,0.11703480620089872,0.5,0.0,False,13,1,0.004294122884022824,-0.0004645464175909121,0.0002310932690566721,-6.938382726407111e-05,9,0,0,1.2150441209820224,0.7715318869165022,22,0.9374452833480625,6.370854518574269,,43,0.7225806451612904,0.9444444444444444,0.9666666666666667,0.9333333333333333,0.9666666666666667,,,,,,,2025-01-01,,
concept:55d343acdad2eb88c776adbd,quantum teleportation,2022-01-01,2022-01-01,2011-07-29,3809,2,2,1,0.6931471805599453,,True,0.6931471805599453,0.6931471805599453,0.6931471805599453,0.6931471805599453,0.6931471805599453,0.0,0.0,0.0,0.6931471805599453,1.0,0.14285714285714285,0.041666666666666664,0.0,29,1,2,-0.0,0.6931471805599453,1,,,,,0,2,0,2,3,5,1.0,0.0,0.6931471805599453,0.6931471805599453,0.5,0.5,-1.0,,0,0,0,0,0,0,0,2.0,0.5,1.0,1,0.0,0.0,0.0,0.0,,1.0986122886681098,0,0,0,,,0,0,0,0,0,0,0,0,0,,0,0,0,0,,,,,,,,,,,,,,,True,,,,,,,,True,0,,True,,,,,0,,,,,,,False,,0.0,0.0,0.5,0.0,True,2,False,False,,True,False,,True,False,,True,False,,True,False,,True,1,1,0.07304517336419017,4,3,3,1,False,0.166338,0.14081541483672932,0.13301923476383593,0.18213592024973868,3.0,0.333333,False,6,5,0.0017133897029313007,-0.00040070467435025423,0.0,0.0,6,5,1,1.2469826398977568,0.5087671642731166,0,0.6344238215985867,4.680732409964405,,49,0.6838709677419355,0.35555555555555557,0.6444444444444445,0.43333333333333335,0.3,,,,,,,2025-01-01,,
concept:7a18693b7a4a5b259de48c9f,Gradient Boosting with XGBoost,2022-01-01,2022-01-01,2017-02-16,1780,2,2,0,-0.6931471805599453,,True,0.0,0.0,-0.6931471805599453,0.6931471805599453,-0.6931471805599453,0.0,0.0,0.0,0.6931471805599453,-0.13363062095621217,0.14285714285714285,0.041666666666666664,1.0,525,1,2,-0.0,0.6931471805599453,0,,,,,0,7,0,6,6,21,,0.0,1.9061547465398494,2.0794415416798357,0.125,0.125,-1.0,,0,0,0,0,0,0,0,2.0,1.0,,0,,,0.0,0.0,,1.0986122886681098,0,0,0,,,0,0,0,0,0,0,0,0,0,,0,0,0,0,,,,,,,,,,,,,,,True,,,,,,,,True,0,,True,,,,,0,,,,,,,False,,0.5,0.0,0.0,0.0,True,2,False,False,,True,False,,True,False,,True,False,,True,False,,True,1,1,0.07304517336419017,0,1,158,3,True,0.199533,0.19953321331354723,0.1723555534042327,0.21667000879702095,1.9285714285714286,0.120253,False,8,0,0.002756302386071654,-0.0019123703951416057,0.002064930178345102,0.0019098452254053637,4,0,0,2.0635752116755373,0.6449896364795918,0,1.3309846256269016,5.772305251357542,,53,0.6580645161290323,0.35555555555555557,0.2222222222222222,0.43333333333333335,0.8777777777777778,,,,,,,2025-01-01,,
concept:807a77a866f91e433a96eb19,Sharding in blockchain,2022-01-01,2022-01-01,2020-01-01,731,2,2,1,0.6931471805599453,,True,0.6931471805599453,0.6931471805599453,0.6931471805599453,0.0,0.6931471805599453,0.0,0.0,0.0,0.6931471805599453,1.0,0.14285714285714285,0.041666666666666664,0.0,14,1,2,-0.0,0.6931471805599453,1,,,,,0,3,0,5,3,10,1.0,0.0,1.0986122886681096,2.0794415416798357,0.125,0.125,-1.0,,0,0,0,0,1,0,0,2.0,0.5,1.0,2,0.0,0.0,0.0,0.2876820724517808,,1.0986122886681098,0,0,0,,,0,0,0,0,0,0,0,0,0,,0,0,0,0,,,,,,,,,,,,,,,True,,,,,,,,True,0,,True,,,,,0,,,,,,,False,,0.0,0.0,0.5,0.0,True,2,False,False,,True,False,,True,False,,True,False,,True,False,,True,1,1,0.07304517336419017,3,1,136,3,True,0.172624,0.16503055165934555,0.13787173639368477,0.17238951965259125,1.2,0.316176,False,2,1,0.0030826051900033186,0.0003379914943809777,1.4909243164946587e-05,1.4909243164946587e-05,1,0,0,1.0986122886681096,0.5,0,0.5493061443340548,4.040534962940732,,49,0.6838709677419355,0.35555555555555557,0.6444444444444445,0.43333333333333335,0.5333333333333333,,,,,,,2025-01-01,,
concept:923f0b4baec8ab4dd0059ec1,Blockchain Oracles,2022-01-01,2022-01-01,2019-01-01,1096,3,4,1,0.0,,True,0.6931471805599453,0.6931471805599453,-0.40546510810816444,0.6931471805599453,0.0,0.0,0.0,0.0,1.791759469228055,0.629940788348712,0.2857142857142857,0.08333333333333333,0.5,0,1,3,-0.0,1.0986122886681096,1,,,,,0,3,0,3,6,12,1.0,0.0,1.0986122886681096,1.0986122886681096,0.3333333333333333,0.3333333333333333,-1.0,,0,0,0,0,0,0,0,4.0,1.0,1.0,2,0.0,0.0,0.0,0.5108256237659905,,1.6094379124341003,0,0,0,,,0,0,0,0,0,0,0,0,0,,0,0,0,0,,,,,,,,,,,,,,,True,,,,,,,,True,0,,True,,,,,0,,,,,,,False,,0.0,0.0,0.0,0.0,True,3,False,False,,True,False,,True,False,,True,False,,True,False,,True,1,1,0.207333046186742,4,1,136,3,True,0.12029,0.12028970631501068,0.120706964573297,0.15308588694879555,1.2,0.316176,False,3,1,0.0016369329589505832,0.00024296850751620146,0.0008647361035669021,0.0008647361035669021,2,0,0,2.8716496251359276,0.5237006427915519,0,1.5038847545558045,5.16947899207459,,49,0.6838709677419355,0.7777777777777778,0.6444444444444445,0.43333333333333335,0.7333333333333333,,,,,,,2025-01-01,,
concept:9bb6fee8598aa3c9504bf33e,Self Sovereign Identity (SSI) implementation for cloud data migration,2022-01-01,2022-01-01,2019-01-01,1096,2,3,1,0.6931471805599453,,True,0.6931471805599453,0.6931471805599453,0.6931471805599453,-0.40546510810816444,0.6931471805599453,0.0,0.0,0.0,0.6931471805599453,1.0,0.14285714285714285,0.041666666666666664,0.5,47,1,2,-0.0,0.6931471805599453,1,,,,,0,4,0,8,4,11,1.0,0.0,1.3862943611198906,2.3978952727983707,0.09090909090909091,0.09090909090909091,-1.0,,0,0,0,0,0,1,0,3.0,0.6666666666666666,1.0,1,0.0,0.0,0.0,0.916290731874155,,1.3862943611198906,0,0,0,,,0,0,0,0,0,0,0,0,0,,0,0,0,0,,,,,,,,,,,,,,,True,,,,,,,,True,0,3,False,,3,47,,0,,,,,,,False,,0.0,0.0,0.3333333333333333,0.0,True,2,False,False,,True,False,,True,False,,True,False,,True,False,,True,1,1,0.09217274646050577,12,0,512,0,True,0.183855,0.18385480867744974,0.17271129154182696,0.1893823818734722,1.3928571428571428,0.228516,False,5,1,0.0018943947372055637,0.00022584260714033863,0.00019382016114430562,0.00019382016114430562,4,0,0,1.3522093992338282,0.5482202216066481,0,0.7413085365065618,4.764502533249678,1.0,45,0.7096774193548387,0.35555555555555557,0.6444444444444445,0.43333333333333335,0.6444444444444445,,,,,,,2025-01-01,,
concept:e3403969af4ca848deff6b33,Proof-of-Work,2022-01-01,2022-01-01,2019-08-22,863,2,2,1,0.6931471805599453,,True,0.6931471805599453,0.6931471805599453,0.6931471805599453,0.0,0.6931471805599453,0.0,0.0,0.0,0.6931471805599453,1.0,0.14285714285714285,0.041666666666666664,0.0,0,1,2,-0.0,0.6931471805599453,1,,,,,0,2,0,5,1,9,1.0,0.0,0.6931471805599453,1.6094379124341005,0.20000000000000004,0.2,-1.0,,0,0,0,0,0,0,0,2.0,0.5,,0,,,0.0,0.0,,1.0986122886681098,0,0,0,,,0,0,0,0,0,0,0,0,0,,0,0,0,0,,,,,,,,,,,,,,,True,,,,,,,,True,0,,True,,,,,0,,,,,,,False,,0.0,0.0,0.5,0.0,True,2,False,False,,True,False,,True,False,,True,False,,True,False,,True,1,1,0.07304517336419017,4,0,512,0,True,0.133928,0.13392809848917775,0.20471263942140983,0.1561170990168174,1.3928571428571428,0.228516,False,9,7,0.0029528644316972096,0.0002082507360748687,0.0016996537208039109,0.0016996537208039109,7,5,1,2.5634286735589225,0.679535282738746,0,1.741940228467471,,,53,0.6580645161290323,0.35555555555555557,0.6444444444444445,0.43333333333333335,0.4666666666666667,,,,,,,2025-01-01,,
concept:fee3c4746be1409674d6be87,Keras,2022-01-01,2022-01-01,2017-07-28,1618,2,3,1,0.6931471805599453,,False,0.6931471805599453,0.6931471805599453,0.6931471805599453,0.6931471805599453,0.0,0.6931471805599453,0.0,0.0,0.6931471805599453,1.0,0.14285714285714285,0.041666666666666664,0.5,46,1,2,-0.0,0.6931471805599453,1,,,,,0,0,0,0,1,1,,0.0,,-0.0,1.0,1.0,,,0,0,0,0,0,0,0,2.0,0.6666666666666666,,0,,,0.0,0.0,,0.2876820724517808,0,0,0,,,0,0,0,0,0,0,0,0,0,,0,0,0,0,,,,,,,,,,,,,,,True,,,,,,,,True,0,,True,,,,,2,0.0,,,0,,,False,,1.0,0.0,0.3333333333333333,0.0,False,,True,True,2,False,False,,True,False,,True,False,,True,False,,True,1,1,0.09217274646050577,0,1,158,3,True,0.165932,0.16593199947030246,0.16056695159549828,0.18370472955487302,1.9285714285714286,0.120253,False,1,1,0.0021121554546414617,0.0017004634002981106,0.0,0.0,1,1,0,-0.0,0.0,0,0.0,,,54,0.6516129032258065,0.35555555555555557,0.6444444444444445,0.43333333333333335,0.022222222222222223,,,,,,,2025-01-01,,
concept:0aeb4c903d44b57fc5daaec8,Permissionless blockchains,2022-04-01,2022-04-01,2020-06-05,665,2,2,0,-1.0986122886681098,,True,0.0,0.0,-1.0986122886681098,1.0986122886681098,-1.0986122886681098,0.0,0.0,0.0,0.6931471805599453,-0.2519763153394848,0.14285714285714285,0.08695652173913043,1.0,417,1,2,-0.0,0.6931471805599453,0,,,,,0,1,0,2,4,4,,0.0,-0.0,1.0986122886681096,0.3333333333333333,0.3333333333333333,-1.0,,0,0,0,0,0,0,0,2.0,0.5,,0,,,0.0,0.0,,1.0986122886681098,0,0,0,,,0,0,0,0,0,0,0,0,0,,0,0,0,0,,,,,,,,,,,,,,,True,,,,,,,,True,0,,True,,,,,0,,,,,,,False,,0.0,0.0,0.5,0.0,True,2,False,False,,True,False,,True,False,,True,False,,True,False,,True,1,1,0.0,0,2,14,3,False,0.092775,0.09277454658435247,0.08214722250329753,0.11113465928242991,0.8333333333333334,0.142857,False,19,0,0.003778888150576518,-0.000822723521007943,0.0004481322430044247,-0.0005880213237731368,14,0,0,2.3930252824680593,0.8191197055923016,0,1.9601741648501712,4.6471402704661235,,53,0.6580645161290323,0.3333333333333333,0.2222222222222222,0.43333333333333335,0.23333333333333334,,,,,,,2025-04-01,,
concept:84e312752933249e48c068e4,CryptoNote with ring signatures,2022-04-01,2022-04-01,2019-01-01,1186,2,2,0,-0.6931471805599453,,True,0.0,0.0,-0.6931471805599453,0.0,-0.6931471805599453,0.0,0.0,0.0,0.6931471805599453,-0.13363062095621217,0.14285714285714285,0.041666666666666664,1.0,462,1,2,-0.0,0.6931471805599453,0,,,,,0,3,1,4,3,10,,0.0,1.0986122886681096,2.0794415416798357,0.125,0.125,-0.3333333333333333,,0,0,0,0,0,0,0,2.0,0.5,,0,,,0.0,0.0,,1.0986122886681098,0,0,0,,,0,0,0,0,0,0,0,0,0,,0,0,0,0,,,,,,,,,,,,,,,True,,,,,,,,True,0,,True,,,,,0,,,,,,,False,,0.0,0.0,0.5,0.0,True,2,False,False,,True,False,,True,False,,True,False,,True,False,,True,1,1,0.07304517336419017,0,0,524,0,True,0.16878,0.16878016033015264,0.19198394173641353,0.18971385398391613,1.124031007751938,0.20229,False,19,0,0.003389312843516316,-0.0007170205394387069,0.0002545955438613431,-0.0002772354904138654,15,0,0,1.1361226774845592,0.812190674053555,0,0.9227482432337138,4.970033425305579,,53,0.6580645161290323,0.3333333333333333,0.2222222222222222,0.9333333333333333,0.5111111111111111,,,,,,,2025-04-01,,
concept:8d5512b13f658f9330a469f4,Post-Quantum Cryptography,2022-04-01,2022-04-01,2017-01-01,1916,3,4,1,0.0,,True,-1.0986122886681098,1.0986122886681098,0.4054651081081644,1.3862943611198906,0.0,0.0,0.0,0.0,1.791759469228055,-0.3585685828003181,0.2857142857142857,0.08333333333333333,0.0,90,1,3,-0.0,1.0986122886681096,1,,,,,0,5,0,7,7,10,1.0,0.0,1.5607104090414063,2.0794415416798357,0.125,0.125,-1.0,,0,0,0,0,0,0,0,4.0,1.0,,0,,,0.0,0.0,,1.6094379124341003,0,0,0,,,0,0,0,0,0,0,0,0,0,,0,0,0,0,,,,,,,,,,,,,,,True,,,,,,,,True,0,,True,,,,,0,,,,,,,False,,0.0,0.0,0.0,0.0,True,3,False,False,,True,False,,True,False,,True,False,,True,False,,True,1,1,0.207333046186742,3,2,37,2,True,0.03651,0.03651015442352268,0.05018299094104017,0.05625935562318311,3.0,0.459459,False,13,8,0.004144230063971465,-0.0001376681232842002,0.0002873292566435158,0.00020480375132494896,8,5,1,1.72651181158922,0.7524871703557601,0,1.2991779876885694,5.380732046566805,,52,0.6645161290322581,0.7555555555555555,0.6555555555555556,0.43333333333333335,0.5111111111111111,,,,,,,2025-04-01,,
concept:035e4ee3e6c3d40ec3ab81c1,digital tokens,2022-07-01,2022-07-01,2021-02-08,508,2,3,0,-1.0986122886681098,,True,0.0,0.0,-1.3862943611198906,1.3862943611198906,-1.0986122886681098,0.0,0.0,0.0,1.3862943611198906,-0.3585685828003181,0.14285714285714285,0.1111111111111111,1.0,433,1,2,-0.0,0.6931471805599453,0,,,,,0,1,0,1,4,5,,0.0,-0.0,1.3862943611198906,0.25,0.25,-1.0,,0,0,0,0,0,0,0,3.0,1.0,,0,,,0.0,0.0,,1.3862943611198906,0,0,0,,,0,0,0,0,0,0,0,0,0,,0,0,0,0,,,,,,,,,,,,,,,True,,,,,,,,True,0,,True,,,,,0,,,,,,,False,,0.0,0.0,0.0,0.0,True,2,False,False,,True,False,,True,False,,True,False,,True,False,,True,1,1,0.0,0,1,142,3,True,0.121727,0.1217271124837842,0.12186380046767009,0.13553379758819292,0.6865671641791045,0.204225,False,15,0,0.0028874888982340077,-0.0007237400291745465,0.00028884064841365275,-0.0005607164497506969,14,0,0,2.4392540673443963,0.7800284057400533,0,1.90268746134559,4.997311315882125,,53,0.6580645161290323,0.34,0.25,0.43,0.32,,,,,,,2025-07-01,,
concept:14510a07ea0bd646b6ce4eb1,Transfer learning,2022-07-01,2022-07-01,2020-07-25,706,2,2,0,-1.0986122886681098,,True,0.0,0.0,-1.0986122886681098,1.0986122886681098,-1.0986122886681098,0.0,0.0,0.0,0.6931471805599453,-0.2519763153394848,0.14285714285714285,0.08333333333333333,1.0,449,1,2,-0.0,0.6931471805599453,0,,,,,0,2,0,4,5,5,,0.0,0.6931471805599453,1.6094379124341005,0.20000000000000004,0.2,-1.0,,0,0,0,0,0,0,0,2.0,0.0,,0,,,0.0,0.0,,1.0986122886681098,0,0,0,,,0,0,0,0,0,0,0,0,0,,0,0,0,0,,,,,,,,,,,,,,,True,,,,,,,,True,0,,True,,,,,0,,,,,,,False,,0.5,0.0,1.0,0.0,True,2,False,False,,True,False,,True,False,,True,False,,True,False,,True,1,1,0.0,0,1,173,3,True,0.187548,0.1875482759722651,0.14884264705875494,0.19462816473273653,1.04,0.127168,False,14,0,0.002410252528631237,-0.0006584211759969472,0.004538924475071687,-0.002642898416626939,10,0,2,2.2345849816769094,0.7890385580598106,0,1.7631737118044568,5.8363490155022575,,53,0.6580645161290323,0.34,0.25,0.43,0.32,,,,,,,2025-07-01,,
concept:22d489ee0d0acd24c9c97262,Code-based cryptography,2022-07-01,2022-07-01,2021-12-01,212,2,2,2,1.0986122886681098,,True,0.6931471805599453,0.0,1.0986122886681098,1.0986122886681098,1.0986122886681098,0.0,0.0,0.0,-0.6931471805599453,0.8017837257372732,0.2857142857142857,0.25,0.0,1,1,2,-0.0,0.6931471805599453,1,,,,,0,2,0,3,2,3,1.0,,0.6931471805599453,1.0986122886681096,0.3333333333333333,0.3333333333333333,-1.0,,0,0,0,0,1,0,0,2.0,1.0,1.0,1,0.0,0.0,0.0,0.0,,1.0986122886681098,0,0,0,,,0,0,0,0,0,0,0,0,0,,0,0,0,0,,,,,,,,,,,,,,,True,,,,,,,,True,0,,True,,,,,0,,,,,,,False,,0.0,0.0,0.0,0.0,True,2,False,False,,True,False,,True,False,,True,False,,True,False,,True,1,1,0.0,8,2,17,3,True,0.092179,0.0881809338603694,0.0592356768576181,0.09729130722897714,5.333333333333333,0.647059,True,12,12,0.003038059022029756,0.003038059022029756,0.000385120864551537,0.000385120864551537,8,8,0,1.3670622497944254,0.7223388118878176,0,0.9874821212931921,3.7228416100137505,,50,0.6774193548387097,0.34,0.91,0.43,0.19,,,,,,,2025-07-01,,
concept:5de150762390026bbc0d0b16,Public Key Infrastructure (PKI),2022-07-01,2022-07-01,2021-01-01,546,2,2,0,-1.0986122886681098,,True,0.0,0.0,-1.0986122886681098,1.0986122886681098,-1.0986122886681098,0.0,0.0,0.0,0.6931471805599453,-0.2519763153394848,0.2857142857142857,0.10526315789473684,1.0,408,1,2,-0.0,0.6931471805599453,0,,,,,0,3,1,5,4,17,,0.0,1.0986122886681096,2.0794415416798357,0.125,0.125,-0.3333333333333333,,0,0,0,0,0,0,0,2.0,0.5,,0,,,0.0,0.0,,1.0986122886681098,0,0,0,,,0,0,0,0,0,0,0,0,0,,0,0,0,0,,,,,,,,,,,,,,,True,,,,,,,,True,0,,True,,,,,0,,,,,,,False,,0.0,0.0,0.5,0.0,True,2,False,False,,True,False,,True,False,,True,False,,True,False,,True,1,1,0.0,0,1,78,3,True,0.061643,0.06164275706756728,0.13959837620515825,0.13845699934862035,2.0526315789473686,0.397436,False,3,0,0.0028631667191185758,-0.000791400965336835,0.0,-8.75832059963247e-06,2,0,0,1.351783994289646,0.38888888888888884,0,0.5256937755570844,5.076381810249206,,53,0.6580645161290323,0.34,0.25,0.93,0.83,,,,,,,2025-07-01,,
concept:5e02152b1284507f34a33e29,Post-Quantum Cryptography (PQC) frameworks,2022-07-01,2022-07-01,2021-12-01,212,2,2,2,1.0986122886681098,,True,0.6931471805599453,0.0,1.0986122886681098,1.0986122886681098,1.0986122886681098,0.0,0.0,0.0,-0.6931471805599453,0.8017837257372732,0.2857142857142857,0.25,0.0,1,1,2,-0.0,0.6931471805599453,1,,,,,0,2,0,3,2,3,1.0,,0.6931471805599453,1.0986122886681096,0.3333333333333333,0.3333333333333333,-1.0,,0,0,0,0,0,0,0,2.0,0.5,1.0,2,0.0,0.0,0.0,1.2039728043259361,,1.0986122886681098,0,0,0,,,0,0,0,0,0,0,0,0,0,,0,0,0,0,,,,,,,,,,,,,,,True,,,,,,,,True,0,1,False,,1,,,0,,,,,,,False,,0.0,0.0,0.5,0.0,True,2,False,False,,True,False,,True,False,,True,False,,True,False,,True,1,1,0.0,7,1,78,3,True,0.125116,0.06179157855311346,0.11463792601233336,0.10000609830523222,2.0526315789473686,0.397436,False,12,12,0.003038059022029756,0.003038059022029756,0.000385120864551537,0.000385120864551537,8,8,0,1.3670622497944254,0.7223388118878176,0,0.9874821212931921,3.7228416100137505,,48,0.6903225806451613,0.34,0.91,0.43,0.19,,,,,,,2025-07-01,,
concept:7113d535db62e0caa78e5dd4,Lightning Network,2022-07-01,2022-07-01,2020-07-16,715,2,2,1,0.0,,True,0.0,-0.6931471805599453,0.0,1.0986122886681098,0.0,0.0,0.0,0.0,-1.3862943611198906,-0.2519763153394848,0.14285714285714285,0.08333333333333333,0.0,291,1,2,-0.0,0.6931471805599453,1,,,,,0,2,0,4,3,3,1.0,0.0,0.6931471805599453,2.3025850929940455,0.10000000000000002,0.1,-1.0,,0,0,0,0,0,0,0,2.0,0.5,,0,,,0.0,0.0,,1.0986122886681098,0,0,0,,,0,0,0,0,0,0,0,0,0,,0,0,0,0,,,,,,,,,,,,,,,True,,,,,,,,True,0,,True,,,,,0,,,,,,,False,,0.0,0.0,0.5,0.0,True,2,False,False,,True,False,,True,False,,True,False,,True,False,,True,1,1,0.23804628387473534,0,1,142,3,True,0.133923,0.13392314929033355,0.11718339063678984,0.14279372010832309,0.6865671641791045,0.204225,False,13,7,0.003411328485009943,0.0009200479668235954,0.00039887518114266335,0.00039887518114266335,7,1,1,1.0986122886681096,0.7378134685826994,0,0.8105709433297957,4.1661931576127555,,52,0.6645161290322581,0.34,0.68,0.43,0.19,,,,,,,2025-07-01,,
concept:8207f97d85118a779365d576,distributed metaverse architecture with ternary-world interactions,2022-07-01,2022-07-01,2022-03-06,117,2,2,2,1.0986122886681098,,True,0.0,1.0986122886681098,1.0986122886681098,1.0986122886681098,1.0986122886681098,0.0,0.0,0.0,1.0986122886681098,0.8017837257372732,0.14285714285714285,0.4,0.0,81,1,1,-0.0,-0.0,1,,,,,0,2,0,4,1,7,1.0,,0.6931471805599453,1.3862943611198906,0.25,0.25,-1.0,,0,0,0,0,0,0,0,2.0,0.5,,0,,,0.5,0.0,,1.0986122886681098,0,0,0,,,0,0,0,0,0,0,0,0,0,,0,0,0,0,,,,,,,,,,,,,,,True,,,,,,,,True,0,,True,,,,,0,,,,,,,False,,0.0,0.0,0.5,0.0,True,2,False,False,,True,False,,True,False,,True,False,,True,False,,True,1,1,0.0,7,0,555,0,True,0.239321,0.2210814520012213,0.19742534350457008,0.22816138903154667,1.0342465753424657,0.212613,False,0,0,0.0002927686152044501,0.0002927686152044501,0.0,0.0,0,0,0,,,0,,,,57,0.6322580645161291,0.34,0.91,0.43,0.45,,,,,,,2025-07-01,,
concept:9ab9bd643b56bf312569f4f1,Quorum,2022-07-01,2022-07-01,2020-01-01,912,2,2,0,-0.6931471805599453,,True,0.0,0.0,-0.6931471805599453,0.0,-0.6931471805599453,0.0,0.0,0.0,0.6931471805599453,-0.13363062095621217,0.14285714285714285,0.041666666666666664,1.0,381,1,2,-0.0,0.6931471805599453,0,,,,,0,2,0,5,3,12,,0.0,0.6931471805599453,1.791759469228055,0.16666666666666666,0.16666666666666666,-1.0,,0,0,0,0,0,0,0,2.0,0.5,,0,,,0.0,0.0,,1.0986122886681098,0,0,0,,,0,0,0,0,0,0,0,0,0,,0,0,0,0,,,,,,,,,,,,,,,True,,,,,,,,True,0,,True,,,,,0,,,,,,,False,,0.0,0.0,0.5,0.0,True,2,False,False,,True,False,,True,False,,True,False,,True,False,,True,1,1,0.07304517336419017,0,1,142,3,True,0.141977,0.14197694675785666,0.12008892701365936,0.1441502851482564,0.6865671641791045,0.204225,False,4,0,0.0012398573696291014,-0.0002933744738831366,0.0,0.0,4,0,0,3.038884584421758,0.6326155467380858,0,1.9224456328479111,4.012111042129664,,53,0.6580645161290323,0.34,0.25,0.43,0.75,,,,,,,2025-07-01,,
concept:9ce36fef7cf8af06a17f79a7,Recurrent Neural Networks (RNNs),2022-07-01,2022-07-01,2019-09-12,1023,2,3,0,-0.6931471805599453,,True,0.0,0.0,-1.0986122886681098,0.4054651081081644,-0.6931471805599453,0.0,0.0,0.0,1.0986122886681098,-0.2519763153394848,0.14285714285714285,0.041666666666666664,1.0,449,1,2,-0.0,0.6931471805599453,0,,,,,0,4,0,7,8,6,,0.0,1.3321790402101223,2.6390573296152584,0.07142857142857142,0.07142857142857142,-1.0,,0,0,0,0,0,0,0,3.0,0.3333333333333333,,0,,,0.0,0.0,,1.3862943611198906,0,0,0,,,0,0,0,0,0,0,0,0,0,,0,0,0,0,,,,,,,,,,,,,,,True,,,,,,,,True,0,,True,,,,,0,,,,,,,False,,0.0,0.0,0.6666666666666666,0.0,True,2,False,False,,True,False,,True,False,,True,False,,True,False,,True,1,1,0.0,0,1,173,3,True,0.072001,0.07200093132212326,0.13553311054310857,0.10758748864755925,1.04,0.127168,False,47,0,0.0030648826173534996,-0.0008227445616507661,0.0022419536043535903,-0.0017605989096784484,38,0,2,2.236980871557035,0.9246942555877952,0,2.0685233617885697,5.051644696203291,,53,0.6580645161290323,0.34,0.25,0.43,0.39,,,,,,,2025-07-01,,
concept:b62d5f2a82c6b4b0ded3cca7,SPHINCS+,2022-07-01,2022-07-01,2022-04-06,86,2,2,2,1.0986122886681098,,True,1.0986122886681098,1.0986122886681098,1.0986122886681098,1.0986122886681098,1.0986122886681098,0.0,0.0,0.0,1.0986122886681098,2.0,0.14285714285714285,0.5,0.0,1,1,2,-0.0,0.6931471805599453,1,,,,,0,1,0,1,5,2,1.0,,-0.0,-0.0,1.0,1.0,-1.0,,0,0,0,0,0,0,0,2.0,1.0,,0,,,0.0,0.0,,1.0986122886681098,0,0,0,,,0,0,0,0,0,0,0,0,0,,0,0,0,0,,,,,,,,,,,,,,,True,,,,,,,,True,0,,True,,,,,0,,,,,,,False,,0.0,0.0,0.0,0.0,True,2,False,False,,True,False,,True,False,,True,False,,True,False,,True,1,1,0.0,7,3,3,1,False,0.136871,0.1368710057633551,0.13143822017436402,0.15549917501046515,4.0,1.0,False,12,12,0.003245322312089614,0.003245322312089614,0.0006739615129651898,0.0006739615129651898,8,8,1,1.743386910355888,0.7404168141324865,2,1.2908329819659856,5.1257912932667535,,53,0.6580645161290323,0.34,0.91,0.43,0.09,,,,,,,2025-07-01,,
concept:d8a5923f333ca46d331f06b7,QR codes,2022-07-01,2022-07-01,2020-12-14,564,2,2,1,0.0,,True,0.6931471805599453,0.6931471805599453,0.0,1.0986122886681098,0.0,0.0,0.0,0.0,0.6931471805599453,0.8017837257372732,0.2857142857142857,0.1,0.0,16,1,2,-0.0,0.6931471805599453,1,,,,,0,2,1,4,4,5,1.0,0.0,0.6931471805599453,1.9459101490553132,0.14285714285714285,0.14285714285714285,-0.3333333333333333,,0,0,0,0,0,0,0,2.0,0.5,,0,,,0.0,0.0,,1.0986122886681098,0,0,0,,,0,0,0,0,0,0,0,0,0,,0,0,0,0,,,,,,,,,,,,,,,True,,,,,,,,True,0,,True,,,,,0,,,,,,,False,,0.0,0.0,0.5,0.0,True,2,False,False,,True,False,,True,False,,True,False,,True,False,,True,1,1,0.23804628387473534,4,0,555,0,True,0.17705,0.17705008140418854,0.26332477895723483,0.26165396400272967,1.0342465753424657,0.212613,False,4,2,0.003116016840187715,0.0006247363220013673,2.7508633182252643e-05,2.7508633182252643e-05,2,0,0,1.3862943611198906,0.4375,3,0.6065037829899521,6.933576738782009,,52,0.6645161290322581,0.34,0.68,0.93,0.32,,,,,,,2025-07-01,,
concept:03fa31a739e5ec637ffcf961,Blockchain Smart Contracts,2022-10-01,2022-10-01,2021-04-18,531,3,3,2,0.4054651081081644,,True,0.0,-1.0986122886681098,0.4054651081081644,1.3862943611198906,0.4054651081081644,0.0,0.0,0.0,-1.5040773967762742,-0.3585685828003181,0.2857142857142857,0.15789473684210525,0.33333333333333337,257,1,3,-0.0,1.0986122886681096,1,,,,,0,5,0,9,8,12,1.0,0.0,1.6094379124341005,2.772588722239781,0.0625,0.0625,-1.0,,0,0,0,0,0,0,0,3.0,0.6666666666666666,1.0,3,0.0,0.0,0.0,1.01160091167848,,1.3862943611198906,0,0,0,,,0,0,0,0,0,0,0,0,0,,0,0,0,0,,,,,,,,,,,,,,,True,,,,,,,,True,0,,True,,,,,0,,,,,,,False,,0.0,0.0,0.3333333333333333,0.0,True,3,False,False,,True,False,,True,False,,True,False,,True,False,,True,1,1,0.17858696541315572,11,1,145,3,True,0.076342,0.07634242517866574,0.0919950602571763,0.09285300702903662,0.6212121212121212,0.165517,False,1,1,0.001891610706516599,0.0015360340797535316,0.0,0.0,1,1,0,1.0986122886681096,0.0,6,0.0,6.092860881483039,,49,0.6838709677419355,0.7745098039215687,0.9019607843137255,0.4215686274509804,0.7352941176470589,,,,,,,2025-10-01,,
concept:1c2db47f9f6a46eb053a4bc2,Quantum Key Distribution (QKD),2022-10-01,2022-10-01,2020-09-28,733,2,2,1,0.6931471805599453,,True,0.6931471805599453,0.6931471805599453,0.6931471805599453,0.0,0.6931471805599453,0.0,0.0,0.0,0.6931471805599453,1.0,0.14285714285714285,0.041666666666666664,0.0,78,1,2,-0.0,0.6931471805599453,1,,,,,0,8,2,7,5,13,1.0,0.0,2.0794415416798357,2.4849066497880004,0.08333333333333333,0.08333333333333333,-0.3333333333333333,,0,0,0,0,0,0,0,2.0,0.5,1.0,1,0.0,0.0,0.0,0.0,,1.0986122886681098,0,0,0,,,0,0,0,0,0,0,0,0,0,,0,0,0,0,,,,,,,,,,,,,,,True,,,,,,,,True,0,,True,,,,,0,,,,,,,False,,0.0,0.0,0.5,0.0,True,2,False,False,,True,False,,True,False,,True,False,,True,False,,True,1,1,0.07304517336419017,4,2,24,3,True,0.13757,0.08958038657035428,0.12159221647461105,0.13468811016789556,4.0,0.541667,True,1,1,0.001891610706516599,0.0015360340797535316,0.0,0.0,1,1,0,1.3862943611198906,0.0,3,0.0,5.969225489113958,,49,0.6838709677419355,0.3431372549019608,0.6764705882352942,0.9901960784313726,0.7745098039215687,,,,,,,2025-10-01,,
concept:2503e5798f4ba2f3313005ad,Post-Quantum Cryptography (PQC),2022-10-01,2022-10-01,2019-03-16,1295,2,2,1,0.6931471805599453,,True,0.0,-0.6931471805599453,0.6931471805599453,0.0,0.6931471805599453,0.0,0.0,0.0,-1.3862943611198906,-0.13363062095621217,0.14285714285714285,0.041666666666666664,0.0,273,1,2,-0.0,0.6931471805599453,1,,,,,0,2,0,2,4,2,1.0,0.0,0.6931471805599453,0.6931471805599453,0.5,0.5,-1.0,,0,0,0,0,0,0,0,2.0,1.0,,0,,,0.0,0.0,,1.0986122886681098,0,0,0,,,0,0,0,0,0,0,0,0,0,,0,0,0,0,,,,,,,,,,,,,,,True,,,,,,,,True,0,,True,,,,,0,,,,,,,False,,0.0,0.0,0.0,0.0,True,2,False,False,,True,False,,True,False,,True,False,,True,False,,True,1,1,0.07304517336419017,3,3,8,1,False,0.03651,0.03651015442352268,0.035506023179229795,0.059891893096824876,1.25,0.375,False,9,8,0.0021969946237346384,0.0010647435444820024,0.00040328797884145136,0.00040328797884145136,8,7,1,1.7205498380200266,0.6495296620952216,0,1.117548154907136,4.689846858072882,,52,0.6645161290322581,0.3431372549019608,0.6764705882352942,0.4215686274509804,0.08823529411764706,,,,,,,2025-10-01,,
concept:4b7dac0abb9474e4424253c0,quantum simulators,2022-10-01,2022-10-01,2017-09-01,1856,2,2,1,0.6931471805599453,,True,0.0,-0.6931471805599453,0.6931471805599453,0.6931471805599453,0.6931471805599453,0.0,0.0,0.0,-1.3862943611198906,-0.13363062095621217,0.14285714285714285,0.041666666666666664,0.0,302,1,2,-0.0,0.6931471805599453,1,,,,,0,7,1,6,3,9,1.0,0.0,1.9459101490553132,2.6390573296152584,0.07142857142857142,0.07142857142857142,-0.3333333333333333,,0,0,0,0,0,0,0,2.0,0.5,,0,,,0.0,0.0,,1.0986122886681098,0,0,0,,,0,0,0,0,0,0,0,0,0,,0,0,0,0,,,,,,,,,,,,,,,True,,,,,,,,True,0,,True,,,,,0,,,,,,,False,,0.5,0.0,0.5,0.0,True,2,False,False,,True,False,,True,False,,True,False,,True,False,,True,1,1,0.07304517336419017,5,2,5,3,False,0.124999,0.12499868842435724,0.1749066617103755,0.15648244199350997,1.0,0.0,False,20,6,0.0033768751564370323,0.0009294906288009144,0.0003266299332765474,0.0003266299332765474,14,0,1,1.0718529685711655,0.8216799886621315,0,0.8807201350630274,4.784645620234662,,52,0.6645161290322581,0.3431372549019608,0.6764705882352942,0.9117647058823529,0.49019607843137253,,,,,,,2025-10-01,,
concept:55d343acdad2eb88c776adbd,quantum teleportation,2022-10-01,2022-10-01,2011-07-29,4082,2,2,1,0.6931471805599453,,True,0.0,-0.6931471805599453,0.6931471805599453,0.6931471805599453,0.6931471805599453,0.0,0.0,0.0,-1.3862943611198906,-0.13363062095621217,0.14285714285714285,0.041666666666666664,0.0,302,1,2,-0.0,0.6931471805599453,1,,,,,0,2,0,2,3,5,1.0,0.0,0.6931471805599453,0.6931471805599453,0.5,0.5,-1.0,,0,0,0,0,0,0,0,2.0,0.5,1.0,1,0.0,0.0,0.0,0.0,,1.0986122886681098,0,0,0,,,0,0,0,0,0,0,0,0,0,,0,0,0,0,,,,,,,,,,,,,,,True,,,,,,,,True,0,,True,,,,,0,,,,,,,False,,0.0,0.0,0.5,0.0,True,2,False,False,,True,False,,True,False,,True,False,,True,False,,True,1,1,0.07304517336419017,4,2,24,3,True,0.166338,0.14081541483672932,0.22220823823140634,0.18213592024973868,4.0,0.541667,True,6,5,0.0015344828428124932,-0.0002914512243569541,0.0,0.0,6,5,1,1.2469826398977568,0.5087671642731166,0,0.6344238215985867,4.784645620234662,,49,0.6838709677419355,0.3431372549019608,0.6764705882352942,0.4215686274509804,0.3137254901960784,,,,,,,2025-10-01,,
concept:807a77a866f91e433a96eb19,Sharding in blockchain,2022-10-01,2022-10-01,2020-01-01,1004,2,2,1,0.6931471805599453,,True,0.0,-0.6931471805599453,0.6931471805599453,0.0,0.6931471805599453,0.0,0.0,0.0,-1.3862943611198906,-0.13363062095621217,0.14285714285714285,0.041666666666666664,0.0,287,1,2,-0.0,0.6931471805599453,1,,,,,0,3,0,5,3,10,1.0,0.0,1.0986122886681096,2.0794415416798357,0.125,0.125,-1.0,,0,0,0,0,1,0,0,2.0,0.5,1.0,2,0.0,0.0,0.0,0.2876820724517808,,1.0986122886681098,0,0,0,,,0,0,0,0,0,0,0,0,0,,0,0,0,0,,,,,,,,,,,,,,,True,,,,,,,,True,0,,True,,,,,0,,,,,,,False,,0.0,0.0,0.5,0.0,True,2,False,False,,True,False,,True,False,,True,False,,True,False,,True,1,1,0.07304517336419017,3,1,145,3,True,0.165031,0.16503055165934555,0.13472694003366792,0.16957500904600972,0.6212121212121212,0.165517,False,2,1,0.0027607290783434506,0.00039021823325633516,6.665917005643824e-06,6.665917005643824e-06,1,0,0,1.0986122886681096,0.5,0,0.5493061443340548,3.955699281054977,,49,0.6838709677419355,0.3431372549019608,0.6764705882352942,0.4215686274509804,0.5490196078431373,,,,,,,2025-10-01,,
concept:9bb6fee8598aa3c9504bf33e,Self Sovereign Identity (SSI) implementation for cloud data migration,2022-10-01,2022-10-01,2019-01-01,1369,2,3,1,0.6931471805599453,,True,0.0,-0.6931471805599453,0.6931471805599453,-0.40546510810816444,0.6931471805599453,0.0,0.0,0.0,-1.3862943611198906,-0.13363062095621217,0.14285714285714285,0.041666666666666664,0.5,320,1,2,-0.0,0.6931471805599453,1,,,,,0,4,0,8,4,11,1.0,0.0,1.3862943611198906,2.3978952727983707,0.09090909090909091,0.09090909090909091,-1.0,,0,0,0,0,0,1,0,3.0,0.6666666666666666,1.0,1,0.0,0.0,0.0,0.916290731874155,,1.3862943611198906,0,0,0,,,0,0,0,0,0,0,0,0,0,,0,0,0,0,,,,,,,,,,,,,,,True,,,,,,,,True,0,3,False,,3,320,,0,,,,,,,False,,0.0,0.0,0.3333333333333333,0.0,True,2,False,False,,True,False,,True,False,,True,False,,True,False,,True,1,1,0.09217274646050577,12,0,573,0,True,0.183855,0.13611590249965555,0.16886203082028706,0.17696326376562754,1.0138888888888888,0.197208,False,5,1,0.0016965878905324393,0.000255466713362202,0.00015998200813545179,0.00015998200813545179,4,0,0,1.3522093992338282,0.5482202216066481,0,0.7413085365065618,4.656079680870682,1.0,45,0.7096774193548387,0.3431372549019608,0.6764705882352942,0.4215686274509804,0.6470588235294118,,,,,,,2025-10-01,,
concept:e3403969af4ca848deff6b33,Proof-of-Work,2022-10-01,2022-10-01,2019-08-22,1136,2,2,1,0.6931471805599453,,True,0.0,-0.6931471805599453,0.6931471805599453,0.0,0.6931471805599453,0.0,0.0,0.0,-1.3862943611198906,-0.13363062095621217,0.14285714285714285,0.041666666666666664,0.0,273,1,2,-0.0,0.6931471805599453,1,,,,,0,2,0,5,1,9,1.0,0.0,0.6931471805599453,1.6094379124341005,0.20000000000000004,0.2,-1.0,,0,0,0,0,0,0,0,2.0,0.5,,0,,,0.0,0.0,,1.0986122886681098,0,0,0,,,0,0,0,0,0,0,0,0,0,,0,0,0,0,,,,,,,,,,,,,,,True,,,,,,,,True,0,,True,,,,,0,,,,,,,False,,0.0,0.0,0.5,0.0,True,2,False,False,,True,False,,True,False,,True,False,,True,False,,True,1,1,0.07304517336419017,4,1,145,3,True,0.133928,0.13392809848917775,0.1671052369670314,0.14592721685439472,0.6212121212121212,0.165517,False,9,7,0.0026697304614251224,0.0002992196163380061,0.00046661419039506773,0.00046661419039506773,7,5,1,2.625953753174276,0.6796989922127328,0,1.7848581196297986,,,53,0.6580645161290323,0.3431372549019608,0.6764705882352942,0.4215686274509804,0.49019607843137253,,,,,,,2025-10-01,,
concept:fee3c4746be1409674d6be87,Keras,2022-10-01,2022-10-01,2017-07-28,1891,2,3,1,0.6931471805599453,,False,0.0,-0.6931471805599453,0.6931471805599453,0.6931471805599453,0.0,0.6931471805599453,0.0,0.0,-1.3862943611198906,-0.13363062095621217,0.14285714285714285,0.041666666666666664,0.5,319,1,2,-0.0,0.6931471805599453,1,,,,,0,0,0,0,1,1,,0.0,,-0.0,1.0,1.0,,,0,0,0,0,0,0,0,2.0,0.6666666666666666,,0,,,0.0,0.0,,0.2876820724517808,0,0,0,,,0,0,0,0,0,0,0,0,0,,0,0,0,0,,,,,,,,,,,,,,,True,,,,,,,,True,0,,True,,,,,2,0.0,,,0,,,False,,1.0,0.0,0.3333333333333333,0.0,False,,True,True,2,False,False,,True,False,,True,False,,True,False,,True,1,1,0.09217274646050577,0,0,573,0,True,0.165932,0.16593199947030246,0.19872969867353896,0.18370472955487302,1.0138888888888888,0.197208,False,1,1,0.001891610706516599,0.0015360340797535316,0.0,0.0,1,1,0,-0.0,0.0,0,0.0,,,54,0.6516129032258065,0.3431372549019608,0.6764705882352942,0.4215686274509804,0.0196078431372549,,,,,,,2025-10-01,,
concept:1c2db47f9f6a46eb053a4bc2,Quantum Key Distribution (QKD),2023-01-01,2023-01-01,2020-09-28,825,3,4,2,1.0986122886681098,,True,0.4054651081081644,1.3862943611198906,1.3862943611198906,0.6931471805599453,1.0986122886681098,0.0,0.0,0.0,1.3862943611198906,1.7371980724307585,0.2857142857142857,0.08333333333333333,0.0,0,1,3,-0.0,1.0986122886681096,1,,,,,0,8,2,7,5,17,1.0,0.0,2.0794415416798357,2.4849066497880004,0.08333333333333333,0.08333333333333333,-0.3333333333333333,,0,0,0,0,0,0,0,4.0,0.75,1.0,1,0.0,0.0,0.0,0.0,,1.6094379124341003,0,0,0,,,0,0,0,0,0,0,0,0,0,,0,0,0,0,,,,,,,,,,,,,,,True,,,,,,,,True,0,,True,,,,,0,,,,,,,False,,0.0,0.0,0.25,0.0,True,3,False,False,,True,False,,True,False,,True,False,,True,False,,True,1,1,0.0,4,2,28,3,False,0.08958,0.07578161627760738,0.11833669303941674,0.11892329609516125,2.5,0.464286,False,4,4,0.0024338607998014104,0.002117037481605191,3.0233988899383672e-05,3.0233988899383672e-05,3,3,0,1.3862943611198906,0.41666666666666674,3,0.5776226504666212,5.9327453846869656,,49,0.6838709677419355,0.7232142857142857,0.9017857142857143,0.9732142857142857,0.8303571428571429,,,,,,,2026-01-01,,
concept:22d489ee0d0acd24c9c97262,Code-based cryptography,2023-01-01,2023-01-01,2021-12-01,396,2,2,1,0.0,,True,0.0,-0.6931471805599453,0.0,1.0986122886681098,0.0,0.0,0.0,0.0,-0.6931471805599453,-0.2519763153394848,0.2857142857142857,0.14285714285714285,0.5,185,1,2,-0.0,0.6931471805599453,1,,,,,0,2,0,3,2,3,1.0,0.0,0.6931471805599453,1.0986122886681096,0.3333333333333333,0.3333333333333333,-1.0,,0,0,0,0,1,0,0,2.0,1.0,1.0,1,0.0,0.0,0.0,0.0,,1.0986122886681098,0,0,0,,,0,0,0,0,0,0,0,0,0,,0,0,0,0,,,,,,,,,,,,,,,True,,,,,,,,True,0,,True,,,,,0,,,,,,,False,,0.0,0.0,0.0,0.0,True,2,False,False,,True,False,,True,False,,True,False,,True,False,,True,1,1,0.23804628387473534,3,2,28,3,False,0.092179,0.0881809338603694,0.0682920048156751,0.09729130722897714,2.5,0.464286,False,12,7,0.002662832843925011,0.0005506773892835493,0.00036280786679260404,0.00036280786679260404,8,3,0,1.3670622497944254,0.7223388118878176,0,0.9874821212931921,3.568983798836997,,49,0.6838709677419355,0.32142857142857145,0.7232142857142857,0.4107142857142857,0.1875,,,,,,,2026-01-01,,
concept:4d6f83d3da0d93315fda8352,Quantum-safe cryptographic algorithms,2023-01-01,2023-01-01,2022-04-06,270,2,2,2,1.0986122886681098,,True,0.6931471805599453,0.0,1.0986122886681098,1.0986122886681098,1.0986122886681098,0.0,0.0,0.0,-0.6931471805599453,0.8017837257372732,0.2857142857142857,0.2,0.0,89,1,2,-0.0,0.6931471805599453,1,,,,,0,1,0,1,5,2,1.0,,-0.0,0.6931471805599453,0.5,0.5,-1.0,,0,0,0,0,0,0,0,2.0,0.5,1.0,1,0.0,0.0,0.0,0.0,,1.0986122886681098,0,0,0,,,0,0,0,0,0,0,0,0,0,,0,0,0,0,,,,,,,,,,,,,,,True,,,,,,,,True,0,,True,,,,,0,,,,,,,False,,0.0,0.0,0.5,0.5,True,2,False,False,,True,False,,True,False,,True,False,,True,False,,True,1,1,0.0,7,2,28,3,False,0.035531,0.03553146324146028,0.05098272333106957,0.04802035777849747,2.5,0.464286,False,5,5,0.0018095635007885525,0.0018095635007885525,0.0005502585979687828,0.0005502585979687828,4,4,1,1.7193391211724212,0.5366666666666666,0,0.9227119950291993,5.151670811744273,,50,0.6774193548387097,0.32142857142857145,0.9017857142857143,0.4107142857142857,0.08928571428571429,,,,,,,2026-01-01,,
concept:4d95499f713e6b5c1d8d3532,post-quantum cryptographic assemblages,2023-01-01,2023-01-01,2021-09-03,485,2,4,1,0.0,,True,0.6931471805599453,0.6931471805599453,-0.6931471805599453,1.6094379124341003,0.0,0.0,0.0,0.0,2.0794415416798357,0.47809144373375745,0.2857142857142857,0.11764705882352941,0.6666666666666667,0,1,1,-0.0,-0.0,1,,,,,0,2,1,3,3,2,0.0,1.0,0.6365141682948128,2.1458417525947544,0.12396694214876033,0.18181818181818182,-0.3333333333333333,1.0,0,1,0,0,0,0,0,4.0,0.75,0.3888888888888889,1,0.0,0.0,0.0,2.251291798606495,,1.6094379124341003,0,0,0,,,0,0,0,0,0,0,0,0,0,,0,0,0,0,,,,,,,,,,,,,,,True,,,,,,,,True,0,1,False,,0,,,0,,,,,,,False,1.0,0.0,0.0,0.25,0.0,True,2,False,False,,True,False,,True,False,,True,False,,True,False,,True,1,1,0.10700924479478903,5,2,28,3,False,0.081905,0.0819045116874253,0.09131772605848631,0.10168695852447993,2.5,0.464286,False,0,0,0.0002570473824008226,-5.9775935795396715e-05,0.0,0.0,0,0,0,,,2,,7.547316921061191,,48,0.6903225806451613,0.32142857142857145,0.7232142857142857,0.8928571428571429,0.08928571428571429,,,,,,,2026-01-01,,
concept:5e02152b1284507f34a33e29,Post-Quantum Cryptography (PQC) frameworks,2023-01-01,2023-01-01,2021-12-01,396,2,2,1,0.0,,True,0.0,-0.6931471805599453,0.0,1.0986122886681098,0.0,0.0,0.0,0.0,-0.6931471805599453,-0.2519763153394848,0.2857142857142857,0.14285714285714285,0.5,185,1,2,-0.0,0.6931471805599453,1,,,,,0,2,0,3,2,3,1.0,0.0,0.6931471805599453,1.0986122886681096,0.3333333333333333,0.3333333333333333,-1.0,,0,0,0,0,0,0,0,2.0,0.5,1.0,2,0.0,0.0,0.0,1.2039728043259361,,1.0986122886681098,0,0,0,,,0,0,0,0,0,0,0,0,0,,0,0,0,0,,,,,,,,,,,,,,,True,,,,,,,,True,0,1,False,,0,,,0,,,,,,,False,,0.0,0.0,0.5,0.0,True,2,False,False,,True,False,,True,False,,True,False,,True,False,,True,1,1,0.23804628387473534,2,1,84,3,True,0.061792,0.06179157855311346,0.10419973971124064,0.10000609830523222,1.64,0.321429,False,12,7,0.002662832843925011,0.0005506773892835493,0.00036280786679260404,0.00036280786679260404,8,3,0,1.3670622497944254,0.7223388118878176,0,0.9874821212931921,3.568983798836997,,47,0.6967741935483871,0.32142857142857145,0.7232142857142857,0.4107142857142857,0.1875,,,,,,,2026-01-01,,
concept:8207f97d85118a779365d576,distributed metaverse architecture with ternary-world interactions,2023-01-01,2023-01-01,2022-03-06,301,2,2,2,1.0986122886681098,,True,0.0,-1.0986122886681098,1.0986122886681098,1.0986122886681098,1.0986122886681098,0.0,0.0,0.0,-2.1972245773362196,-0.2519763153394848,0.14285714285714285,0.18181818181818182,0.0,265,1,1,-0.0,-0.0,1,,,,,0,2,0,4,1,7,1.0,,0.6931471805599453,1.3862943611198906,0.25,0.25,-1.0,,0,0,0,0,0,0,0,2.0,0.5,,0,,,0.5,0.0,,1.0986122886681098,0,0,0,,,0,0,0,0,0,0,0,0,0,,0,0,0,0,,,,,,,,,,,,,,,True,,,,,,,,True,0,,True,,,,,0,,,,,,,False,,0.0,0.0,0.5,0.0,True,2,False,False,,True,False,,True,False,,True,False,,True,False,,True,1,1,0.0,7,0,632,0,True,0.226789,0.2210814520012213,0.19656751502781966,0.22816138903154667,0.9615384615384616,0.189873,False,0,0,0.0002570473824008226,0.0002570473824008226,0.0,0.0,0,0,0,,,0,,,,57,0.6322580645161291,0.32142857142857145,0.9017857142857143,0.4107142857142857,0.4642857142857143,,,,,,,2026-01-01,,
concept:95a554207168ef357bcfef73,Blockchain architecture for agricultural data integrity with smart contracts,2023-01-01,2023-01-01,2019-08-29,1221,2,2,1,0.6931471805599453,,True,0.6931471805599453,0.6931471805599453,0.6931471805599453,0.0,0.6931471805599453,0.0,0.0,0.0,0.6931471805599453,1.0,0.14285714285714285,0.041666666666666664,0.0,72,1,2,-0.0,0.6931471805599453,1,,,,,0,2,0,3,5,6,1.0,0.0,0.6931471805599453,1.0986122886681096,0.3333333333333333,0.3333333333333333,-1.0,,0,0,0,0,0,0,0,2.0,0.5,1.0,1,0.0,0.0,0.0,0.916290731874155,,1.0986122886681098,0,0,0,,,0,0,0,0,0,0,0,0,0,,0,0,0,0,,,,,,,,,,,,,,,True,,,,,,,,True,0,,True,,,,,0,,,,,,,False,,0.0,0.0,0.5,0.0,True,2,False,False,,True,False,,True,False,,True,False,,True,False,,True,1,1,0.07304517336419017,4,1,148,3,True,0.125419,0.12541916863648406,0.11797220672069797,0.13628813747594498,0.4603174603174603,0.121622,False,0,0,0.0002570473824008226,-5.9775935795396715e-05,0.0,0.0,0,0,0,,,0,,4.807562500829855,,52,0.6645161290322581,0.32142857142857145,0.7232142857142857,0.4107142857142857,0.39285714285714285,,,,,,,2026-01-01,,
concept:a43bef3c8030e77c3f1fe77f,Large Language Models (LLMs),2023-01-01,2023-01-01,2023-01-01,0,4,5,4,1.6094379124341003,,True,1.791759469228055,1.791759469228055,1.791759469228055,1.791759469228055,1.6094379124341003,0.0,0.0,0.0,1.791759469228055,5.0,0.14285714285714285,1.0,0.0,0,1,3,-0.0,1.0397207708399179,1,,,,,0,3,3,5,7,16,1.0,,0.9502705392332347,2.1639556568820564,0.12000000000000002,0.2,-0.5,1.0,0,0,0,0,0,0,0,5.0,1.0,1.0,2,0.0,0.0,0.0,0.0,,1.791759469228055,0,0,0,,,0,0,0,0,0,0,0,0,0,,0,0,0,0,,,,,,,,,,,,,,,True,,,,,,,,True,0,,True,,,,,0,,,,,,,False,,0.0,0.0,0.0,0.0,True,4,False,False,,True,False,,True,False,,True,False,,True,False,,True,1,1,0.0,18,3,5,3,False,0.195708,0.17796160066207145,0.11968059815822762,0.19407116646111083,8.0,1.0,False,9,9,0.002190119165932805,0.002190119165932805,8.465516891827427e-05,8.465516891827427e-05,8,8,0,1.654144366239278,0.6404320987654322,10,1.0593671481316365,6.532681470638318,,49,0.6838709677419355,0.8392857142857143,0.9910714285714286,0.9910714285714286,0.8035714285714286,,,,,,,2026-01-01,,
concept:b62d5f2a82c6b4b0ded3cca7,SPHINCS+,2023-01-01,2023-01-01,2022-04-06,270,2,2,2,1.0986122886681098,,True,0.0,-1.0986122886681098,1.0986122886681098,1.0986122886681098,1.0986122886681098,0.0,0.0,0.0,-2.1972245773362196,-0.2519763153394848,0.14285714285714285,0.2,0.0,185,1,2,-0.0,0.6931471805599453,1,,,,,0,1,0,1,5,2,1.0,,-0.0,-0.0,1.0,1.0,-1.0,,0,0,0,0,0,0,0,2.0,1.0,,0,,,0.0,0.0,,1.0986122886681098,0,0,0,,,0,0,0,0,0,0,0,0,0,,0,0,0,0,,,,,,,,,,,,,,,True,,,,,,,,True,0,,True,,,,,0,,,,,,,False,,0.0,0.0,0.0,0.0,True,2,False,False,,True,False,,True,False,,True,False,,True,False,,True,1,1,0.0,7,2,28,3,False,0.136871,0.1368710057633551,0.13602692361697044,0.15549917501046515,2.5,0.464286,False,12,12,0.0029274376805320784,0.0029274376805320784,0.000955394049220524,0.000955394049220524,8,8,1,1.771222945050899,0.7440105641324866,2,1.3178085825517236,5.1267644780898705,,53,0.6580645161290323,0.32142857142857145,0.9017857142857143,0.4107142857142857,0.08928571428571429,,,,,,,2026-01-01,,
concept:d8a5923f333ca46d331f06b7,QR codes,2023-01-01,2023-01-01,2020-12-14,748,2,2,1,0.6931471805599453,,True,0.0,-0.6931471805599453,0.6931471805599453,0.0,0.6931471805599453,0.0,0.0,0.0,-1.3862943611198906,-0.13363062095621217,0.14285714285714285,0.041666666666666664,0.0,200,1,2,-0.0,0.6931471805599453,1,,,,,0,2,1,4,4,5,1.0,0.0,0.6931471805599453,1.9459101490553132,0.14285714285714285,0.14285714285714285,-0.3333333333333333,,0,0,0,0,0,0,0,2.0,0.5,,0,,,0.0,0.0,,1.0986122886681098,0,0,0,,,0,0,0,0,0,0,0,0,0,,0,0,0,0,,,,,,,,,,,,,,,True,,,,,,,,True,0,,True,,,,,0,,,,,,,False,,0.0,0.0,0.5,0.0,True,2,False,False,,True,False,,True,False,,True,False,,True,False,,True,1,1,0.07304517336419017,4,0,632,0,True,0.17705,0.17705008140418854,0.2630011431720023,0.26165396400272967,0.9615384615384616,0.189873,False,4,2,0.002735825941342088,0.0006236704867006262,0.0,0.0,2,0,0,1.3862943611198906,0.4375,3,0.6065037829899521,7.115971424392407,,52,0.6645161290322581,0.32142857142857145,0.7232142857142857,0.8928571428571429,0.32142857142857145,,,,,,,2026-01-01,,
concept:ddc1301a8da2819afc968af5,Quantum-safe encryption,2023-01-01,2023-01-01,2021-03-01,671,2,3,1,0.0,,True,1.0986122886681098,1.0986122886681098,0.4054651081081644,1.3862943611198906,0.0,0.0,0.0,0.0,1.0986122886681098,1.7371980724307585,0.14285714285714285,0.08695652173913043,0.0,0,1,2,-0.0,0.6931471805599453,1,,,,,0,0,0,0,2,7,1.0,0.0,,,,,,,0,0,0,0,0,0,0,3.0,0.6666666666666666,1.0,1,0.0,0.0,0.0,0.4054651081081645,,1.3862943611198906,0,0,0,,,0,0,0,0,0,0,0,0,0,,0,0,0,0,,,,,,,,,,,,,,,True,,,,,,,,True,0,,True,,,,,0,,,,,,,False,,0.0,0.0,0.3333333333333333,0.3333333333333333,True,2,False,False,,True,False,,True,False,,True,False,,True,False,,True,1,1,0.17858696541315572,1,2,28,3,False,0.05316,0.03553146324146028,0.05154797106817832,0.059238977389874735,2.5,0.464286,False,3,3,0.0017867141592891283,0.001469890841092909,0.0,0.0,3,3,0,1.4750763110546947,0.13425925925925952,0,0.1980426528730844,6.1210297514626255,,54,0.6516129032258065,0.32142857142857145,0.7232142857142857,0.4107142857142857,0.4642857142857143,,,,,,,2026-01-01,,
concept:4d6f83d3da0d93315fda8352,Quantum-safe cryptographic algorithms,2023-04-01,2023-04-01,2022-04-06,360,2,2,2,1.0986122886681098,,True,-0.6931471805599453,0.0,1.0986122886681098,1.0986122886681098,1.0986122886681098,0.0,0.0,0.0,-0.6931471805599453,-0.2519763153394848,0.2857142857142857,0.15384615384615385,0.0,179,1,2,-0.0,0.6931471805599453,1,,,,,0,1,0,1,5,2,1.0,,-0.0,0.6931471805599453,0.5,0.5,-1.0,,0,0,0,0,0,0,0,2.0,0.5,1.0,1,0.0,0.0,0.0,0.0,,1.0986122886681098,0,0,0,,,0,0,0,0,0,0,0,0,0,,0,0,0,0,,,,,,,,,,,,,,,True,,,,,,,,True,0,,True,,,,,0,,,,,,,False,,0.0,0.0,0.5,0.5,True,2,False,False,,True,False,,True,False,,True,False,,True,False,,True,1,1,0.0,7,0,672,0,True,0.035531,0.03553146324146028,0.16807419163998316,0.044590010067379636,1.2758620689655173,0.220238,False,5,5,0.001699734650092408,0.001699734650092408,0.0010363476555888425,0.0010363476555888425,4,4,1,1.7193391211724212,0.5366666666666666,0,0.9227119950291993,5.044771507215403,,50,0.6774193548387097,0.325,0.8583333333333333,0.4083333333333333,0.1,,,,,,,2026-04-01,,
concept:4d95499f713e6b5c1d8d3532,post-quantum cryptographic assemblages,2023-04-01,2023-04-01,2021-09-03,575,2,4,1,0.0,,True,-0.6931471805599453,0.6931471805599453,-0.6931471805599453,1.6094379124341003,0.0,0.0,0.0,0.0,0.6931471805599453,-0.4558423058385518,0.2857142857142857,0.1,0.6666666666666667,90,1,1,-0.0,-0.0,1,,,,,0,2,1,3,3,2,0.0,1.0,0.6365141682948128,2.1458417525947544,0.12396694214876033,0.18181818181818182,-0.3333333333333333,1.0,0,1,0,0,0,0,0,4.0,0.75,0.3888888888888889,1,0.0,0.0,0.0,2.251291798606495,,1.6094379124341003,0,0,0,,,0,0,0,0,0,0,0,0,0,,0,0,0,0,,,,,,,,,,,,,,,True,,,,,,,,True,0,1,False,,0,,,0,,,,,,,False,1.0,0.0,0.0,0.25,0.0,True,2,False,False,,True,False,,True,False,,True,False,,True,False,,True,1,1,0.10700924479478903,5,0,672,0,True,0.081905,0.0819045116874253,0.15202059129766865,0.09980024543810688,1.2758620689655173,0.220238,False,0,0,0.00024254183846713563,-6.798502210630402e-05,0.0,0.0,0,0,0,,,2,,7.588870177039993,,48,0.6903225806451613,0.325,0.6833333333333333,0.8916666666666667,0.1,,,,,,,2026-04-01,,
concept:95a554207168ef357bcfef73,Blockchain architecture for agricultural data integrity with smart contracts,2023-04-01,2023-04-01,2019-08-29,1311,2,2,1,0.6931471805599453,,True,-0.6931471805599453,0.6931471805599453,0.6931471805599453,0.0,0.6931471805599453,0.0,0.0,0.0,0.6931471805599453,-0.13363062095621217,0.14285714285714285,0.041666666666666664,0.0,162,1,2,-0.0,0.6931471805599453,1,,,,,0,2,0,3,5,6,1.0,0.0,0.6931471805599453,1.0986122886681096,0.3333333333333333,0.3333333333333333,-1.0,,0,0,0,0,0,0,0,2.0,0.5,1.0,1,0.0,0.0,0.0,0.916290731874155,,1.0986122886681098,0,0,0,,,0,0,0,0,0,0,0,0,0,,0,0,0,0,,,,,,,,,,,,,,,True,,,,,,,,True,0,,True,,,,,0,,,,,,,False,,0.0,0.0,0.5,0.0,True,2,False,False,,True,False,,True,False,,True,False,,True,False,,True,1,1,0.07304517336419017,4,1,283,3,True,0.125419,0.12541916863648406,0.12357033989764044,0.13628813747594498,0.8271604938271605,0.169611,False,0,0,0.00024254183846713563,-6.798502210630402e-05,0.0,0.0,0,0,0,,,0,,4.734770533647244,,52,0.6645161290322581,0.325,0.6833333333333333,0.4083333333333333,0.38333333333333336,,,,,,,2026-04-01,,
concept:a43bef3c8030e77c3f1fe77f,Large Language Models (LLMs),2023-04-01,2023-04-01,2023-01-01,90,4,5,4,1.6094379124341003,,True,-1.791759469228055,1.791759469228055,1.791759469228055,1.791759469228055,1.6094379124341003,0.0,0.0,0.0,1.791759469228055,-0.5455447255899809,0.14285714285714285,0.25,0.0,90,1,3,-0.0,1.0397207708399179,1,,,,,0,3,3,5,7,16,1.0,,0.9502705392332347,2.1639556568820564,0.12000000000000002,0.2,-0.5,1.0,0,0,0,0,0,0,0,5.0,1.0,1.0,2,0.0,0.0,0.0,0.0,,1.791759469228055,0,0,0,,,0,0,0,0,0,0,0,0,0,,0,0,0,0,,,,,,,,,,,,,,,True,,,,,,,,True,0,,True,,,,,0,,,,,,,False,,0.0,0.0,0.0,0.0,True,4,False,False,,True,False,,True,False,,True,False,,True,False,,True,1,1,0.0,18,2,18,3,True,0.195708,0.17796160066207145,0.12603566465464,0.1865975236272922,13.0,0.555556,True,9,9,0.0020665276728597114,0.0020665276728597114,6.83306146542094e-05,6.83306146542094e-05,8,8,0,1.654144366239278,0.6404320987654322,10,1.0593671481316365,6.559395523857776,,49,0.6838709677419355,0.825,0.9916666666666667,0.9833333333333333,0.8166666666666667,,,,,,,2026-04-01,,
concept:ddc1301a8da2819afc968af5,Quantum-safe encryption,2023-04-01,2023-04-01,2021-03-01,761,2,3,1,0.6931471805599453,,True,-1.0986122886681098,1.0986122886681098,1.0986122886681098,0.4054651081081644,0.6931471805599453,0.0,0.0,0.0,1.0986122886681098,-0.2519763153394848,0.14285714285714285,0.041666666666666664,0.0,90,1,2,-0.0,0.6931471805599453,1,,,,,0,0,0,0,2,7,1.0,0.0,,,,,,,0,0,0,0,0,0,0,3.0,0.6666666666666666,1.0,1,0.0,0.0,0.0,0.4054651081081645,,1.3862943611198906,0,0,0,,,0,0,0,0,0,0,0,0,0,,0,0,0,0,,,,,,,,,,,,,,,True,,,,,,,,True,0,,True,,,,,0,,,,,,,False,,0.0,0.0,0.3333333333333333,0.3333333333333333,True,2,False,False,,True,False,,True,False,,True,False,,True,False,,True,1,1,0.0,1,0,672,0,True,0.05316,0.02571622027663978,0.1894382854756944,0.045670727836134725,1.2758620689655173,0.220238,False,3,3,0.0011084064883267783,0.0007978796277533386,0.0,0.0,3,3,0,1.6674619334292946,0.2348148148148148,0,0.39154476510895286,6.162612803303811,,54,0.6516129032258065,0.325,0.6833333333333333,0.4083333333333333,0.45,,,,,,,2026-04-01,,
concept:035e4ee3e6c3d40ec3ab81c1,digital tokens,2023-07-01,2023-07-01,2021-02-08,873,3,4,1,0.6931471805599453,,True,0.6931471805599453,0.6931471805599453,0.6931471805599453,-0.6931471805599453,0.6931471805599453,0.0,0.0,0.0,0.6931471805599453,1.0,0.14285714285714285,0.041666666666666664,0.6666666666666667,0,1,3,-0.0,1.0986122886681096,1,,,,,0,1,0,1,5,6,1.0,0.0,-0.0,1.3862943611198906,0.25,0.25,-1.0,,0,0,0,0,0,0,0,4.0,0.75,1.0,1,0.0,0.0,0.0,0.0,,1.6094379124341003,0,0,0,,,0,0,0,0,0,0,0,0,0,,0,0,0,0,,,,,,,,,,,,,,,True,,,,,,,,True,0,,True,,,,,0,,,,,,,False,,0.0,0.0,0.25,0.0,True,3,False,False,,True,False,,True,False,,True,False,,True,False,,True,1,1,0.10700924479478903,1,1,160,3,True,0.121727,0.1217271124837842,0.12282366188568272,0.13553379758819292,0.46808510638297873,0.0875,False,15,0,0.0023311240588778834,-0.0005563648393561243,0.000694565124314958,0.0004057244759013053,14,0,0,2.4944253479047567,0.7805900034415151,0,1.9471234909055766,5.387930610185046,,49,0.6838709677419355,0.7063492063492064,0.7063492063492064,0.4126984126984127,0.31746031746031744,,,,,,,2026-07-01,,
concept:03fa31a739e5ec637ffcf961,Blockchain Smart Contracts,2023-07-01,2023-07-01,2021-04-18,804,3,3,0,-1.0986122886681098,,True,0.0,0.0,-1.0986122886681098,0.4054651081081644,-1.0986122886681098,0.0,0.0,0.0,0.6931471805599453,-0.2519763153394848,0.14285714285714285,0.08333333333333333,1.0,530,1,3,-0.0,1.0986122886681096,0,,,,,0,5,0,9,8,12,,0.0,1.6094379124341005,2.772588722239781,0.0625,0.0625,-1.0,,0,0,0,0,0,0,0,3.0,0.6666666666666666,1.0,3,0.0,0.0,0.0,1.01160091167848,,1.3862943611198906,0,0,0,,,0,0,0,0,0,0,0,0,0,,0,0,0,0,,,,,,,,,,,,,,,True,,,,,,,,True,0,,True,,,,,0,,,,,,,False,,0.0,0.0,0.3333333333333333,0.0,True,3,False,False,,True,False,,True,False,,True,False,,True,False,,True,1,1,0.0,0,2,92,2,False,0.076342,0.07634242517866574,0.08640290438601572,0.09285300702903662,0.4375,0.097826,False,1,0,0.0015821533106558025,-0.00036963745737386483,0.0,0.0,1,0,0,1.0986122886681096,0.0,0,0.0,5.784937975046517,,50,0.6774193548387097,0.7063492063492064,0.30158730158730157,0.4126984126984127,0.7380952380952381,,,,,,,2026-07-01,,
concept:04b7a6edd052154d7891cd68,Blockchain-based governance systems,2023-07-01,2023-07-01,2020-03-20,1198,2,2,0,0.0,,True,0.0,0.0,0.0,-1.0986122886681098,0.0,0.0,0.0,0.0,0.0,0.0,0.0,0.0,1.0,1121,1,2,-0.0,0.6931471805599453,0,,,,,0,2,0,5,4,3,,0.0,0.6931471805599453,1.9459101490553132,0.14285714285714285,0.14285714285714285,-1.0,,0,0,0,0,0,0,0,2.0,0.5,1.0,1,0.3333333333333333,0.0,0.0,0.6931471805599453,,1.0986122886681098,0,0,0,,,0,0,0,0,0,0,0,0,0,,0,0,0,0,,,,,,,,,,,,,,,True,,,,,,,,True,0,,True,,,,,0,,,,,,,False,,0.0,0.0,0.5,0.0,True,2,False,False,,True,False,,True,False,,True,False,,True,False,,True,1,1,0.23804628387473534,0,2,92,2,False,0.076769,0.07676852449223814,0.06695235864102589,0.08697514194711409,0.4375,0.097826,False,12,0,0.002391925341731102,-0.0005671204410560332,0.001296389267269005,-0.00117996825847037,6,0,0,2.507224832147019,0.7740305182967581,0,1.9406685363132594,4.706219844995081,,50,0.6774193548387097,0.31746031746031744,0.30158730158730157,0.4126984126984127,0.1746031746031746,,,,,,,2026-07-01,,
concept:0aeb4c903d44b57fc5daaec8,Permissionless blockchains,2023-07-01,2023-07-01,2020-06-05,1121,2,2,0,0.0,,True,0.0,0.0,0.0,-1.0986122886681098,0.0,0.0,0.0,0.0,0.0,0.0,0.0,0.0,1.0,873,1,2,-0.0,0.6931471805599453,0,,,,,0,1,0,2,4,4,,0.0,-0.0,1.0986122886681096,0.3333333333333333,0.3333333333333333,-1.0,,0,0,0,0,0,0,0,2.0,0.5,,0,,,0.0,0.0,,1.0986122886681098,0,0,0,,,0,0,0,0,0,0,0,0,0,,0,0,0,0,,,,,,,,,,,,,,,True,,,,,,,,True,0,,True,,,,,0,,,,,,,False,,0.0,0.0,0.5,0.0,True,2,False,False,,True,False,,True,False,,True,False,,True,False,,True,1,1,0.23804628387473534,0,2,92,2,False,0.092775,0.09277454658435247,0.09851453510566377,0.11016007282747212,0.4375,0.097826,False,19,0,0.002898540924707969,-0.0006925800244278958,0.00026721814600917296,-0.00037548355652163864,14,0,0,2.4594025190610216,0.8196441028588061,0,2.015834771304459,4.706219844995081,,53,0.6580645161290323,0.31746031746031744,0.30158730158730157,0.4126984126984127,0.21428571428571427,,,,,,,2026-07-01,,
concept:0b277c1a3496f770a45047b7,Smart contracts,2023-07-01,2023-07-01,2017-06-16,2206,27,36,2,-0.8472978603872037,,True,-0.6931471805599453,0.0,-0.9808292530117262,-0.262364264467491,-0.8472978603872037,0.0,0.0,0.0,0.40546510810816444,-0.8504200642707614,0.2857142857142857,0.2916666666666667,0.7777777777777778,99,1,24,-0.0,3.1224245983330614,1,,,,,0,20,0,49,21,95,1.0,0.0,2.7832074120394936,4.196734366800129,0.015671493751239832,0.04225352112676056,-1.0,,0,0,0,0,0,0,0,36.0,0.9722222222222222,0.8888888888888888,2,0.0,0.0,0.0,1.2039728043259361,,3.6109179126442243,0,0,0,,,0,0,0,0,0,0,0,0,0,,0,0,0,0,,,,,,,,,,,,,,,True,,,,,,,,True,0,1,False,,0,,,0,,,,,,,False,,0.0,0.0,0.027777777777777776,0.0,True,27,False,False,,True,False,,True,False,,True,False,,True,False,,True,1,1,0.014999390253433166,11,2,92,2,False,0.044113,0.0441133114819261,0.10778018603748163,0.08418133845331408,0.4375,0.097826,False,67,10,0.013706988363262673,-0.0008364887241383481,0.013749545051879452,-0.0034048266920740835,14,0,1,2.1088884438493114,0.9531688447969325,17,2.010126761829449,6.908656510888052,,47,0.6967741935483871,0.9920634920634921,0.8809523809523809,0.4126984126984127,0.9920634920634921,,,,,,,2026-07-01,,
concept:0d7232702532f8b6d41de997,Bitcoin,2023-07-01,2023-07-01,2015-05-01,2983,15,20,1,0.0,,True,0.0,-1.0986122886681098,0.4054651081081644,-0.2231435513142097,0.0,0.0,0.0,0.0,-2.1972245773362196,-0.3585685828003181,0.2857142857142857,0.08333333333333333,0.6666666666666667,353,1,15,-0.0,2.70805020110221,1,,,,,0,13,0,26,12,41,1.0,0.0,2.5126585295298014,3.4965075614664802,0.030303030303030307,0.030303030303030304,-1.0,,0,0,0,0,0,0,0,20.0,0.95,,0,,,0.0,0.0,,3.044522437723423,0,0,0,,,0,0,0,0,0,0,0,0,0,,0,0,0,0,,,,,,,,,,,,,,,True,,,,,,,,True,0,,True,,,,,0,,,,,,,False,,0.0,0.0,0.05,0.0,True,15,False,False,,True,False,,True,False,,True,False,,True,False,,True,1,1,0.3922053198326959,2,1,160,3,True,0.077696,0.07769583823888815,0.12786226492725206,0.11176948319088043,0.46808510638297873,0.0875,False,20,0,0.0046560756182200385,-0.0011007108173939654,0.003286351422961089,-0.0025500561410615025,6,0,0,2.535020302670597,0.8576230913851395,0,2.174091948700449,6.28858056883575,,52,0.6645161290322581,0.9761904761904762,0.7063492063492064,0.4126984126984127,0.9603174603174603,,,,,,,2026-07-01,,
concept:106fa46d38b22d2405a73883,permissioned blockchains,2023-07-01,2023-07-01,2019-02-19,1593,3,3,0,-0.6931471805599453,,True,0.0,0.0,-0.6931471805599453,0.0,-0.6931471805599453,0.0,0.0,0.0,0.6931471805599453,-0.13363062095621217,0.14285714285714285,0.041666666666666664,1.0,471,1,3,-0.0,1.0986122886681096,0,,,,,0,5,0,8,6,7,,0.0,1.6094379124341005,2.3978952727983707,0.09090909090909091,0.09090909090909091,-1.0,,0,0,0,0,0,0,0,3.0,0.6666666666666666,1.0,1,0.0,0.0,0.0,0.0,,1.3862943611198906,0,0,0,,,0,0,0,0,0,0,0,0,0,,0,0,0,0,,,,,,,,,,,,,,,True,,,,,,,,True,0,,True,,,,,0,,,,,,,False,,0.0,0.0,0.3333333333333333,0.0,True,3,False,False,,True,False,,True,False,,True,False,,True,False,,True,1,1,0.09217274646050577,0,2,92,2,False,0.015191,0.015191107108913138,0.08813305156002449,0.06945183057266222,0.4375,0.097826,False,7,0,0.0014905806398785397,-0.00035598613469633024,3.7464421856988645e-05,-2.60971926929133e-05,6,0,0,2.6288632829558796,0.6487174579245518,0,1.70538950615033,5.979390216784777,,50,0.6774193548387097,0.7063492063492064,0.30158730158730157,0.4126984126984127,0.4126984126984127,,,,,,,2026-07-01,,
concept:13caba336fca3f2b0ff55127,Entanglement,2023-07-01,2023-07-01,2008-03-03,5598,3,3,0,-0.6931471805599453,,True,0.0,0.0,-0.6931471805599453,0.6931471805599453,-0.6931471805599453,0.0,0.0,0.0,0.0,-0.13363062095621217,0.14285714285714285,0.041666666666666664,1.0,575,1,3,-0.0,1.0986122886681096,0,,,,,0,2,0,3,4,6,,0.0,0.6931471805599453,1.3862943611198906,0.25,0.25,-1.0,,0,0,0,0,0,0,0,3.0,0.6666666666666666,1.0,1,0.0,0.0,0.0,0.0,,1.3862943611198906,0,0,0,,,0,0,0,0,0,0,0,0,0,,0,0,0,0,,,,,,,,,,,,,,,True,,,,,,,,True,0,,True,,,,,0,,,,,,,False,,0.0,0.0,0.3333333333333333,0.0,True,3,False,False,,True,False,,True,False,,True,False,,True,False,,True,1,1,0.09217274646050577,0,2,10,3,False,0.132954,0.13295366204975356,0.1625466969323237,0.20307995214950453,0.5,0.1,False,7,0,0.0016371762414806954,-0.00038249242920901545,0.00016113910884107027,9.924468418100182e-05,6,0,1,1.2469826398977568,0.6102891156462585,0,0.7610199325294389,5.51286516150842,,50,0.6774193548387097,0.7063492063492064,0.30158730158730157,0.4126984126984127,0.31746031746031744,,,,,,,2026-07-01,,
concept:14510a07ea0bd646b6ce4eb1,Transfer learning,2023-07-01,2023-07-01,2020-07-25,1071,2,2,0,0.0,,True,0.0,0.0,0.0,-1.0986122886681098,0.0,0.0,0.0,0.0,0.0,0.0,0.0,0.0,1.0,814,1,2,-0.0,0.6931471805599453,0,,,,,0,2,0,4,5,5,,0.0,0.6931471805599453,1.6094379124341005,0.20000000000000004,0.2,-1.0,,0,0,0,0,0,0,0,2.0,0.0,,0,,,0.0,0.0,,1.0986122886681098,0,0,0,,,0,0,0,0,0,0,0,0,0,,0,0,0,0,,,,,,,,,,,,,,,True,,,,,,,,True,0,,True,,,,,0,,,,,,,False,,0.5,0.0,1.0,0.0,True,2,False,False,,True,False,,True,False,,True,False,,True,False,,True,1,1,0.23804628387473534,0,1,213,3,True,0.187548,0.1875482759722651,0.14518097430382748,0.19462816473273653,2.2916666666666665,0.220657,False,14,0,0.001956531993367556,-0.0004537205352636814,0.0021170344989119923,-0.0024218899761596943,10,0,2,2.2345849816769094,0.7890385580598106,0,1.7631737118044568,6.01985501888182,,53,0.6580645161290323,0.31746031746031744,0.30158730158730157,0.4126984126984127,0.24603174603174602,,,,,,,2026-07-01,,
concept:1c2db47f9f6a46eb053a4bc2,Quantum Key Distribution (QKD),2023-07-01,2023-07-01,2020-09-28,1006,5,6,4,1.6094379124341003,,True,0.0,-0.2876820724517809,1.791759469228055,1.0986122886681098,1.6094379124341003,0.0,0.0,0.0,-1.6739764335716716,0.34188172937891387,0.2857142857142857,0.16666666666666666,0.0,86,1,5,-0.0,1.6094379124341005,1,,,,,0,9,3,7,6,34,1.0,0.0,2.1639556568820564,2.70805020110221,0.06666666666666667,0.06666666666666667,0.0,1.0,0,0,0,1,0,0,0,6.0,0.8333333333333334,1.0,2,0.0,0.0,0.0,0.8472978603872034,,1.9459101490553132,0,0,0,,,0,0,0,0,0,0,0,0,0,,0,0,0,0,,,,,,,,,,,,,,,True,,,,,,,,True,0,1,False,,1,,,0,,,,,,,False,,0.0,0.0,0.16666666666666666,0.0,True,5,False,False,,True,False,,True,False,,True,False,,True,False,,True,1,1,0.0,8,1,70,3,True,0.08958,0.07578161627760738,0.11025222540964963,0.11560384941797477,1.3333333333333333,0.285714,False,10,10,0.0027469574516530326,0.0024541888364485826,0.0007501303342601547,0.0007501303342601547,6,6,1,1.948810157249236,0.72742,5,1.417603484586239,6.240564816183616,,46,0.7032258064516129,0.8650793650793651,0.9761904761904762,0.9841269841269841,0.9444444444444444,,,,,,,2026-07-01,,
concept:22d489ee0d0acd24c9c97262,Code-based cryptography,2023-07-01,2023-07-01,2021-12-01,577,4,4,2,0.0,,True,0.0,1.0986122886681098,0.0,1.6094379124341003,0.0,0.0,0.0,0.0,1.791759469228055,0.47809144373375745,0.42857142857142855,0.2,0.0,8,1,4,-0.0,1.3862943611198906,1,,,,,0,3,0,6,5,10,1.0,0.0,1.0986122886681096,1.791759469228055,0.16666666666666666,0.16666666666666666,-1.0,,0,0,0,0,1,0,0,4.0,0.75,1.0,1,0.0,0.0,0.0,0.0,,1.6094379124341003,0,0,0,,,0,0,0,0,0,0,0,0,0,,0,0,0,0,,,,,,,,,,,,,,,True,,,,,,,,True,0,,True,,,,,0,,,,,,,False,,0.0,0.0,0.25,0.0,True,4,False,False,,True,False,,True,False,,True,False,,True,False,,True,1,1,0.34873150258179014,7,1,70,3,True,0.088181,0.0881809338603694,0.07532902510182127,0.09379312108304264,1.3333333333333333,0.285714,False,16,4,0.003116134825577919,7.807580354816284e-05,0.0005621347072789061,0.00017701384272736907,8,0,0,1.760953123195196,0.7854076041223781,0,1.383065973460558,4.909903906669331,,49,0.6838709677419355,0.8015873015873016,0.8809523809523809,0.4126984126984127,0.5714285714285714,,,,,,,2026-07-01,,
concept:24e1f5dfcd426ad1fef169cb,Convolutional Neural Networks,2023-07-01,2023-07-01,2018-01-01,2007,5,7,0,-0.6931471805599453,,True,0.0,0.0,-0.6931471805599453,-0.916290731874155,0.0,-0.6931471805599453,0.0,0.0,0.0,-0.13363062095621217,0.14285714285714285,0.041666666666666664,1.0,635,2,3,0.5004024235381879,0.9502705392332347,0,,1372,,,1,7,1,10,8,20,,0.0,1.8310204811135162,3.193148394810263,0.04252400548696845,0.07407407407407407,-0.5,,0,0,0,0,0,0,0,6.666666666666667,1.0,1.0,2,0.0,0.0,0.0,0.5108256237659905,,1.3862943611198904,0,0,0,,,0,0,0,0,0,0,0,0,0,,0,0,1,0,,,,,,,,,,,,,,,True,,,,,,,,True,0,,True,,,,,1,0.0,,,0,,,False,,0.2,0.0,0.0,0.0,True,4,False,True,1,False,False,,True,False,,True,False,,True,False,,True,2,2,0.13825911969075866,0,2,26,3,True,0.03266,0.03266001684173392,0.05652198851753043,0.06732388461370213,2.5,0.307692,False,73,0,0.0031396712546129333,-0.0006733612984560077,0.0018482377958021034,6.791344203819008e-05,39,0,1,2.089361273199476,0.9462397471519484,0,1.9770366828613453,4.95095664112957,,46,0.7032258064516129,0.8650793650793651,0.30158730158730157,0.8968253968253969,0.8650793650793651,,,,,,,2026-07-01,,
concept:2503e5798f4ba2f3313005ad,Post-Quantum Cryptography (PQC),2023-07-01,2023-07-01,2019-03-16,1568,5,5,3,0.6931471805599453,,True,-0.6931471805599453,-0.40546510810816444,0.6931471805599453,1.6094379124341003,0.6931471805599453,0.0,0.0,0.0,-1.5040773967762742,-0.4558423058385518,0.2857142857142857,0.125,0.0,91,1,5,-0.0,1.6094379124341005,1,,,,,0,4,1,4,8,14,1.0,0.0,1.3862943611198906,1.6094379124341005,0.20000000000000004,0.2,-0.5,1.0,0,0,0,0,0,0,0,5.0,1.0,,0,,,0.0,0.0,,1.791759469228055,0,0,0,,,0,0,0,0,0,0,0,0,0,,0,0,0,0,,,,,,,,,,,,,,,True,,,,,,,,True,0,,True,,,,,0,,,,,,,False,,0.0,0.0,0.0,0.0,True,5,False,False,,True,False,,True,False,,True,False,,True,False,,True,1,1,0.11913154659444304,9,1,70,3,True,0.03651,0.03651015442352268,0.052711270677248234,0.05835167330377607,1.3333333333333333,0.285714,False,25,16,0.004647639977512845,0.002380749750446747,0.0028282691862105093,0.0024018853718855934,10,2,3,1.9173245617127401,0.8687483516988063,4,1.665672552659579,5.889461698782318,,51,0.6709677419354838,0.8650793650793651,0.9603174603174603,0.8968253968253969,0.7857142857142857,,,,,,,2026-07-01,,
concept:3d756ff3fc05b7ef030f2903,Initial Crypto-asset Offerings (ICOs),2023-07-01,2023-07-01,2018-01-01,2007,3,4,0,0.0,,True,0.0,0.0,0.0,-1.0986122886681098,0.0,0.0,0.0,0.0,0.0,0.0,0.0,0.0,1.0,1198,1,2,-0.0,0.6365141682948128,0,,,,,0,1,0,3,5,3,,0.0,-0.0,1.5607104090414063,0.2222222222222222,0.3333333333333333,-1.0,,2,0,0,0,0,0,0,4.0,0.75,1.0,1,0.0,0.0,0.25,0.916290731874155,,1.6094379124341003,0,0,0,,,0,0,0,0,0,0,0,0,0,,0,0,0,0,,,,,,,,,,,,,,,True,,,,,,,,True,0,,True,,,,,0,,,,,,,False,0.5,0.3333333333333333,0.0,0.25,0.0,True,3,False,False,,True,False,,True,False,,True,False,,True,False,,True,1,1,0.34873150258179014,0,3,3,1,False,0.136312,0.13631249661055356,0.15724131577713885,0.1619163715304891,0.0,0.0,False,7,0,0.0015604662481195164,-0.00036672455621252517,9.184135415227503e-05,-1.005669648938739e-05,6,0,0,1.4843071366586966,0.562302628534407,0,0.8346298044955645,5.347325807329443,,49,0.6838709677419355,0.7063492063492064,0.30158730158730157,0.4126984126984127,0.1746031746031746,,,,,,,2026-07-01,,
concept:4b7dac0abb9474e4424253c0,quantum simulators,2023-07-01,2023-07-01,2017-09-01,2129,2,2,0,-0.6931471805599453,,True,0.0,0.0,-0.6931471805599453,0.6931471805599453,-0.6931471805599453,0.0,0.0,0.0,0.0,-0.13363062095621217,0.14285714285714285,0.041666666666666664,1.0,575,1,2,-0.0,0.6931471805599453,0,,,,,0,7,1,6,3,9,,0.0,1.9459101490553132,2.6390573296152584,0.07142857142857142,0.07142857142857142,-0.3333333333333333,,0,0,0,0,0,0,0,2.0,0.5,,0,,,0.0,0.0,,1.0986122886681098,0,0,0,,,0,0,0,0,0,0,0,0,0,,0,0,0,0,,,,,,,,,,,,,,,True,,,,,,,,True,0,,True,,,,,0,,,,,,,False,,0.5,0.0,0.5,0.0,True,2,False,False,,True,False,,True,False,,True,False,,True,False,,True,1,1,0.07304517336419017,0,0,689,0,True,0.124999,0.12499868842435724,0.22629452164737307,0.15642317481106766,1.1456953642384107,0.194485,False,20,0,0.002824436439285557,-0.0006598712633599712,0.0004389651585670535,-0.00015934761314694154,14,0,1,1.0718529685711655,0.8216799886621315,0,0.8807201350630274,4.583161952894944,,53,0.6580645161290323,0.31746031746031744,0.30158730158730157,0.8968253968253969,0.5079365079365079,,,,,,,2026-07-01,,
concept:4d6f83d3da0d93315fda8352,Quantum-safe cryptographic algorithms,2023-07-01,2023-07-01,2022-04-06,451,2,2,1,0.0,,True,0.0,-0.6931471805599453,0.0,1.0986122886681098,0.0,0.0,0.0,0.0,-0.6931471805599453,-0.2519763153394848,0.2857142857142857,0.125,0.5,270,1,2,-0.0,0.6931471805599453,1,,,,,0,1,0,1,5,2,1.0,0.0,-0.0,0.6931471805599453,0.5,0.5,-1.0,,0,0,0,0,0,0,0,2.0,0.5,1.0,1,0.0,0.0,0.0,0.0,,1.0986122886681098,0,0,0,,,0,0,0,0,0,0,0,0,0,,0,0,0,0,,,,,,,,,,,,,,,True,,,,,,,,True,0,,True,,,,,0,,,,,,,False,,0.0,0.0,0.5,0.5,True,2,False,False,,True,False,,True,False,,True,False,,True,False,,True,1,1,0.23804628387473534,4,2,10,3,False,0.035531,0.03553146324146028,0.035986375436803386,0.044590010067379636,3.0,0.5,True,5,1,0.0016572412413238603,0.00021546024184290096,0.001277999828739523,0.001277999828739523,4,0,1,1.7193391211724212,0.5366666666666666,0,0.9227119950291993,4.987587846343195,,49,0.6838709677419355,0.31746031746031744,0.7063492063492064,0.4126984126984127,0.0873015873015873,,,,,,,2026-07-01,,
concept:4d95499f713e6b5c1d8d3532,post-quantum cryptographic assemblages,2023-07-01,2023-07-01,2021-09-03,666,2,4,1,0.0,,True,0.0,-0.6931471805599453,-0.6931471805599453,1.6094379124341003,0.0,0.0,0.0,0.0,-1.3862943611198906,-0.4558423058385518,0.14285714285714285,0.08695652173913043,0.6666666666666667,181,1,1,-0.0,-0.0,1,,,,,0,2,1,3,3,2,0.0,1.0,0.6365141682948128,2.1458417525947544,0.12396694214876033,0.18181818181818182,-0.3333333333333333,1.0,0,1,0,0,0,0,0,4.0,0.75,0.3888888888888889,1,0.0,0.0,0.0,2.251291798606495,,1.6094379124341003,0,0,0,,,0,0,0,0,0,0,0,0,0,,0,0,0,0,,,,,,,,,,,,,,,True,,,,,,,,True,0,1,False,,0,,,0,,,,,,,False,1.0,0.0,0.0,0.25,0.0,True,2,False,False,,True,False,,True,False,,True,False,,True,False,,True,1,1,0.10700924479478903,5,1,70,3,True,0.081905,0.0819045116874253,0.08325237963527299,0.09980024543810688,1.3333333333333333,0.285714,False,0,0,0.00023732299659837044,-5.544561860607966e-05,0.0,0.0,0,0,0,,,2,,7.612106873645018,,48,0.6903225806451613,0.31746031746031744,0.7063492063492064,0.8968253968253969,0.0873015873015873,,,,,,,2026-07-01,,
concept:557e9abff89cccdb902c8bcb,Central Bank Digital Currency,2023-07-01,2023-07-01,2017-08-01,2160,14,19,1,-0.6931471805599453,,True,-0.6931471805599453,0.6931471805599453,-1.0986122886681098,-0.5389965007326869,-0.6931471805599453,0.0,0.0,0.0,1.791759469228055,-0.628970902033151,0.2857142857142857,0.16666666666666666,0.9,166,1,9,-0.0,2.069202465820362,1,,,,,0,12,1,20,12,61,1.0,0.0,2.306336270507494,3.8345432264998096,0.02292899408284024,0.057692307692307696,-0.7777777777777778,,0,1,0,0,0,0,0,19.0,0.9473684210526315,1.0,5,0.03571428571428571,0.0,0.0,1.5755363607584192,,2.995732273553991,2,2,0,0.0,0.0,0,0,0,0,0,0,0,0,0,,0,0,1,0,,,,,,,,,,,,,,,True,,,,,,,,True,0,4,False,,0,0,1096,0,,,,,,,False,1.0,0.14285714285714285,0.0,0.05263157894736842,0.0,True,14,False,False,,True,False,,True,False,,True,False,,True,False,,True,1,1,0.0,3,2,11,2,False,0.076789,0.07678873022097044,0.07106541416984369,0.11703480620089872,0.3333333333333333,0.0,False,13,0,0.0032166007110839448,-0.0007514923492080564,0.00020003475580270794,9.000022307369736e-05,9,0,0,1.2150441209820224,0.7715318869165022,0,0.9374452833480625,6.337590328423673,,42,0.7290322580645161,0.9603174603174603,0.7063492063492064,0.8968253968253969,0.9761904761904762,,,,,,,2026-07-01,,
concept:55d343acdad2eb88c776adbd,quantum teleportation,2023-07-01,2023-07-01,2011-07-29,4355,2,2,0,-0.6931471805599453,,True,0.0,0.0,-0.6931471805599453,0.6931471805599453,-0.6931471805599453,0.0,0.0,0.0,0.0,-0.13363062095621217,0.14285714285714285,0.041666666666666664,1.0,575,1,2,-0.0,0.6931471805599453,0,,,,,0,2,0,2,3,5,,0.0,0.6931471805599453,0.6931471805599453,0.5,0.5,-1.0,,0,0,0,0,0,0,0,2.0,0.5,1.0,1,0.0,0.0,0.0,0.0,,1.0986122886681098,0,0,0,,,0,0,0,0,0,0,0,0,0,,0,0,0,0,,,,,,,,,,,,,,,True,,,,,,,,True,0,,True,,,,,0,,,,,,,False,,0.0,0.0,0.5,0.0,True,2,False,False,,True,False,,True,False,,True,False,,True,False,,True,1,1,0.07304517336419017,0,2,10,3,False,0.140815,0.12709828941101842,0.16992498279131363,0.14954000031169473,0.5,0.1,False,6,0,0.0012834496556488003,-0.0002998515151384042,0.0,0.0,6,0,1,1.2469826398977568,0.5087671642731166,0,0.6344238215985867,4.583161952894944,,50,0.6774193548387097,0.31746031746031744,0.30158730158730157,0.4126984126984127,0.24603174603174602,,,,,,,2026-07-01,,
concept:5de150762390026bbc0d0b16,Public Key Infrastructure (PKI),2023-07-01,2023-07-01,2021-01-01,911,3,3,1,0.6931471805599453,,True,0.0,-0.6931471805599453,0.6931471805599453,-0.40546510810816444,0.6931471805599453,0.0,0.0,0.0,-1.3862943611198906,-0.13363062095621217,0.14285714285714285,0.041666666666666664,0.5,270,1,3,-0.0,1.0986122886681096,1,,,,,0,4,1,6,6,18,1.0,0.0,1.3862943611198906,2.3025850929940455,0.10000000000000002,0.1,-0.5,,0,0,0,0,0,0,0,3.0,0.6666666666666666,,0,,,0.0,0.0,,1.3862943611198906,0,0,0,,,0,0,0,0,0,0,0,0,0,,0,0,0,0,,,,,,,,,,,,,,,True,,,,,,,,True,0,,True,,,,,0,,,,,,,False,,0.0,0.0,0.3333333333333333,0.0,True,3,False,False,,True,False,,True,False,,True,False,,True,False,,True,1,1,0.09217274646050577,4,0,689,0,True,0.061643,0.06164275706756728,0.18523663121844214,0.13845699934862035,1.1456953642384107,0.194485,False,4,1,0.0021209606750979245,-0.0007422060440206513,0.000927939006084784,0.000927939006084784,2,0,0,1.660947433286918,0.59375,0,0.9861875385141076,5.0003477661354365,,52,0.6645161290322581,0.7063492063492064,0.7063492063492064,0.8968253968253969,0.8412698412698413,,,,,,,2026-07-01,,
concept:5e02152b1284507f34a33e29,Post-Quantum Cryptography (PQC) frameworks,2023-07-01,2023-07-01,2021-12-01,577,2,2,0,-1.0986122886681098,,True,0.0,0.0,-1.0986122886681098,1.0986122886681098,-1.0986122886681098,0.0,0.0,0.0,0.6931471805599453,-0.2519763153394848,0.2857142857142857,0.1,1.0,366,1,2,-0.0,0.6931471805599453,0,,,,,0,2,0,3,2,3,,0.0,0.6931471805599453,1.0986122886681096,0.3333333333333333,0.3333333333333333,-1.0,,0,0,0,0,0,0,0,2.0,0.5,1.0,2,0.0,0.0,0.0,1.2039728043259361,,1.0986122886681098,0,0,0,,,0,0,0,0,0,0,0,0,0,,0,0,0,0,,,,,,,,,,,,,,,True,,,,,,,,True,0,1,False,,0,,,0,,,,,,,False,,0.0,0.0,0.5,0.0,True,2,False,False,,True,False,,True,False,,True,False,,True,False,,True,1,1,0.0,0,0,689,0,True,0.061792,0.06179157855311346,0.15516448308188813,0.10000609830523222,1.1456953642384107,0.194485,False,12,0,0.002383120603410578,-0.0006549384186191783,0.0004723042845341715,8.718341998263451e-05,8,0,0,1.782047155905169,0.743994140625,0,1.3258326423108915,3.5468082999412793,,48,0.6903225806451613,0.31746031746031744,0.30158730158730157,0.4126984126984127,0.1746031746031746,,,,,,,2026-07-01,,
concept:5fb16a1a8ff4e9aff6af6e7a,Ethereum,2023-07-01,2023-07-01,2018-12-19,1655,6,6,1,0.6931471805599453,,True,0.0,-0.6931471805599453,0.6931471805599453,-0.6931471805599453,0.6931471805599453,0.0,0.0,0.0,-1.3862943611198906,-0.13363062095621217,0.14285714285714285,0.041666666666666664,0.6666666666666667,353,1,4,-0.0,1.242453324894,1,,,,,0,4,0,8,5,24,1.0,0.0,1.242453324894,2.707269709784813,0.07407407407407407,0.16666666666666666,-1.0,,0,0,0,0,0,0,0,6.0,1.0,1.0,1,0.0,0.0,0.0,0.6931471805599453,,1.9459101490553132,0,0,0,,,0,0,0,0,0,0,0,0,0,,0,0,0,0,,,,,,,,,,,,,,,True,,,,,,,,True,0,,True,,,,,0,,,,,,,False,,0.0,0.0,0.0,0.0,True,6,False,False,,True,False,,True,False,,True,False,,True,False,,True,1,1,0.12938080672773425,2,2,92,2,False,0.106547,0.10654651301600493,0.09634944790138955,0.11776877364774055,0.4375,0.097826,False,14,0,0.003154919605077966,-0.000751481173978566,0.00038022479376784553,-0.00025697667068891734,5,0,0,2.6884391746387624,0.7862784109966061,0,2.1138616822959935,5.062846808436703,,49,0.6838709677419355,0.9285714285714286,0.7063492063492064,0.4126984126984127,0.9047619047619048,,,,,,,2026-07-01,,
concept:61fb037953fb5a64d06e7325,Compressed sensing for QST,2023-07-01,2023-07-01,2019-09-12,1388,2,2,0,0.0,,True,0.0,0.0,0.0,-1.0986122886681098,0.0,0.0,0.0,0.0,0.0,0.0,0.0,0.0,1.0,1303,1,1,-0.0,-0.0,0,,,,,0,4,0,4,7,11,,0.0,1.3321790402101223,2.5400363038209806,0.08163265306122448,0.14285714285714285,-1.0,,0,0,0,0,0,0,0,2.0,0.5,1.0,1,0.0,0.0,0.0,0.4054651081081645,,1.0986122886681098,0,0,0,,,0,0,0,0,0,0,0,0,0,,0,0,0,0,,,,,,,,,,,,,,,True,,,,,,,,True,0,,True,,,,,0,,,,,,,False,,0.0,0.0,0.5,0.0,True,2,False,False,,True,False,,True,False,,True,False,,True,False,,True,1,1,0.23804628387473534,0,0,689,0,True,0.201541,0.20154119396240122,0.2195091259791473,0.20563913413016072,1.1456953642384107,0.194485,False,70,0,0.002762815217580857,-0.0005870085993037095,0.0007424901178926902,-4.064628301456467e-05,39,0,1,2.087194309729469,0.9439463994756889,0,1.970199553675278,4.50960956348639,,50,0.6774193548387097,0.31746031746031744,0.30158730158730157,0.4126984126984127,0.6587301587301587,,,,,,,2026-07-01,,
concept:66868c041e38c29fe52136cf,Long Short-Term Memory,2023-07-01,2023-07-01,2019-09-12,1388,2,2,0,0.0,,True,0.0,0.0,0.0,-1.0986122886681098,0.0,0.0,0.0,0.0,0.0,0.0,0.0,0.0,1.0,1303,1,1,-0.0,-0.0,0,,,,,0,4,0,4,7,11,,0.0,1.3321790402101223,2.5400363038209806,0.08163265306122448,0.14285714285714285,-1.0,,0,0,0,0,0,0,0,2.0,0.5,1.0,1,0.0,0.0,0.0,0.0,,1.0986122886681098,0,0,0,,,0,0,0,0,0,0,0,0,0,,0,0,0,0,,,,,,,,,,,,,,,True,,,,,,,,True,0,,True,,,,,0,,,,,,,False,,0.0,0.0,0.5,0.0,True,2,False,False,,True,False,,True,False,,True,False,,True,False,,True,1,1,0.23804628387473534,0,3,3,2,False,0.094087,0.09408677332800908,0.14098244255712622,0.12871529930112013,0.0,0.0,False,70,0,0.002762815217580857,-0.0005870085993037095,0.0007424901178926902,-4.064628301456467e-05,39,0,1,2.087194309729469,0.9439463994756889,0,1.970199553675278,4.50960956348639,,50,0.6774193548387097,0.31746031746031744,0.30158730158730157,0.4126984126984127,0.6587301587301587,,,,,,,2026-07-01,,
concept:6cce4b340a543f6c0ab8dc31,Generative Adversarial Networks,2023-07-01,2023-07-01,2019-09-12,1388,2,5,0,0.0,,True,0.0,0.0,0.0,-1.791759469228055,0.0,0.0,0.0,0.0,0.0,0.0,0.0,0.0,1.0,1303,1,1,-0.0,-0.0,0,,,,,0,4,0,4,7,11,,0.0,1.3321790402101223,2.5400363038209806,0.08163265306122448,0.14285714285714285,-1.0,,0,0,0,0,0,0,0,5.0,1.0,1.0,1,0.0,0.0,0.0,0.0,,1.791759469228055,0,0,0,,,0,0,0,0,0,0,0,0,0,,0,0,0,0,,,,,,,,,,,,,,,True,,,,,,,,True,0,,True,,,,,0,,,,,,,False,,0.0,0.0,0.0,0.0,True,2,False,False,,True,False,,True,False,,True,False,,True,False,,True,1,1,0.38823676709842325,0,1,213,3,True,0.049466,0.04946592443215825,0.14611537138057196,0.13826499105982565,2.2916666666666665,0.220657,False,70,0,0.002762815217580857,-0.0005870085993037095,0.0007424901178926902,-4.064628301456467e-05,39,0,1,2.087194309729469,0.9439463994756889,0,1.970199553675278,4.50960956348639,,50,0.6774193548387097,0.31746031746031744,0.30158730158730157,0.4126984126984127,0.6587301587301587,,,,,,,2026-07-01,,
concept:6ec797f97ab98c88883b12d1,Scaling solutions for blockchain,2023-07-01,2023-07-01,2020-01-01,1277,2,2,0,0.0,,True,0.0,0.0,0.0,-1.0986122886681098,0.0,0.0,0.0,0.0,0.0,0.0,0.0,0.0,1.0,1277,1,2,-0.0,0.6931471805599453,0,,,,,0,3,0,4,3,7,,0.0,1.0986122886681096,1.791759469228055,0.16666666666666666,0.16666666666666666,-1.0,,0,0,0,0,0,0,0,2.0,0.5,1.0,2,0.0,0.0,0.0,0.0,,1.0986122886681098,1,1,0,0.0,0.0,0,0,0,0,0,0,0,0,0,,0,0,0,0,,,,,,,,,,,,,,,True,,,,,,,,True,0,,True,,,,,0,,,,,,,False,,0.0,0.0,0.5,0.0,True,2,False,False,,True,False,,True,False,,True,False,,True,False,,True,1,1,0.23804628387473534,0,2,92,2,False,0.148136,0.14813608216931407,0.1257242891065702,0.1684177870684981,0.4375,0.097826,False,1,0,0.0012186856835495969,-0.0002847207502516438,0.0,0.0,1,0,0,1.0986122886681096,0.0,0,0.0,3.7748631637465717,,48,0.6903225806451613,0.31746031746031744,0.30158730158730157,0.4126984126984127,0.4126984126984127,,,,,,,2026-07-01,,
concept:7113d535db62e0caa78e5dd4,Lightning Network,2023-07-01,2023-07-01,2020-07-16,1080,2,2,0,-0.6931471805599453,,True,0.0,0.0,-0.6931471805599453,0.0,-0.6931471805599453,0.0,0.0,0.0,0.0,-0.13363062095621217,0.0,0.041666666666666664,1.0,656,1,2,-0.0,0.6931471805599453,0,,,,,0,2,0,4,3,3,,0.0,0.6931471805599453,2.3025850929940455,0.10000000000000002,0.1,-1.0,,0,0,0,0,0,0,0,2.0,0.5,,0,,,0.0,0.0,,1.0986122886681098,0,0,0,,,0,0,0,0,0,0,0,0,0,,0,0,0,0,,,,,,,,,,,,,,,True,,,,,,,,True,0,,True,,,,,0,,,,,,,False,,0.0,0.0,0.5,0.0,True,2,False,False,,True,False,,True,False,,True,False,,True,False,,True,1,1,0.07304517336419017,0,1,160,3,True,0.133923,0.13392314929033355,0.11571122772884268,0.1408824866169991,0.46808510638297873,0.0875,False,13,0,0.0027652782996516814,-0.0006460501853582617,0.0002500434447533849,-0.00014883173638927842,7,0,1,1.0986122886681096,0.7378134685826994,0,0.8105709433297957,3.95078862459965,,53,0.6580645161290323,0.31746031746031744,0.30158730158730157,0.4126984126984127,0.1746031746031746,,,,,,,2026-07-01,,
concept:7a18693b7a4a5b259de48c9f,Gradient Boosting with XGBoost,2023-07-01,2023-07-01,2017-02-16,2326,2,2,0,0.0,,True,0.0,0.0,0.0,-0.6931471805599453,0.0,0.0,0.0,0.0,0.0,0.0,0.0,0.0,1.0,1071,1,2,-0.0,0.6931471805599453,0,,,,,0,7,0,6,6,21,,0.0,1.9061547465398494,2.0794415416798357,0.125,0.125,-1.0,,0,0,0,0,0,0,0,2.0,1.0,,0,,,0.0,0.0,,1.0986122886681098,0,0,0,,,0,0,0,0,0,0,0,0,0,,0,0,0,0,,,,,,,,,,,,,,,True,,,,,,,,True,0,,True,,,,,0,,,,,,,False,,0.5,0.0,0.0,0.0,True,2,False,False,,True,False,,True,False,,True,False,,True,False,,True,1,1,0.23804628387473534,0,1,213,3,True,0.199533,0.19953321331354723,0.16702001539035005,0.21667000879702095,2.2916666666666665,0.220657,False,8,0,0.002065219321453039,-0.00048181174068354484,0.0008001390232108318,-0.0009672906587489007,4,0,0,2.0635752116755373,0.6449896364795918,0,1.3309846256269016,6.10079641452323,,53,0.6580645161290323,0.31746031746031744,0.30158730158730157,0.4126984126984127,0.8809523809523809,,,,,,,2026-07-01,,
concept:7ad9361ee152b83a52687d53,tokenization,2023-07-01,2023-07-01,2019-01-01,1642,2,6,0,0.0,,True,0.0,0.0,0.0,-1.791759469228055,0.0,0.0,0.0,0.0,0.0,0.0,0.0,0.0,1.0,1198,1,1,-0.0,-0.0,0,,,,,0,1,0,3,4,2,,0.0,-0.0,1.5607104090414063,0.2222222222222222,0.3333333333333333,-1.0,,0,0,0,0,0,0,0,6.0,1.0,1.0,1,0.0,0.0,0.0,0.0,,1.9459101490553132,0,0,0,,,0,0,0,0,0,0,0,0,0,,0,0,0,0,,,,,,,,,,,,,,,True,,,,,,,,True,0,,True,,,,,0,,,,,,,False,,0.5,0.0,0.0,0.0,True,2,False,False,,True,False,,True,False,,True,False,,True,False,,True,1,1,0.4216379923242304,0,3,3,1,False,0.131778,0.13177778187181954,0.1367397095251709,0.1704863890551379,0.0,0.0,False,7,0,0.0015604662481195164,-0.00036672455621252517,9.184135415227503e-05,-1.005669648938739e-05,6,0,0,1.5853722711633438,0.562302628534407,0,0.8914589952807109,4.805859345121018,,50,0.6774193548387097,0.31746031746031744,0.30158730158730157,0.4126984126984127,0.0873015873015873,,,,,,,2026-07-01,,
concept:807a77a866f91e433a96eb19,Sharding in blockchain,2023-07-01,2023-07-01,2020-01-01,1277,2,2,0,-0.6931471805599453,,True,0.0,0.0,-0.6931471805599453,0.0,-0.6931471805599453,0.0,0.0,0.0,0.0,-0.13363062095621217,0.14285714285714285,0.041666666666666664,1.0,560,1,2,-0.0,0.6931471805599453,0,,,,,0,3,0,5,3,10,,0.0,1.0986122886681096,2.0794415416798357,0.125,0.125,-1.0,,0,0,0,0,1,0,0,2.0,0.5,1.0,2,0.0,0.0,0.0,0.2876820724517808,,1.0986122886681098,0,0,0,,,0,0,0,0,0,0,0,0,0,,0,0,0,0,,,,,,,,,,,,,,,True,,,,,,,,True,0,,True,,,,,0,,,,,,,False,,0.0,0.0,0.5,0.0,True,2,False,False,,True,False,,True,False,,True,False,,True,False,,True,1,1,0.07304517336419017,0,2,92,2,False,0.165031,0.16503055165934555,0.13259820690075386,0.16957500904600972,0.4375,0.097826,False,2,0,0.0023090885648682138,-0.0005394708716183047,0.0,-6.877158295563161e-06,1,0,0,1.0986122886681096,0.5,0,0.5493061443340548,3.7748631637465717,,50,0.6774193548387097,0.31746031746031744,0.30158730158730157,0.4126984126984127,0.5714285714285714,,,,,,,2026-07-01,,
concept:8207f97d85118a779365d576,distributed metaverse architecture with ternary-world interactions,2023-07-01,2023-07-01,2022-03-06,482,2,2,0,-1.0986122886681098,,True,0.0,0.0,-1.0986122886681098,1.0986122886681098,-1.0986122886681098,0.0,0.0,0.0,1.0986122886681098,-0.2519763153394848,0.14285714285714285,0.11764705882352941,1.0,446,1,1,-0.0,-0.0,0,,,,,0,2,0,4,1,7,,0.0,0.6931471805599453,1.3862943611198906,0.25,0.25,-1.0,,0,0,0,0,0,0,0,2.0,0.5,,0,,,0.5,0.0,,1.0986122886681098,0,0,0,,,0,0,0,0,0,0,0,0,0,,0,0,0,0,,,,,,,,,,,,,,,True,,,,,,,,True,0,,True,,,,,0,,,,,,,False,,0.0,0.0,0.5,0.0,True,2,False,False,,True,False,,True,False,,True,False,,True,False,,True,1,1,0.0,0,0,689,0,True,0.221081,0.2210814520012213,0.19698545262293088,0.22816138903154667,1.1456953642384107,0.194485,False,0,0,0.00023732299659837044,-5.544561860607966e-05,0.0,0.0,0,0,0,,,0,,,,57,0.6322580645161291,0.31746031746031744,0.30158730158730157,0.4126984126984127,0.4126984126984127,,,,,,,2026-07-01,,
concept:83baf8b143644ea212d7dca0,Decentralized Autonomous Organization (DAO),2023-07-01,2023-07-01,2019-01-01,1642,3,4,0,0.0,,True,0.0,0.0,0.0,-1.3862943611198906,0.0,0.0,0.0,0.0,0.0,0.0,0.0,0.0,1.0,785,1,2,-0.0,0.6365141682948128,0,,,,,0,6,0,9,4,16,,0.0,1.7478680974667573,2.6156305770275505,0.07555555555555556,0.13333333333333333,-1.0,,0,0,0,0,0,0,0,4.0,0.75,1.0,1,0.0,0.0,0.33333333333333337,0.0,,1.6094379124341003,0,0,0,,,0,0,0,0,0,0,0,0,0,,0,0,0,0,,,,,,,,,,,,,,,True,,,,,,,,True,0,,True,,,,,0,,,,,,,False,,0.3333333333333333,0.0,0.25,0.25,True,3,False,False,,True,False,,True,False,,True,False,,True,False,,True,1,1,0.34873150258179014,0,1,160,3,True,0.060927,0.060926890447156046,0.1426123951031779,0.1198813566217967,0.46808510638297873,0.0875,False,10,0,0.002251888519749136,-0.0005294461139128221,0.0004466649090880307,-0.0005160166787362788,6,0,0,2.0329740415449757,0.7105027777777777,0,1.4444337036678205,4.805859345121018,,50,0.6774193548387097,0.7063492063492064,0.30158730158730157,0.4126984126984127,0.8174603174603174,,,,,,,2026-07-01,,
concept:84e312752933249e48c068e4,CryptoNote with ring signatures,2023-07-01,2023-07-01,2019-01-01,1642,2,2,0,0.0,,True,0.0,0.0,0.0,-0.6931471805599453,0.0,0.0,0.0,0.0,0.0,0.0,0.0,0.0,1.0,918,1,2,-0.0,0.6931471805599453,0,,,,,0,3,1,4,3,10,,0.0,1.0986122886681096,2.0794415416798357,0.125,0.125,-0.3333333333333333,,0,0,0,0,0,0,0,2.0,0.5,,0,,,0.0,0.0,,1.0986122886681098,0,0,0,,,0,0,0,0,0,0,0,0,0,,0,0,0,0,,,,,,,,,,,,,,,True,,,,,,,,True,0,,True,,,,,0,,,,,,,False,,0.0,0.0,0.5,0.0,True,2,False,False,,True,False,,True,False,,True,False,,True,False,,True,1,1,0.23804628387473534,0,0,689,0,True,0.16878,0.16878016033015264,0.19622447980771662,0.18971385398391613,1.1456953642384107,0.194485,False,19,0,0.0025903133756198984,-0.0006051732430207932,0.00044452167956157316,-0.00014003677556129548,15,0,0,1.1361226774845592,0.812190674053555,0,0.9227482432337138,4.888592196852996,,53,0.6580645161290323,0.31746031746031744,0.30158730158730157,0.8968253968253969,0.5714285714285714,,,,,,,2026-07-01,,
concept:8d5512b13f658f9330a469f4,Post-Quantum Cryptography,2023-07-01,2023-07-01,2017-01-01,2372,5,6,2,0.4054651081081644,,True,0.0,-1.0986122886681098,0.0,0.9162907318741551,0.4054651081081644,0.0,0.0,0.0,-2.1972245773362196,-0.4558423058385518,0.2857142857142857,0.08333333333333333,0.0,181,1,5,-0.0,1.6094379124341005,1,,,,,0,5,0,7,7,12,1.0,0.0,1.5607104090414063,2.0794415416798357,0.125,0.125,-1.0,,0,0,0,0,0,0,0,6.0,0.8333333333333334,1.0,1,0.0,0.0,0.0,0.0,,1.9459101490553132,0,0,0,,,0,0,0,0,0,0,0,0,0,,0,0,0,0,,,,,,,,,,,,,,,True,,,,,,,,True,0,,True,,,,,0,,,,,,,False,,0.0,0.0,0.16666666666666666,0.0,True,5,False,False,,True,False,,True,False,,True,False,,True,False,,True,1,1,0.4216379923242304,0,2,10,3,False,0.03651,0.03651015442352268,0.03227553741961642,0.044254947247768794,3.0,0.5,True,22,9,0.004061471668947663,0.00046369046328015523,0.0019531171295736622,0.0011553667672883354,10,2,3,1.8620720031760045,0.8502100799030881,0,1.5831523866055741,5.324443736360432,,49,0.6838709677419355,0.8650793650793651,0.8809523809523809,0.4126984126984127,0.7380952380952381,,,,,,,2026-07-01,,
concept:923f0b4baec8ab4dd0059ec1,Blockchain Oracles,2023-07-01,2023-07-01,2019-01-01,1642,4,7,1,0.0,,True,0.0,-1.3862943611198906,0.6931471805599453,0.5108256237659907,0.0,0.0,0.0,0.0,-2.772588722239781,-0.4558423058385518,0.2857142857142857,0.08333333333333333,0.0,181,1,4,-0.0,1.3862943611198906,1,,,,,0,4,0,4,6,13,1.0,0.0,1.3862943611198906,1.3862943611198906,0.25,0.25,-1.0,,0,0,0,0,0,0,0,7.0,1.0,1.0,2,0.0,0.0,0.0,0.5108256237659905,,2.0794415416798357,0,0,0,,,0,0,0,0,0,0,0,0,0,,0,0,0,0,,,,,,,,,,,,,,,True,,,,,,,,True,0,,True,,,,,0,,,,,,,False,,0.0,0.0,0.0,0.0,True,4,False,False,,True,False,,True,False,,True,False,,True,False,,True,1,1,0.13825911969075866,2,2,92,2,False,0.12029,0.12028970631501068,0.11530868179146969,0.15167174387527643,0.4375,0.097826,False,4,1,0.0018040965651810487,0.00027752515587079266,0.0008668172751450677,0.000577976626731415,2,0,1,2.919023506060834,0.6699954054355091,0,1.9557323374190094,4.950762723168714,,49,0.6838709677419355,0.8015873015873016,0.7063492063492064,0.4126984126984127,0.7698412698412699,,,,,,,2026-07-01,,
concept:95a554207168ef357bcfef73,Blockchain architecture for agricultural data integrity with smart contracts,2023-07-01,2023-07-01,2019-08-29,1402,2,2,1,0.6931471805599453,,True,0.0,-0.6931471805599453,0.6931471805599453,0.0,0.6931471805599453,0.0,0.0,0.0,-1.3862943611198906,-0.13363062095621217,0.14285714285714285,0.041666666666666664,0.0,253,1,2,-0.0,0.6931471805599453,1,,,,,0,2,0,3,5,6,1.0,0.0,0.6931471805599453,1.0986122886681096,0.3333333333333333,0.3333333333333333,-1.0,,0,0,0,0,0,0,0,2.0,0.5,1.0,1,0.0,0.0,0.0,0.916290731874155,,1.0986122886681098,0,0,0,,,0,0,0,0,0,0,0,0,0,,0,0,0,0,,,,,,,,,,,,,,,True,,,,,,,,True,0,,True,,,,,0,,,,,,,False,,0.0,0.0,0.5,0.0,True,2,False,False,,True,False,,True,False,,True,False,,True,False,,True,1,1,0.07304517336419017,4,2,92,2,False,0.125419,0.12541916863648406,0.10558310690561878,0.13628813747594498,0.4375,0.097826,False,0,0,0.00023732299659837044,-5.544561860607966e-05,0.0,0.0,0,0,0,,,0,,4.748344419334375,,52,0.6645161290322581,0.31746031746031744,0.7063492063492064,0.4126984126984127,0.31746031746031744,,,,,,,2026-07-01,,
concept:9ab9bd643b56bf312569f4f1,Quorum,2023-07-01,2023-07-01,2020-01-01,1277,2,2,0,0.0,,True,0.0,0.0,0.0,-1.0986122886681098,0.0,0.0,0.0,0.0,0.0,0.0,0.0,0.0,1.0,746,1,2,-0.0,0.6931471805599453,0,,,,,0,2,0,5,3,12,,0.0,0.6931471805599453,1.791759469228055,0.16666666666666666,0.16666666666666666,-1.0,,0,0,0,0,0,0,0,2.0,0.5,,0,,,0.0,0.0,,1.0986122886681098,0,0,0,,,0,0,0,0,0,0,0,0,0,,0,0,0,0,,,,,,,,,,,,,,,True,,,,,,,,True,0,,True,,,,,0,,,,,,,False,,0.0,0.0,0.5,0.0,True,2,False,False,,True,False,,True,False,,True,False,,True,False,,True,1,1,0.23804628387473534,0,2,92,2,False,0.141977,0.14197694675785666,0.1216040241793126,0.1441502851482564,0.4375,0.097826,False,4,0,0.0010013508730775623,-0.00023850649655153913,0.0,0.0,4,0,0,3.079430730419256,0.6337864276223968,0,1.9517014017430483,3.7748631637465717,,53,0.6580645161290323,0.31746031746031744,0.30158730158730157,0.4126984126984127,0.7380952380952381,,,,,,,2026-07-01,,
concept:9bb6fee8598aa3c9504bf33e,Self Sovereign Identity (SSI) implementation for cloud data migration,2023-07-01,2023-07-01,2019-01-01,1642,2,3,0,-0.6931471805599453,,True,0.0,0.0,-0.6931471805599453,0.6931471805599453,-0.6931471805599453,0.0,0.0,0.0,0.0,-0.13363062095621217,0.14285714285714285,0.041666666666666664,1.0,593,1,2,-0.0,0.6931471805599453,0,,,,,0,4,0,8,4,11,,0.0,1.3862943611198906,2.3978952727983707,0.09090909090909091,0.09090909090909091,-1.0,,0,0,0,0,0,1,0,3.0,0.6666666666666666,1.0,1,0.0,0.0,0.0,0.916290731874155,,1.3862943611198906,0,0,0,,,0,0,0,0,0,0,0,0,0,,0,0,0,0,,,,,,,,,,,,,,,True,,,,,,,,True,0,3,False,,0,593,,0,,,,,,,False,,0.0,0.0,0.3333333333333333,0.0,True,2,False,False,,True,False,,True,False,,True,False,,True,False,,True,1,1,0.09217274646050577,0,0,689,0,True,0.136116,0.13611590249965555,0.1692341295183465,0.17696326376562754,1.1456953642384107,0.194485,False,5,0,0.0014190351844473913,-0.00033152827476988934,0.0001555825878465506,-5.073216102034422e-05,4,0,0,1.3522093992338282,0.5482202216066481,0,0.7413085365065618,4.3398593743280225,1.0,46,0.7032258064516129,0.31746031746031744,0.30158730158730157,0.4126984126984127,0.6587301587301587,,,,,,,2026-07-01,,
concept:9ce36fef7cf8af06a17f79a7,Recurrent Neural Networks (RNNs),2023-07-01,2023-07-01,2019-09-12,1388,2,3,0,0.0,,True,0.0,0.0,0.0,-1.3862943611198906,0.0,0.0,0.0,0.0,0.0,0.0,0.0,0.0,1.0,814,1,2,-0.0,0.6931471805599453,0,,,,,0,4,0,7,8,6,,0.0,1.3321790402101223,2.6390573296152584,0.07142857142857142,0.07142857142857142,-1.0,,0,0,0,0,0,0,0,3.0,0.3333333333333333,,0,,,0.0,0.0,,1.3862943611198906,0,0,0,,,0,0,0,0,0,0,0,0,0,,0,0,0,0,,,,,,,,,,,,,,,True,,,,,,,,True,0,,True,,,,,0,,,,,,,False,,0.0,0.0,0.6666666666666666,0.0,True,2,False,False,,True,False,,True,False,,True,False,,True,False,,True,1,1,0.3003809664473759,0,1,213,3,True,0.072001,0.07200093132212326,0.1360212690721021,0.10758748864755925,2.2916666666666665,0.220657,False,47,0,0.0024999803652678405,-0.0005649022520856591,0.000927939006084784,-0.0013140145982688063,38,0,2,2.236980871557035,0.9246942555877952,0,2.0685233617885697,5.192656685512311,,53,0.6580645161290323,0.31746031746031744,0.30158730158730157,0.4126984126984127,0.31746031746031744,,,,,,,2026-07-01,,
concept:a43bef3c8030e77c3f1fe77f,Large Language Models (LLMs),2023-07-01,2023-07-01,2023-01-01,181,6,8,6,1.9459101490553132,,True,1.3862943611198906,-0.40546510810816444,2.1972245773362196,2.1972245773362196,1.9459101490553132,0.0,0.0,0.0,-2.1972245773362196,1.745743121887939,0.2857142857142857,0.42857142857142855,0.0,12,1,4,-0.0,1.3296613488547582,1,,,,,0,5,3,9,9,24,1.0,,1.4270610433807247,2.685945324669788,0.0703125,0.125,-0.6,1.0,0,0,0,0,0,0,0,8.0,1.0,1.0,2,0.0,0.0,0.0,0.5108256237659905,,2.1972245773362196,0,0,0,,,0,0,0,0,0,0,0,0,0,,0,0,0,0,,,,,,,,,,,,,,,True,,,,,,,,True,0,,True,,,,,0,,,,,,,False,,0.0,0.0,0.0,0.0,True,6,False,False,,True,False,,True,False,,True,False,,True,False,,True,1,1,0.0,26,4,4,1,False,0.177962,0.09201398957002882,0.08609842795914213,0.16585877604676175,8.0,0.75,False,10,10,0.0023216980405815916,0.0023216980405815916,0.00014446954585751128,0.00014446954585751128,8,8,1,1.7770332013812693,0.67375,19,1.19727611943063,6.9984932025163396,,49,0.6838709677419355,0.9285714285714286,0.9920634920634921,0.9841269841269841,0.9047619047619048,,,,,,,2026-07-01,,
concept:af4b571954770e8cad1c2545,Recurrent Neural Networks,2023-07-01,2023-07-01,2014-01-01,3468,3,5,0,0.0,,True,0.0,0.0,0.0,-1.6094379124341003,0.0,0.0,0.0,0.0,0.0,0.0,0.0,0.0,1.0,1303,1,2,-0.0,0.6365141682948128,0,,,,,0,5,0,6,8,18,,0.0,1.5498260458782016,2.685945324669788,0.0703125,0.125,-1.0,,0,0,0,0,0,0,0,5.0,1.0,0.0,0,0.0,0.0,0.0,0.6931471805599453,,1.791759469228055,0,0,0,,,0,0,0,0,0,0,0,0,0,,0,0,0,0,,,,,,,,,,,,,,,True,,,,,,,,True,0,,True,,,,,0,,,,,,,False,,0.0,0.0,0.0,0.0,True,3,False,False,,True,False,,True,False,,True,False,,True,False,,True,1,1,0.38823676709842325,0,1,213,3,True,0.072001,0.07200093132212326,0.11248914502285667,0.1003578140789491,2.2916666666666665,0.220657,False,71,0,0.0029927139952672386,-0.0006401158328974855,0.0009425248736953981,-0.00014320649221663605,39,0,1,2.087194309729469,0.945305114332088,0,1.973035455592099,5.002776418931498,,50,0.6774193548387097,0.7063492063492064,0.30158730158730157,0.4126984126984127,0.8412698412698413,,,,,,,2026-07-01,,
concept:b41e4c95c176cb788d9d1c8e,Echo state networks / reservoir computers,2023-07-01,2023-07-01,2019-09-12,1388,2,4,0,0.0,,True,0.0,0.0,0.0,-1.6094379124341003,0.0,0.0,0.0,0.0,0.0,0.0,0.0,0.0,1.0,1303,1,1,-0.0,-0.0,0,,,,,0,4,0,4,7,11,,0.0,1.3321790402101223,2.5400363038209806,0.08163265306122448,0.14285714285714285,-1.0,,0,0,0,0,0,0,0,4.0,0.75,,0,,,0.0,0.0,,1.6094379124341003,0,0,0,,,0,0,0,0,0,0,0,0,0,,0,0,0,0,,,,,,,,,,,,,,,True,,,,,,,,True,0,,True,,,,,0,,,,,,,False,,0.0,0.0,0.25,0.0,True,2,False,False,,True,False,,True,False,,True,False,,True,False,,True,1,1,0.34873150258179014,0,1,213,3,True,0.166112,0.16611192916718687,0.172645662372374,0.18715841978924413,2.2916666666666665,0.220657,False,70,0,0.002762815217580857,-0.0005870085993037091,0.0007424901178926902,-4.064628301456467e-05,39,0,1,2.087194309729469,0.9439463994756889,0,1.970199553675278,4.50960956348639,,53,0.6580645161290323,0.31746031746031744,0.30158730158730157,0.4126984126984127,0.6587301587301587,,,,,,,2026-07-01,,
concept:b62d5f2a82c6b4b0ded3cca7,SPHINCS+,2023-07-01,2023-07-01,2022-04-06,451,2,2,0,-1.0986122886681098,,True,0.0,0.0,-1.0986122886681098,1.0986122886681098,-1.0986122886681098,0.0,0.0,0.0,1.0986122886681098,-0.2519763153394848,0.14285714285714285,0.125,1.0,366,1,2,-0.0,0.6931471805599453,0,,,,,0,1,0,1,5,2,,0.0,-0.0,-0.0,1.0,1.0,-1.0,,0,0,0,0,0,0,0,2.0,1.0,,0,,,0.0,0.0,,1.0986122886681098,0,0,0,,,0,0,0,0,0,0,0,0,0,,0,0,0,0,,,,,,,,,,,,,,,True,,,,,,,,True,0,,True,,,,,0,,,,,,,False,,0.0,0.0,0.0,0.0,True,2,False,False,,True,False,,True,False,,True,False,,True,False,,True,1,1,0.0,0,3,4,1,False,0.136871,0.1368710057633551,0.11120310678906131,0.15495334215045195,0.0,0.0,False,12,0,0.0026360840654470977,-0.0006092382466425161,0.0021003649359284332,0.0014264034229632436,8,0,1,2.049597122393795,0.7627195457175926,0,1.5632677860962803,4.9302980411023585,,53,0.6580645161290323,0.31746031746031744,0.30158730158730157,0.4126984126984127,0.0873015873015873,,,,,,,2026-07-01,,
concept:b86aa1218f95fb7096dc8475,Autoencoder,2023-07-01,2023-07-01,2019-09-12,1388,4,7,0,-0.6931471805599453,,True,0.0,0.0,-0.6931471805599453,-1.252762968495368,0.0,-0.6931471805599453,0.0,0.0,0.0,-0.13363062095621217,0.14285714285714285,0.041666666666666664,1.0,635,2,3,0.5623351446188083,1.0397207708399179,0,,753,,,1,4,0,7,10,15,,0.0,1.3296613488547582,2.8133554045006153,0.06172839506172839,0.1111111111111111,-1.0,,0,0,0,0,0,0,0,6.666666666666667,0.8571428571428571,,0,,,0.0,0.0,,1.3862943611198904,0,0,0,,,0,0,0,0,0,0,0,0,0,,0,0,0,0,,,,,,,,,,,,,,,True,,,,,,,,True,0,,True,,,,,1,0.0,,,0,,,False,,0.25,0.0,0.14285714285714285,0.0,True,3,False,True,1,False,False,,True,False,,True,False,,True,False,,True,2,2,0.13825911969075866,0,2,26,3,True,0.062157,0.06215667147784876,0.12781191587294682,0.13921584371006474,2.5,0.307692,False,80,0,0.0037846842787440118,-0.0008229049768457299,0.004543150478144141,-0.002511954288316717,39,0,2,2.221103827233489,0.9512660003879131,0,2.1128605541786873,5.283244128153604,,49,0.6838709677419355,0.8015873015873016,0.30158730158730157,0.4126984126984127,0.8015873015873016,,,,,,,2026-07-01,,
concept:d8a5923f333ca46d331f06b7,QR codes,2023-07-01,2023-07-01,2020-12-14,929,2,2,0,-0.6931471805599453,,True,0.0,0.0,-0.6931471805599453,0.0,-0.6931471805599453,0.0,0.0,0.0,0.6931471805599453,-0.13363062095621217,0.14285714285714285,0.041666666666666664,1.0,381,1,2,-0.0,0.6931471805599453,0,,,,,0,2,1,4,4,5,,0.0,0.6931471805599453,1.9459101490553132,0.14285714285714285,0.14285714285714285,-0.3333333333333333,,0,0,0,0,0,0,0,2.0,0.5,,0,,,0.0,0.0,,1.0986122886681098,0,0,0,,,0,0,0,0,0,0,0,0,0,,0,0,0,0,,,,,,,,,,,,,,,True,,,,,,,,True,0,,True,,,,,0,,,,,,,False,,0.0,0.0,0.5,0.0,True,2,False,False,,True,False,,True,False,,True,False,,True,False,,True,1,1,0.07304517336419017,0,1,50,3,True,0.17705,0.17705008140418854,0.2453352963631944,0.26165396400272967,1.2222222222222223,0.22,False,4,0,0.002525893881924176,-0.000590122958263539,1.111304198903933e-05,-1.6395591193213316e-05,2,0,0,1.3862943611198906,0.4375,0,0.6065037829899521,6.624342389958383,,53,0.6580645161290323,0.31746031746031744,0.30158730158730157,0.8968253968253969,0.24603174603174602,,,,,,,2026-07-01,,
concept:ddc1301a8da2819afc968af5,Quantum-safe encryption,2023-07-01,2023-07-01,2021-03-01,852,2,3,1,0.6931471805599453,,True,0.0,-1.0986122886681098,1.0986122886681098,0.4054651081081644,0.6931471805599453,0.0,0.0,0.0,-2.1972245773362196,-0.2519763153394848,0.14285714285714285,0.041666666666666664,0.0,181,1,2,-0.0,0.6931471805599453,1,,,,,0,0,0,0,2,7,1.0,0.0,,,,,,,0,0,0,0,0,0,0,3.0,0.6666666666666666,1.0,1,0.0,0.0,0.0,0.4054651081081645,,1.3862943611198906,0,0,0,,,0,0,0,0,0,0,0,0,0,,0,0,0,0,,,,,,,,,,,,,,,True,,,,,,,,True,0,,True,,,,,0,,,,,,,False,,0.0,0.0,0.3333333333333333,0.3333333333333333,True,2,False,False,,True,False,,True,False,,True,False,,True,False,,True,1,1,0.0,1,2,10,3,False,0.035531,0.02571622027663978,0.027883300335361683,0.045670727836134725,3.0,0.5,True,3,3,0.001086494723020323,0.0007937261078158729,0.0,0.0,3,3,0,1.6674619334292946,0.2348148148148148,0,0.39154476510895286,6.185865629556537,,54,0.6516129032258065,0.31746031746031744,0.7063492063492064,0.4126984126984127,0.4126984126984127,,,,,,,2026-07-01,,
concept:e03c3b611c6abb5279900ff5,Lattice-based cryptography,2023-07-01,2023-07-01,2017-01-01,2372,5,5,2,0.4054651081081644,,True,0.0,1.0986122886681098,0.4054651081081644,1.3862943611198906,0.4054651081081644,0.0,0.0,0.0,1.791759469228055,0.629940788348712,0.2857142857142857,0.125,0.0,8,1,5,-0.0,1.6094379124341005,1,,,,,0,4,0,5,7,11,1.0,0.0,1.3862943611198906,1.791759469228055,0.16666666666666666,0.16666666666666666,-1.0,,0,0,0,0,1,0,0,5.0,0.8,1.0,1,0.0,0.0,0.0,0.0,,1.791759469228055,0,0,0,,,0,0,0,0,0,0,0,0,0,,0,0,0,0,,,,,,,,,,,,,,,True,,,,,,,,True,0,,True,,,,,0,,,,,,,False,,0.0,0.0,0.2,0.0,True,5,False,False,,True,False,,True,False,,True,False,,True,False,,True,1,1,0.23082030435529682,6,1,70,3,True,0.051359,0.05135887536587602,0.10099226002383732,0.08821950254872495,1.3333333333333333,0.285714,False,15,4,0.002877087348381782,7.803086298438077e-05,0.003387625632992156,0.0020053168155839607,8,0,1,2.0059962650504697,0.8016613673370481,0,1.608129708713371,5.324443736360432,,49,0.6838709677419355,0.8650793650793651,0.8809523809523809,0.4126984126984127,0.6587301587301587,,,,,,,2026-07-01,,
concept:e0604d558c0850ed308056f5,DAICO,2023-07-01,2023-07-01,2019-01-01,1642,2,2,0,0.0,,True,0.0,0.0,0.0,-0.6931471805599453,0.0,0.0,0.0,0.0,0.0,0.0,0.0,0.0,1.0,1198,1,1,-0.0,-0.0,0,,,,,0,1,0,3,4,2,,0.0,-0.0,1.5607104090414063,0.2222222222222222,0.3333333333333333,-1.0,,0,0,0,0,0,0,0,2.0,0.5,1.0,1,0.0,0.0,0.0,0.4054651081081645,,1.0986122886681098,0,0,0,,,0,0,0,0,0,0,0,0,0,,0,0,0,0,,,,,,,,,,,,,,,True,,,,,,,,True,0,,True,,,,,0,,,,,,,False,,0.5,0.0,0.5,0.0,True,2,False,False,,True,False,,True,False,,True,False,,True,False,,True,1,1,0.23804628387473534,0,3,3,1,False,0.159986,0.15998600893692205,0.14906977774401287,0.17961026844455516,0.0,0.0,False,7,0,0.0015604662481195166,-0.00036672455621252474,9.184135415227503e-05,-1.005669648938739e-05,6,0,0,1.5853722711633438,0.562302628534407,0,0.8914589952807109,4.805859345121018,,50,0.6774193548387097,0.31746031746031744,0.30158730158730157,0.4126984126984127,0.0873015873015873,,,,,,,2026-07-01,,
concept:e0faced752653e6b046f4dc0,distributed corporate governance models,2023-07-01,2023-07-01,2019-01-01,1642,2,3,0,0.0,,True,0.0,0.0,0.0,-0.6931471805599453,0.0,0.0,0.0,0.0,0.0,0.0,0.0,0.0,1.0,1198,1,1,-0.0,-0.0,0,,,,,0,1,0,3,4,2,,0.0,-0.0,1.5607104090414063,0.2222222222222222,0.3333333333333333,-1.0,,0,0,0,0,0,0,0,3.0,0.6666666666666666,1.0,1,0.0,0.0,0.5,0.916290731874155,,1.3862943611198906,0,0,0,,,0,0,0,0,0,0,0,0,0,,0,0,0,0,,,,,,,,,,,,,,,True,,,,,,,,True,0,1,False,,0,,,0,,,,,,,False,,0.5,0.0,0.3333333333333333,0.0,True,2,False,False,,True,False,,True,False,,True,False,,True,False,,True,1,1,0.3003809664473759,0,1,160,3,True,0.095439,0.09543946790553659,0.09655443984524537,0.11918085691143059,0.46808510638297873,0.0875,False,7,0,0.0015604662481195166,-0.00036672455621252474,9.184135415227503e-05,-1.005669648938739e-05,6,0,0,1.5853722711633438,0.562302628534407,0,0.8914589952807109,4.805859345121018,,48,0.6903225806451613,0.31746031746031744,0.30158730158730157,0.4126984126984127,0.0873015873015873,,,,,,,2026-07-01,,
concept:e3403969af4ca848deff6b33,Proof-of-Work,2023-07-01,2023-07-01,2019-08-22,1409,2,2,0,-0.6931471805599453,,True,0.0,0.0,-0.6931471805599453,0.0,-0.6931471805599453,0.0,0.0,0.0,0.0,-0.13363062095621217,0.14285714285714285,0.041666666666666664,1.0,546,1,2,-0.0,0.6931471805599453,0,,,,,0,2,0,5,1,9,,0.0,0.6931471805599453,1.6094379124341005,0.20000000000000004,0.2,-1.0,,0,0,0,0,0,0,0,2.0,0.5,,0,,,0.0,0.0,,1.0986122886681098,0,0,0,,,0,0,0,0,0,0,0,0,0,,0,0,0,0,,,,,,,,,,,,,,,True,,,,,,,,True,0,,True,,,,,0,,,,,,,False,,0.0,0.0,0.5,0.0,True,2,False,False,,True,False,,True,False,,True,False,,True,False,,True,1,1,0.07304517336419017,0,2,92,2,False,0.133928,0.13392809848917775,0.16740473687305735,0.14592721685439472,0.4375,0.097826,False,9,0,0.002225024691778578,-0.000529641080510658,0.0008501477121615087,-0.0002364432985374708,7,0,1,2.6853985473648887,0.6803703024570966,0,1.8270654218884972,,,54,0.6516129032258065,0.31746031746031744,0.30158730158730157,0.4126984126984127,0.5079365079365079,,,,,,,2026-07-01,,
concept:eb0bcafb083efc730b15c720,Deep Neural Networks (DNNs),2023-07-01,2023-07-01,2018-01-01,2007,6,9,1,0.0,,True,-0.6931471805599453,0.6931471805599453,0.0,-0.5108256237659907,0.0,0.0,0.0,0.0,0.6931471805599453,-0.2519763153394848,0.14285714285714285,0.08333333333333333,0.75,111,1,4,-0.0,1.242453324894,1,,,,,0,8,1,11,14,25,1.0,0.0,1.9730014063936128,3.1514585102430295,0.044378698224852076,0.07692307692307693,-0.6666666666666666,,0,0,0,0,0,4,0,9.0,0.8888888888888888,1.0,1,0.0,0.1,0.0,1.7047480922384253,,2.302585092994046,0,0,0,,,0,0,0,0,0,0,0,0,0,,0,0,0,0,,,,,,,,,,,,,,,True,,,,,,,,True,0,,True,,,,,0,,,,,,,False,,0.0,0.0,0.1111111111111111,0.0,True,6,False,False,,True,False,,True,False,,True,False,,True,False,,True,1,1,0.49892198580547814,2,3,9,2,False,0.064395,0.06439452216339858,0.07422692260876351,0.0861862089089207,2.0,0.333333,False,73,0,0.0032388072365501248,-0.0006965015558890453,0.0022927594753636765,-0.00028531524068556345,39,0,1,2.0505222397733918,0.9467996807487453,0,1.9414338019856496,6.1667035586716095,1.0,48,0.6903225806451613,0.9285714285714286,0.7063492063492064,0.8968253968253969,0.9285714285714286,,,,,,,2026-07-01,,
concept:efec0a80b0dd3c913e604346,Blockchain technology for supply chain management,2023-07-01,2023-07-01,2018-09-11,1754,2,2,0,0.0,,True,0.0,0.0,0.0,0.0,0.0,0.0,0.0,0.0,0.0,0.0,0.0,0.0,1.0,1625,1,2,-0.0,0.6931471805599453,0,,,,,0,2,0,3,3,6,,0.0,0.6931471805599453,1.0986122886681096,0.3333333333333333,0.3333333333333333,-1.0,,0,0,0,0,0,1,0,2.0,0.5,1.0,2,0.0,0.0,0.0,0.6931471805599452,,1.0986122886681098,0,0,0,,,0,0,0,0,0,0,0,0,0,,0,0,0,0,,,,,,,,,,,,,,,True,,,,,,,,True,0,,True,,,,,0,,,,,,,False,,0.0,0.0,0.5,0.0,True,2,False,False,,True,False,,True,False,,True,False,,True,False,,True,1,1,0.23804628387473534,0,2,92,2,False,0.031493,0.031492933416595204,0.08861422857516721,0.06574739586693494,0.4375,0.097826,False,0,0,0.00023732299659837044,-5.544561860607966e-05,0.0,0.0,0,0,0,,,0,,4.770583551597277,1.0,52,0.6645161290322581,0.31746031746031744,0.30158730158730157,0.4126984126984127,0.31746031746031744,,,,,,,2026-07-01,,
concept:f013215dc64eae95ff3b257f,Hyperledger Fabric,2023-07-01,2023-07-01,2018-12-19,1655,2,2,0,0.0,,True,0.0,0.0,0.0,-0.6931471805599453,0.0,0.0,0.0,0.0,0.0,0.0,0.0,0.0,1.0,1277,1,2,-0.0,0.6931471805599453,0,,,,,0,2,0,4,3,11,,0.0,0.6931471805599453,1.791759469228055,0.16666666666666666,0.16666666666666666,-1.0,,0,0,0,0,0,0,0,2.0,0.5,,0,,,0.0,0.0,,1.0986122886681098,0,0,0,,,0,0,0,0,0,0,0,0,0,,0,0,0,0,,,,,,,,,,,,,,,True,,,,,,,,True,0,,True,,,,,0,,,,,,,False,,0.0,0.0,0.5,0.0,True,2,False,False,,True,False,,True,False,,True,False,,True,False,,True,1,1,0.23804628387473534,0,0,689,0,True,0.139201,0.1392009853258207,0.15594293312499707,0.15580706122711524,1.1456953642384107,0.194485,False,7,0,0.0016528345968820008,-0.00039260316350002715,0.00012641085262532237,-4.8956683911538225e-05,5,0,0,2.9532926658483056,0.6421886307953109,0,1.8965709734189569,3.7748631637465717,,53,0.6580645161290323,0.31746031746031744,0.30158730158730157,0.4126984126984127,0.6587301587301587,,,,,,,2026-07-01,,
concept:f6457451491d5f7f8c02f647,Searchable Encryption,2023-07-01,2023-07-01,2019-01-01,1642,2,2,0,0.0,,True,0.0,0.0,0.0,-0.6931471805599453,0.0,0.0,0.0,0.0,0.0,0.0,0.0,0.0,1.0,1277,1,1,-0.0,-0.0,0,,,,,0,1,0,3,2,10,,0.0,-0.0,1.5607104090414063,0.2222222222222222,0.3333333333333333,-1.0,,0,0,0,0,0,0,0,2.0,0.5,,0,,,0.0,0.0,,1.0986122886681098,0,0,0,,,0,0,0,0,0,0,0,0,0,,0,0,0,0,,,,,,,,,,,,,,,True,,,,,,,,True,0,,True,,,,,0,,,,,,,False,,0.0,0.0,0.5,0.0,True,2,False,False,,True,False,,True,False,,True,False,,True,False,,True,1,1,0.23804628387473534,0,0,689,0,True,0.138485,0.1384852512162531,0.20183516816698743,0.1853856119590352,1.1456953642384107,0.194485,False,8,0,0.0019053340066295978,-0.00045555972539054876,4.028477721026757e-05,7.41117010779394e-07,5,0,0,2.689068965275934,0.6564993579472611,0,1.7653720491795566,3.5468082999412793,,53,0.6580645161290323,0.31746031746031744,0.30158730158730157,0.4126984126984127,0.5714285714285714,,,,,,,2026-07-01,,
concept:fe7b4368262a85abf492e04a,Classifier systems,2023-07-01,2023-07-01,1988-01-01,12965,2,2,0,0.0,,True,0.0,0.0,0.0,0.0,0.0,0.0,0.0,0.0,0.0,0.0,0.0,0.0,1.0,11216,1,2,-0.0,0.6931471805599453,0,,,,,0,1,0,1,1,1,,0.0,-0.0,-0.0,1.0,1.0,-1.0,,0,0,0,0,1,0,0,2.0,0.5,1.0,2,0.0,0.0,0.0,0.0,,1.0986122886681098,0,0,0,,,0,0,0,0,0,0,0,0,0,,0,0,0,0,,,,,,,,,,,,,,,True,,,,,,,,True,0,,True,,,,,0,,,,,,,False,,0.0,0.0,0.5,0.0,True,2,False,False,,True,False,,True,False,,True,False,,True,False,,True,1,1,0.23804628387473534,0,2,24,3,True,0.212784,0.2127839750636138,0.1523868885100047,0.21923681244440613,0.0,0.0,False,1,0,0.0015821533106558025,-0.00036963745737386483,0.0,0.0,1,0,0,,0.0,0,,,,53,0.6580645161290323,0.31746031746031744,0.30158730158730157,0.4126984126984127,0.015873015873015872,,,,,,,2026-07-01,,
concept:fee3c4746be1409674d6be87,Keras,2023-07-01,2023-07-01,2017-07-28,2164,2,3,0,-0.6931471805599453,,False,0.0,0.0,-0.6931471805599453,0.6931471805599453,0.0,-0.6931471805599453,0.0,0.0,0.0,-0.13363062095621217,0.14285714285714285,0.041666666666666664,1.0,592,1,2,-0.0,0.6931471805599453,0,,,,,0,0,0,0,1,1,,0.0,,-0.0,1.0,1.0,,,0,0,0,0,0,0,0,2.0,0.6666666666666666,,0,,,0.0,0.0,,0.2876820724517808,0,0,0,,,0,0,0,0,0,0,0,0,0,,0,0,0,0,,,,,,,,,,,,,,,True,,,,,,,,True,0,,True,,,,,2,0.0,,,0,,,False,,1.0,0.0,0.3333333333333333,0.0,False,,True,True,2,False,False,,True,False,,True,False,,True,False,,True,1,1,0.09217274646050577,0,3,9,2,False,0.165932,0.16593199947030246,0.14769510800612595,0.17704042620785101,2.0,0.333333,False,1,0,0.0015821533106558025,-0.00036963745737386483,0.0,0.0,1,0,0,-0.0,0.0,0,0.0,,,54,0.6516129032258065,0.31746031746031744,0.30158730158730157,0.4126984126984127,0.015873015873015872,,,,,,,2026-07-01,,
