technology_id,technology,family_id,snapshot_date,horizon_end,document_count,first_seen_date,source_families,organizations,recent_document_ids,recent_documents,reviewer_state,reviewer_signal_36m,reviewer_trend_36m,evidence_notes
concept:035e4ee3e6c3d40ec3ab81c1,digital tokens,concept:035e4ee3e6c3d40ec3ab81c1,2021-07-01,2024-07-01,2,2021-02-08,scholarly,organization:51d2d131fcbe8b57626dbde6; organization:5ab2852f4099fc4f7f562195; organization:5d64ecd6492c74a3d684f697; organization:df286f7b791d4a8b279f7506,work:5e05295d4cf734b531a838e2; work:34bc6aee3282f7284a6256cb,"[{""document_id"": ""work:5e05295d4cf734b531a838e2"", ""title"": ""The digital tokenization of property rights. A comparative perspective"", ""url"": ""https://doi.org/10.1016/j.clsr.2021.105543"", ""date"": ""2021-04-24"", ""source_family"": ""scholarly"", ""original_language"": null}, {""document_id"": ""work:34bc6aee3282f7284a6256cb"", ""title"": ""Blockchain networks :"", ""url"": ""https://doi.org/10.6028/nist.ir.8301"", ""date"": ""2021-02-08"", ""source_family"": ""scholarly"", ""original_language"": null}]",,,,
concept:035e4ee3e6c3d40ec3ab81c1,digital tokens,concept:035e4ee3e6c3d40ec3ab81c1,2022-07-01,2025-07-01,2,2021-02-08,scholarly,organization:51d2d131fcbe8b57626dbde6; organization:5ab2852f4099fc4f7f562195; organization:5d64ecd6492c74a3d684f697; organization:df286f7b791d4a8b279f7506,work:5e05295d4cf734b531a838e2; work:34bc6aee3282f7284a6256cb,"[{""document_id"": ""work:5e05295d4cf734b531a838e2"", ""title"": ""The digital tokenization of property rights. A comparative perspective"", ""url"": ""https://doi.org/10.1016/j.clsr.2021.105543"", ""date"": ""2021-04-24"", ""source_family"": ""scholarly"", ""original_language"": null}, {""document_id"": ""work:34bc6aee3282f7284a6256cb"", ""title"": ""Blockchain networks :"", ""url"": ""https://doi.org/10.6028/nist.ir.8301"", ""date"": ""2021-02-08"", ""source_family"": ""scholarly"", ""original_language"": null}]",,,,
concept:035e4ee3e6c3d40ec3ab81c1,digital tokens,concept:035e4ee3e6c3d40ec3ab81c1,2023-07-01,2026-07-01,3,2021-02-08,scholarly,organization:51d2d131fcbe8b57626dbde6; organization:5ab2852f4099fc4f7f562195; organization:5d64ecd6492c74a3d684f697; organization:df286f7b791d4a8b279f7506,work:2a26609f23890327b9a8faba; work:5e05295d4cf734b531a838e2; work:34bc6aee3282f7284a6256cb,"[{""document_id"": ""work:2a26609f23890327b9a8faba"", ""title"": ""Digital Tokens: A Legal Perspective"", ""url"": ""https://doi.org/10.5089/9798400250149.001"", ""date"": ""2023-07-01"", ""source_family"": ""scholarly"", ""original_language"": null}, {""document_id"": ""work:5e05295d4cf734b531a838e2"", ""title"": ""The digital tokenization of property rights. A comparative perspective"", ""url"": ""https://doi.org/10.1016/j.clsr.2021.105543"", ""date"": ""2021-04-24"", ""source_family"": ""scholarly"", ""original_language"": null}, {""document_id"": ""work:34bc6aee3282f7284a6256cb"", ""title"": ""Blockchain networks :"", ""url"": ""https://doi.org/10.6028/nist.ir.8301"", ""date"": ""2021-02-08"", ""source_family"": ""scholarly"", ""original_language"": null}]",,,,
concept:03fa31a739e5ec637ffcf961,Blockchain Smart Contracts,concept:03fa31a739e5ec637ffcf961,2022-01-01,2025-01-01,2,2021-04-18,scholarly,organization:0b3e842820df50d93e88ee19; organization:1b9dcaf41eaf082bc647833b; organization:392dabd6de09d6603cda9c5a; organization:50c52c9b9f51537c8f28fd11; organization:5db693720a1beba8ab286139; organization:608afb9aa1f13e84558c200d; organization:6bd89e1e5def63234bc21126; organization:832bcc56337bf2416b3e721f; organization:99c2d65dd9fafb9e5ca310e3; organization:9d40a48eb7c62a31ec82cb02; organization:bb31a30d8c672f30b3055b47; organization:cecfe5b3b6b2be30cf91ed3b,work:5ad1a50850854b4d9fdb6a8e; work:947cd454a5db9f313dc83f98,"[{""document_id"": ""work:5ad1a50850854b4d9fdb6a8e"", ""title"": ""Formal Verification of Blockchain Smart Contracts via ATL Model Checking"", ""url"": ""https://doi.org/10.1109/access.2022.3143145"", ""date"": ""2022-01-01"", ""source_family"": ""scholarly"", ""original_language"": null}, {""document_id"": ""work:947cd454a5db9f313dc83f98"", ""title"": ""Blockchain smart contracts: Applications, challenges, and future trends"", ""url"": ""https://doi.org/10.1007/s12083-021-01127-0"", ""date"": ""2021-04-18"", ""source_family"": ""scholarly"", ""original_language"": null}]",,,,
concept:03fa31a739e5ec637ffcf961,Blockchain Smart Contracts,concept:03fa31a739e5ec637ffcf961,2022-10-01,2025-10-01,3,2021-04-18,scholarly,organization:0b3e842820df50d93e88ee19; organization:176f0c98f7c8f5dcc55ef45e; organization:1b9dcaf41eaf082bc647833b; organization:392dabd6de09d6603cda9c5a; organization:4697e2a3b4508562629a6b40; organization:50c52c9b9f51537c8f28fd11; organization:5db693720a1beba8ab286139; organization:608afb9aa1f13e84558c200d; organization:6bd89e1e5def63234bc21126; organization:832bcc56337bf2416b3e721f; organization:99c2d65dd9fafb9e5ca310e3; organization:9d40a48eb7c62a31ec82cb02; organization:a1fcb7c88dbeb816fdadc587; organization:bb31a30d8c672f30b3055b47; organization:cecfe5b3b6b2be30cf91ed3b; organization:e4d1e5546578c0332a8fdbec,work:cd331dd411532ee1ec337593; work:5ad1a50850854b4d9fdb6a8e; work:947cd454a5db9f313dc83f98,"[{""document_id"": ""work:cd331dd411532ee1ec337593"", ""title"": ""A survey of application research based on blockchain smart contract"", ""url"": ""https://doi.org/10.1007/s11276-021-02874-x"", ""date"": ""2022-01-17"", ""source_family"": ""scholarly"", ""original_language"": null}, {""document_id"": ""work:5ad1a50850854b4d9fdb6a8e"", ""title"": ""Formal Verification of Blockchain Smart Contracts via ATL Model Checking"", ""url"": ""https://doi.org/10.1109/access.2022.3143145"", ""date"": ""2022-01-01"", ""source_family"": ""scholarly"", ""original_language"": null}, {""document_id"": ""work:947cd454a5db9f313dc83f98"", ""title"": ""Blockchain smart contracts: Applications, challenges, and future trends"", ""url"": ""https://doi.org/10.1007/s12083-021-01127-0"", ""date"": ""2021-04-18"", ""source_family"": ""scholarly"", ""original_language"": null}]",,,,
concept:03fa31a739e5ec637ffcf961,Blockchain Smart Contracts,concept:03fa31a739e5ec637ffcf961,2023-07-01,2026-07-01,3,2021-04-18,scholarly,organization:0b3e842820df50d93e88ee19; organization:176f0c98f7c8f5dcc55ef45e; organization:1b9dcaf41eaf082bc647833b; organization:392dabd6de09d6603cda9c5a; organization:4697e2a3b4508562629a6b40; organization:50c52c9b9f51537c8f28fd11; organization:5db693720a1beba8ab286139; organization:608afb9aa1f13e84558c200d; organization:6bd89e1e5def63234bc21126; organization:832bcc56337bf2416b3e721f; organization:99c2d65dd9fafb9e5ca310e3; organization:9d40a48eb7c62a31ec82cb02; organization:a1fcb7c88dbeb816fdadc587; organization:bb31a30d8c672f30b3055b47; organization:cecfe5b3b6b2be30cf91ed3b; organization:e4d1e5546578c0332a8fdbec,work:cd331dd411532ee1ec337593; work:5ad1a50850854b4d9fdb6a8e; work:947cd454a5db9f313dc83f98,"[{""document_id"": ""work:cd331dd411532ee1ec337593"", ""title"": ""A survey of application research based on blockchain smart contract"", ""url"": ""https://doi.org/10.1007/s11276-021-02874-x"", ""date"": ""2022-01-17"", ""source_family"": ""scholarly"", ""original_language"": null}, {""document_id"": ""work:5ad1a50850854b4d9fdb6a8e"", ""title"": ""Formal Verification of Blockchain Smart Contracts via ATL Model Checking"", ""url"": ""https://doi.org/10.1109/access.2022.3143145"", ""date"": ""2022-01-01"", ""source_family"": ""scholarly"", ""original_language"": null}, {""document_id"": ""work:947cd454a5db9f313dc83f98"", ""title"": ""Blockchain smart contracts: Applications, challenges, and future trends"", ""url"": ""https://doi.org/10.1007/s12083-021-01127-0"", ""date"": ""2021-04-18"", ""source_family"": ""scholarly"", ""original_language"": null}]",,,,
concept:04b7a6edd052154d7891cd68,Blockchain-based governance systems,concept:04b7a6edd052154d7891cd68,2020-07-01,2023-07-01,2,2020-03-20,scholarly,organization:40939505e066e75288f63f1d; organization:6288ed5323608a41b504d2c7; organization:6d7b5002a124f6becb97fba8; organization:9feb842c7d200cd996a4bb5c; organization:a325e3263bdecc993f8999e0; organization:ce23f74b8403376a6766efed; organization:d86e6359451119c6d73f0f0b,work:bb226b426c3986cb8b5d1824; work:dfd6e94f6bac61389d403638,"[{""document_id"": ""work:bb226b426c3986cb8b5d1824"", ""title"": ""Fully-automated liberalism? Blockchain technology and international cooperation in an anarchic world"", ""url"": ""https://doi.org/10.1017/s1752971920000305"", ""date"": ""2020-06-05"", ""source_family"": ""scholarly"", ""original_language"": null}, {""document_id"": ""work:dfd6e94f6bac61389d403638"", ""title"": ""Initial crypto-asset offerings (ICOs), tokenization and corporate governance"", ""url"": ""https://doi.org/10.1093/cmlj/kmaa005"", ""date"": ""2020-03-20"", ""source_family"": ""scholarly"", ""original_language"": null}]",,,,
concept:04b7a6edd052154d7891cd68,Blockchain-based governance systems,concept:04b7a6edd052154d7891cd68,2022-01-01,2025-01-01,2,2020-03-20,scholarly,organization:40939505e066e75288f63f1d; organization:6288ed5323608a41b504d2c7; organization:6d7b5002a124f6becb97fba8; organization:9feb842c7d200cd996a4bb5c; organization:a325e3263bdecc993f8999e0; organization:ce23f74b8403376a6766efed; organization:d86e6359451119c6d73f0f0b,work:bb226b426c3986cb8b5d1824; work:dfd6e94f6bac61389d403638,"[{""document_id"": ""work:bb226b426c3986cb8b5d1824"", ""title"": ""Fully-automated liberalism? Blockchain technology and international cooperation in an anarchic world"", ""url"": ""https://doi.org/10.1017/s1752971920000305"", ""date"": ""2020-06-05"", ""source_family"": ""scholarly"", ""original_language"": null}, {""document_id"": ""work:dfd6e94f6bac61389d403638"", ""title"": ""Initial crypto-asset offerings (ICOs), tokenization and corporate governance"", ""url"": ""https://doi.org/10.1093/cmlj/kmaa005"", ""date"": ""2020-03-20"", ""source_family"": ""scholarly"", ""original_language"": null}]",,,,
concept:04b7a6edd052154d7891cd68,Blockchain-based governance systems,concept:04b7a6edd052154d7891cd68,2023-07-01,2026-07-01,2,2020-03-20,scholarly,organization:40939505e066e75288f63f1d; organization:6288ed5323608a41b504d2c7; organization:6d7b5002a124f6becb97fba8; organization:9feb842c7d200cd996a4bb5c; organization:a325e3263bdecc993f8999e0; organization:ce23f74b8403376a6766efed; organization:d86e6359451119c6d73f0f0b,work:bb226b426c3986cb8b5d1824; work:dfd6e94f6bac61389d403638,"[{""document_id"": ""work:bb226b426c3986cb8b5d1824"", ""title"": ""Fully-automated liberalism? Blockchain technology and international cooperation in an anarchic world"", ""url"": ""https://doi.org/10.1017/s1752971920000305"", ""date"": ""2020-06-05"", ""source_family"": ""scholarly"", ""original_language"": null}, {""document_id"": ""work:dfd6e94f6bac61389d403638"", ""title"": ""Initial crypto-asset offerings (ICOs), tokenization and corporate governance"", ""url"": ""https://doi.org/10.1093/cmlj/kmaa005"", ""date"": ""2020-03-20"", ""source_family"": ""scholarly"", ""original_language"": null}]",,,,
concept:0aeb4c903d44b57fc5daaec8,Permissionless blockchains,concept:0aeb4c903d44b57fc5daaec8,2021-04-01,2024-04-01,2,2020-06-05,scholarly,organization:5d64ecd6492c74a3d684f697; organization:6d7b5002a124f6becb97fba8; organization:d86e6359451119c6d73f0f0b,work:34bc6aee3282f7284a6256cb; work:bb226b426c3986cb8b5d1824,"[{""document_id"": ""work:34bc6aee3282f7284a6256cb"", ""title"": ""Blockchain networks :"", ""url"": ""https://doi.org/10.6028/nist.ir.8301"", ""date"": ""2021-02-08"", ""source_family"": ""scholarly"", ""original_language"": null}, {""document_id"": ""work:bb226b426c3986cb8b5d1824"", ""title"": ""Fully-automated liberalism? Blockchain technology and international cooperation in an anarchic world"", ""url"": ""https://doi.org/10.1017/s1752971920000305"", ""date"": ""2020-06-05"", ""source_family"": ""scholarly"", ""original_language"": null}]",,,,
concept:0aeb4c903d44b57fc5daaec8,Permissionless blockchains,concept:0aeb4c903d44b57fc5daaec8,2022-04-01,2025-04-01,2,2020-06-05,scholarly,organization:5d64ecd6492c74a3d684f697; organization:6d7b5002a124f6becb97fba8; organization:d86e6359451119c6d73f0f0b,work:34bc6aee3282f7284a6256cb; work:bb226b426c3986cb8b5d1824,"[{""document_id"": ""work:34bc6aee3282f7284a6256cb"", ""title"": ""Blockchain networks :"", ""url"": ""https://doi.org/10.6028/nist.ir.8301"", ""date"": ""2021-02-08"", ""source_family"": ""scholarly"", ""original_language"": null}, {""document_id"": ""work:bb226b426c3986cb8b5d1824"", ""title"": ""Fully-automated liberalism? Blockchain technology and international cooperation in an anarchic world"", ""url"": ""https://doi.org/10.1017/s1752971920000305"", ""date"": ""2020-06-05"", ""source_family"": ""scholarly"", ""original_language"": null}]",,,,
concept:0aeb4c903d44b57fc5daaec8,Permissionless blockchains,concept:0aeb4c903d44b57fc5daaec8,2023-07-01,2026-07-01,2,2020-06-05,scholarly,organization:5d64ecd6492c74a3d684f697; organization:6d7b5002a124f6becb97fba8; organization:d86e6359451119c6d73f0f0b,work:34bc6aee3282f7284a6256cb; work:bb226b426c3986cb8b5d1824,"[{""document_id"": ""work:34bc6aee3282f7284a6256cb"", ""title"": ""Blockchain networks :"", ""url"": ""https://doi.org/10.6028/nist.ir.8301"", ""date"": ""2021-02-08"", ""source_family"": ""scholarly"", ""original_language"": null}, {""document_id"": ""work:bb226b426c3986cb8b5d1824"", ""title"": ""Fully-automated liberalism? Blockchain technology and international cooperation in an anarchic world"", ""url"": ""https://doi.org/10.1017/s1752971920000305"", ""date"": ""2020-06-05"", ""source_family"": ""scholarly"", ""original_language"": null}]",,,,
concept:0b277c1a3496f770a45047b7,Smart contracts,concept:0b277c1a3496f770a45047b7,2017-10-01,2020-10-01,2,2017-06-16,scholarly,,work:0384bf01d923f566fff82a45; work:494a66ce60107cdcb0a0f429,"[{""document_id"": ""work:0384bf01d923f566fff82a45"", ""title"": ""Blockchain: A Graph Primer"", ""url"": ""https://doi.org/10.48550/arxiv.1708.08749"", ""date"": ""2017-08-10"", ""source_family"": ""scholarly"", ""original_language"": null}, {""document_id"": ""work:494a66ce60107cdcb0a0f429"", ""title"": ""Off The Chain! A Guide to Blockchain Derivatives Markets and the Implications on Systemic Risk"", ""url"": ""https://openalex.org/W2742710513"", ""date"": ""2017-06-16"", ""source_family"": ""scholarly"", ""original_language"": null}]",,,,
concept:0b277c1a3496f770a45047b7,Smart contracts,concept:0b277c1a3496f770a45047b7,2020-07-01,2023-07-01,14,2017-06-16,scholarly,organization:06fb862b2fe1091572e5b309; organization:180c158ebbdf07c4d30acf46; organization:23b1f517ad72453f0b8a5e7a; organization:33f682c3b0c098b1b81d629b; organization:3fd469cb97a4d467a57df0d1; organization:4b914fb2f53adcf942faf88e; organization:4d7a7d8b64fe11db4638147c; organization:5118ca13f162e816aa8ae6cd; organization:57ec82e96ce803c22dc82f3f; organization:639e4bcbab9c708600e505c0; organization:6d7b5002a124f6becb97fba8; organization:7063e8ad9b5c0e0f118a1c74; organization:78663705a5be1ba4554aa887; organization:7925d4e73f18009e6948134c; organization:7cc81b215c703c8406c29aa1; organization:84119f949473bc0ad024af25; organization:9bcb159183b05bbe7002c507; organization:a01c9791e5585c0c81150c1c; organization:ac542554cbaf8965a4fb94ba; organization:b7c34409c1920160d7b534f4,work:bb226b426c3986cb8b5d1824; work:d482e29cf74615c0de31081d; work:c8d787827e873de907852c35; work:4c1b5f72d351ed55e1642dc9; work:11322bf409fbec93adeb5df3,"[{""document_id"": ""work:bb226b426c3986cb8b5d1824"", ""title"": ""Fully-automated liberalism? Blockchain technology and international cooperation in an anarchic world"", ""url"": ""https://doi.org/10.1017/s1752971920000305"", ""date"": ""2020-06-05"", ""source_family"": ""scholarly"", ""original_language"": null}, {""document_id"": ""work:d482e29cf74615c0de31081d"", ""title"": ""Blockchain Technology for Agriculture: Applications and Rationale"", ""url"": ""https://doi.org/10.3389/fbloc.2020.00007"", ""date"": ""2020-02-21"", ""source_family"": ""scholarly"", ""original_language"": null}, {""document_id"": ""work:c8d787827e873de907852c35"", ""title"": ""Blockchain-Based Searchable Encryption Scheme With Fair Payment"", ""url"": ""https://doi.org/10.1109/access.2020.3002264"", ""date"": ""2020-01-01"", ""source_family"": ""scholarly"", ""original_language"": null}, {""document_id"": ""work:4c1b5f72d351ed55e1642dc9"", ""title"": ""Blockchain-Enabled Compliance and Audit Trail Model for Cloud Configuration Management"", ""url"": ""https://doi.org/10.54660/.ijfmr.2020.1.1.193-201"", ""date"": ""2020-01-01"", ""source_family"": ""scholarly"", ""original_language"": null}, {""document_id"": ""work:11322bf409fbec93adeb5df3"", ""title"": ""Blockchain Technology in Current Agricultural Systems: From Techniques to Applications"", ""url"": ""https://doi.org/10.1109/access.2020.3014522"", ""date"": ""2020-01-01"", ""source_family"": ""scholarly"", ""original_language"": null}]",,,,
concept:0b277c1a3496f770a45047b7,Smart contracts,concept:0b277c1a3496f770a45047b7,2023-07-01,2026-07-01,27,2017-06-16,scholarly,organization:03961b5759fbf23b60f8ebf5; organization:04076ce24d12db979404de1b; organization:06fb862b2fe1091572e5b309; organization:072a688c5f0811fa07a1dd97; organization:0a49d59ba6ab63133b1eb44c; organization:100e45dc420dc5ab35807aa6; organization:164317b2e10a515bacc581a1; organization:180c158ebbdf07c4d30acf46; organization:1a18777c184c8dfaf00d2d4c; organization:1b9dcaf41eaf082bc647833b; organization:1c411b4e0af3263b4e53e621; organization:1e13c3cb9655d6d3e585d27a; organization:23a60d8fbd8d5d38ee0d960c; organization:23b1f517ad72453f0b8a5e7a; organization:2e0f2f0c31a9655c95f1c199; organization:3000a201fe9811748102f4ae; organization:33f682c3b0c098b1b81d629b; organization:34e9b70ec41a6601a70cb153; organization:3fd469cb97a4d467a57df0d1; organization:40df136b31c974390e605212,work:a1fb8f452403e027e0827490; work:a20748b27614dc74121eb621; work:e3088a19cb48f94bab95a640; work:ba3f0bee1612783e2c3d0d88; work:827c5c6888060376da6aa415,"[{""document_id"": ""work:a1fb8f452403e027e0827490"", ""title"": ""Blockchain and Interplanetary File System (IPFS)-Based Data Storage System for Vehicular Networks with Keyword Search Capability"", ""url"": ""https://doi.org/10.3390/electronics12071545"", ""date"": ""2023-03-24"", ""source_family"": ""scholarly"", ""original_language"": null}, {""document_id"": ""work:a20748b27614dc74121eb621"", ""title"": ""Qualitative Survey on Artificial Intelligence Integrated Blockchain Approach for 6G and Beyond"", ""url"": ""https://doi.org/10.1109/access.2023.3319083"", ""date"": ""2023-01-01"", ""source_family"": ""scholarly"", ""original_language"": null}, {""document_id"": ""work:e3088a19cb48f94bab95a640"", ""title"": ""Blockchain Technology in Operations & Supply Chain Management: A Content Analysis"", ""url"": ""https://doi.org/10.3390/su14106192"", ""date"": ""2022-05-19"", ""source_family"": ""scholarly"", ""original_language"": null}, {""document_id"": ""work:ba3f0bee1612783e2c3d0d88"", ""title"": ""The transparency challenge of blockchain in organizations"", ""url"": ""https://doi.org/10.1007/s12525-022-00536-0"", ""date"": ""2022-03-17"", ""source_family"": ""scholarly"", ""original_language"": null}, {""document_id"": ""work:827c5c6888060376da6aa415"", ""title"": ""A Review on Recent Progress of Smart Contract in Blockchain"", ""url"": ""https://doi.org/10.1109/access.2022.3174052"", ""date"": ""2022-01-01"", ""source_family"": ""scholarly"", ""original_language"": null}]",,,,
concept:0d7232702532f8b6d41de997,Bitcoin,concept:0d7232702532f8b6d41de997,2016-01-01,2019-01-01,2,2015-05-01,scholarly,organization:1ee91b1564e8c979df0ef5f8; organization:4687d82429b4126b4c2fb3ef; organization:55fc09e9037fa4b922157487; organization:7e6c8c6d80938b7d2282c301; organization:bcf48e41887bf5801d5e5486; organization:e03b959a8c0402bdb048318e; organization:f6167cbd60254cfccd70dc93,work:6d728d0da7726128c96fba62; work:1e13afdb830d6f20002bf6aa,"[{""document_id"": ""work:6d728d0da7726128c96fba62"", ""title"": ""How can cryptocurrency and blockchain technology play a role in building social and solidarity finance"", ""url"": ""https://openalex.org/W2587430355"", ""date"": ""2016-01-01"", ""source_family"": ""scholarly"", ""original_language"": null}, {""document_id"": ""work:1e13afdb830d6f20002bf6aa"", ""title"": ""SoK: Research Perspectives and Challenges for Bitcoin and Cryptocurrencies"", ""url"": ""https://doi.org/10.1109/sp.2015.14"", ""date"": ""2015-05-01"", ""source_family"": ""scholarly"", ""original_language"": null}]",,,,
concept:0d7232702532f8b6d41de997,Bitcoin,concept:0d7232702532f8b6d41de997,2019-10-01,2022-10-01,9,2015-05-01,scholarly,organization:1ee91b1564e8c979df0ef5f8; organization:28d0bda3cc6ad1dfe69686ec; organization:4687d82429b4126b4c2fb3ef; organization:55fc09e9037fa4b922157487; organization:7e6c8c6d80938b7d2282c301; organization:bcf48e41887bf5801d5e5486; organization:e03b959a8c0402bdb048318e; organization:ec5fc82cd0297beeb62d5065; organization:f6167cbd60254cfccd70dc93,work:5fc478e1dcd1872cfc321802; work:08d907ae0adb1ebf4f4ab1c7; work:f63885c60b1fea2a63f8b2ed; work:141522b9db1998d58dd51d8a; work:1a14c4f5d01eb5e7915d8271,"[{""document_id"": ""work:5fc478e1dcd1872cfc321802"", ""title"": ""Blockchain and Digital Currency in the World of Finance"", ""url"": ""https://doi.org/10.5772/intechopen.79456"", ""date"": ""2019-02-07"", ""source_family"": ""scholarly"", ""original_language"": null}, {""document_id"": ""work:08d907ae0adb1ebf4f4ab1c7"", ""title"": ""Blockchain and the Law"", ""url"": ""https://doi.org/10.5771/9783845298290"", ""date"": ""2019-01-01"", ""source_family"": ""scholarly"", ""original_language"": null}, {""document_id"": ""work:f63885c60b1fea2a63f8b2ed"", ""title"": ""The Challenges of Existence, Status, and Value for Improving Blockchain"", ""url"": ""https://doi.org/10.1109/access.2018.2888697"", ""date"": ""2018-12-19"", ""source_family"": ""scholarly"", ""original_language"": null}, {""document_id"": ""work:141522b9db1998d58dd51d8a"", ""title"": ""Can Blockchain Revolutionize International Trade?"", ""url"": ""https://doi.org/10.30875/7c7e7202-en"", ""date"": ""2018-11-27"", ""source_family"": ""scholarly"", ""original_language"": null}, {""document_id"": ""work:1a14c4f5d01eb5e7915d8271"", ""title"": ""A primer on blockchain technology and its potential for financial inclusion"", ""url"": ""https://doi.org/10.23661/dp2.2018"", ""date"": ""2018-01-01"", ""source_family"": ""scholarly"", ""original_language"": null}]",,,,
concept:0d7232702532f8b6d41de997,Bitcoin,concept:0d7232702532f8b6d41de997,2023-07-01,2026-07-01,15,2015-05-01,scholarly,organization:100e45dc420dc5ab35807aa6; organization:1e022ee342eeda6d6f721945; organization:1ee91b1564e8c979df0ef5f8; organization:211a1506dd05cc4de09fb184; organization:28d0bda3cc6ad1dfe69686ec; organization:42b6086e4ff9c4c1a7eac38c; organization:4687d82429b4126b4c2fb3ef; organization:54c61b4a39fc4468d714462a; organization:55fc09e9037fa4b922157487; organization:66d372255a0bd9a5bf14ce4b; organization:730bbe7df6c44c064d9021e3; organization:799cd869abaa2ec4422ec316; organization:7e6c8c6d80938b7d2282c301; organization:998e66f179c4b864ca8f66c4; organization:9a781a52e292ebc027916cce; organization:a174ac762f5c6b9dfe21a15e; organization:a2f25d65c0d76dba5123d8bb; organization:aae37a9a76489733fff9263d; organization:b8bde32b3c02ab7121dced1b; organization:bb855056ba8ca69965d27562,work:cf05dc5b5e36dd783a2b1de5; work:236003210a35f732624032d5; work:75ec968e2207873747b4cbca; work:4f2f7e6a638629ef8364fb3a; work:1acd70ba7647313c29f0af40,"[{""document_id"": ""work:cf05dc5b5e36dd783a2b1de5"", ""title"": ""BLOCKCHAIN AND THE APPLICATION OF BLOCKCHAIN TECHNOLOGY"", ""url"": ""https://doi.org/10.12709/mest.10.10.02.02"", ""date"": ""2022-07-13"", ""source_family"": ""scholarly"", ""original_language"": null}, {""document_id"": ""work:236003210a35f732624032d5"", ""title"": ""Wrapping Trust for Interoperability: A Preliminary Study of Wrapped Tokens"", ""url"": ""https://doi.org/10.3390/info13010006"", ""date"": ""2021-12-26"", ""source_family"": ""scholarly"", ""original_language"": null}, {""document_id"": ""work:75ec968e2207873747b4cbca"", ""title"": ""Blockchain and its application to accounting"", ""url"": ""https://doi.org/10.3926/ic.1522"", ""date"": ""2021-06-15"", ""source_family"": ""scholarly"", ""original_language"": null}, {""document_id"": ""work:4f2f7e6a638629ef8364fb3a"", ""title"": ""Unchaining Collective Intelligence for Science, Research, and Technology Development by Blockchain-Boosted Community Participation"", ""url"": ""https://doi.org/10.3389/fbloc.2021.631648"", ""date"": ""2021-05-07"", ""source_family"": ""scholarly"", ""original_language"": null}, {""document_id"": ""work:1acd70ba7647313c29f0af40"", ""title"": ""Stablecoins, Central Bank Digital Currencies and US Dollar Hegemony"", ""url"": ""https://doi.org/10.1515/ael-2020-0053"", ""date"": ""2021-01-06"", ""source_family"": ""scholarly"", ""original_language"": null}]",,,,
concept:106fa46d38b22d2405a73883,permissioned blockchains,concept:106fa46d38b22d2405a73883,2020-07-01,2023-07-01,2,2019-02-19,scholarly,organization:6d7b5002a124f6becb97fba8; organization:884b06a7ed6f8460b33d487c; organization:b9d7dea7375397ce576172ed; organization:d86e6359451119c6d73f0f0b,work:bb226b426c3986cb8b5d1824; work:84857cc89b480c89e498722f,"[{""document_id"": ""work:bb226b426c3986cb8b5d1824"", ""title"": ""Fully-automated liberalism? Blockchain technology and international cooperation in an anarchic world"", ""url"": ""https://doi.org/10.1017/s1752971920000305"", ""date"": ""2020-06-05"", ""source_family"": ""scholarly"", ""original_language"": null}, {""document_id"": ""work:84857cc89b480c89e498722f"", ""title"": ""Blockchain and Smart Contracting for the Shareholder Community"", ""url"": ""https://doi.org/10.1007/s40804-019-00136-0"", ""date"": ""2019-02-19"", ""source_family"": ""scholarly"", ""original_language"": null}]",,,,
concept:106fa46d38b22d2405a73883,permissioned blockchains,concept:106fa46d38b22d2405a73883,2022-01-01,2025-01-01,2,2019-02-19,scholarly,organization:6d7b5002a124f6becb97fba8; organization:884b06a7ed6f8460b33d487c; organization:b9d7dea7375397ce576172ed; organization:d86e6359451119c6d73f0f0b,work:bb226b426c3986cb8b5d1824; work:84857cc89b480c89e498722f,"[{""document_id"": ""work:bb226b426c3986cb8b5d1824"", ""title"": ""Fully-automated liberalism? Blockchain technology and international cooperation in an anarchic world"", ""url"": ""https://doi.org/10.1017/s1752971920000305"", ""date"": ""2020-06-05"", ""source_family"": ""scholarly"", ""original_language"": null}, {""document_id"": ""work:84857cc89b480c89e498722f"", ""title"": ""Blockchain and Smart Contracting for the Shareholder Community"", ""url"": ""https://doi.org/10.1007/s40804-019-00136-0"", ""date"": ""2019-02-19"", ""source_family"": ""scholarly"", ""original_language"": null}]",,,,
concept:106fa46d38b22d2405a73883,permissioned blockchains,concept:106fa46d38b22d2405a73883,2023-07-01,2026-07-01,3,2019-02-19,scholarly,organization:03961b5759fbf23b60f8ebf5; organization:100e45dc420dc5ab35807aa6; organization:164317b2e10a515bacc581a1; organization:1c411b4e0af3263b4e53e621; organization:2e0f2f0c31a9655c95f1c199; organization:34e9b70ec41a6601a70cb153; organization:5767285e0068bdec540bf142; organization:6d7b5002a124f6becb97fba8; organization:884b06a7ed6f8460b33d487c; organization:b9d7dea7375397ce576172ed; organization:d86e6359451119c6d73f0f0b,work:ba3f0bee1612783e2c3d0d88; work:bb226b426c3986cb8b5d1824; work:84857cc89b480c89e498722f,"[{""document_id"": ""work:ba3f0bee1612783e2c3d0d88"", ""title"": ""The transparency challenge of blockchain in organizations"", ""url"": ""https://doi.org/10.1007/s12525-022-00536-0"", ""date"": ""2022-03-17"", ""source_family"": ""scholarly"", ""original_language"": null}, {""document_id"": ""work:bb226b426c3986cb8b5d1824"", ""title"": ""Fully-automated liberalism? Blockchain technology and international cooperation in an anarchic world"", ""url"": ""https://doi.org/10.1017/s1752971920000305"", ""date"": ""2020-06-05"", ""source_family"": ""scholarly"", ""original_language"": null}, {""document_id"": ""work:84857cc89b480c89e498722f"", ""title"": ""Blockchain and Smart Contracting for the Shareholder Community"", ""url"": ""https://doi.org/10.1007/s40804-019-00136-0"", ""date"": ""2019-02-19"", ""source_family"": ""scholarly"", ""original_language"": null}]",,,,
concept:13caba336fca3f2b0ff55127,Entanglement,concept:13caba336fca3f2b0ff55127,2012-01-01,2015-01-01,2,2008-03-03,scholarly,organization:1321913133e8d12a95dc3da7; organization:c163cfaa486d45d608017dcf,work:d48bd7cf53e71c65188fa962; work:9a699c0d4a9b1a207b362b57,"[{""document_id"": ""work:d48bd7cf53e71c65188fa962"", ""title"": ""Quantum Information Science"", ""url"": ""https://doi.org/10.1002/9781118017821.ch4"", ""date"": ""2011-07-29"", ""source_family"": ""scholarly"", ""original_language"": null}, {""document_id"": ""work:9a699c0d4a9b1a207b362b57"", ""title"": ""Quantum Games and the Relationships between Quantum Mechanics and Game Theory"", ""url"": ""https://doi.org/10.48550/arxiv.0803.0292"", ""date"": ""2008-03-03"", ""source_family"": ""scholarly"", ""original_language"": null}]",,,,
concept:13caba336fca3f2b0ff55127,Entanglement,concept:13caba336fca3f2b0ff55127,2018-07-01,2021-07-01,2,2008-03-03,scholarly,organization:1321913133e8d12a95dc3da7; organization:c163cfaa486d45d608017dcf,work:d48bd7cf53e71c65188fa962; work:9a699c0d4a9b1a207b362b57,"[{""document_id"": ""work:d48bd7cf53e71c65188fa962"", ""title"": ""Quantum Information Science"", ""url"": ""https://doi.org/10.1002/9781118017821.ch4"", ""date"": ""2011-07-29"", ""source_family"": ""scholarly"", ""original_language"": null}, {""document_id"": ""work:9a699c0d4a9b1a207b362b57"", ""title"": ""Quantum Games and the Relationships between Quantum Mechanics and Game Theory"", ""url"": ""https://doi.org/10.48550/arxiv.0803.0292"", ""date"": ""2008-03-03"", ""source_family"": ""scholarly"", ""original_language"": null}]",,,,
concept:13caba336fca3f2b0ff55127,Entanglement,concept:13caba336fca3f2b0ff55127,2023-07-01,2026-07-01,3,2008-03-03,scholarly,organization:1321913133e8d12a95dc3da7; organization:8fe1f900fcdd8ad66eb1de34; organization:bc040699ce67d3cd0a658f98; organization:c163cfaa486d45d608017dcf,work:c6cbc3f4faf0e4a29144c9a9; work:d48bd7cf53e71c65188fa962; work:9a699c0d4a9b1a207b362b57,"[{""document_id"": ""work:c6cbc3f4faf0e4a29144c9a9"", ""title"": ""Quantum Information Science"", ""url"": ""https://doi.org/10.1109/mic.2021.3132591"", ""date"": ""2021-12-03"", ""source_family"": ""scholarly"", ""original_language"": null}, {""document_id"": ""work:d48bd7cf53e71c65188fa962"", ""title"": ""Quantum Information Science"", ""url"": ""https://doi.org/10.1002/9781118017821.ch4"", ""date"": ""2011-07-29"", ""source_family"": ""scholarly"", ""original_language"": null}, {""document_id"": ""work:9a699c0d4a9b1a207b362b57"", ""title"": ""Quantum Games and the Relationships between Quantum Mechanics and Game Theory"", ""url"": ""https://doi.org/10.48550/arxiv.0803.0292"", ""date"": ""2008-03-03"", ""source_family"": ""scholarly"", ""original_language"": null}]",,,,
concept:14510a07ea0bd646b6ce4eb1,Transfer learning,concept:14510a07ea0bd646b6ce4eb1,2021-07-01,2024-07-01,2,2020-07-25,scholarly,organization:18cc36bf966cf2b4fc9e2880; organization:1c411b4e0af3263b4e53e621; organization:209f74bb29031f634d51e7f6; organization:5eb1e8c56edd0415c7994901; organization:7e8d3e4a0a96e5342e89b77e,work:d3c089a69993faf339a4d8d1; work:5a723bab35e1d4938997dcf5,"[{""document_id"": ""work:d3c089a69993faf339a4d8d1"", ""title"": ""Machine learning and deep learning"", ""url"": ""https://doi.org/10.1007/s12525-021-00475-2"", ""date"": ""2021-04-08"", ""source_family"": ""scholarly"", ""original_language"": null}, {""document_id"": ""work:5a723bab35e1d4938997dcf5"", ""title"": ""On hyperparameter optimization of machine learning algorithms: Theory and practice"", ""url"": ""https://doi.org/10.1016/j.neucom.2020.07.061"", ""date"": ""2020-07-25"", ""source_family"": ""scholarly"", ""original_language"": null}]",,,,
concept:14510a07ea0bd646b6ce4eb1,Transfer learning,concept:14510a07ea0bd646b6ce4eb1,2022-07-01,2025-07-01,2,2020-07-25,scholarly,organization:18cc36bf966cf2b4fc9e2880; organization:1c411b4e0af3263b4e53e621; organization:209f74bb29031f634d51e7f6; organization:5eb1e8c56edd0415c7994901; organization:7e8d3e4a0a96e5342e89b77e,work:d3c089a69993faf339a4d8d1; work:5a723bab35e1d4938997dcf5,"[{""document_id"": ""work:d3c089a69993faf339a4d8d1"", ""title"": ""Machine learning and deep learning"", ""url"": ""https://doi.org/10.1007/s12525-021-00475-2"", ""date"": ""2021-04-08"", ""source_family"": ""scholarly"", ""original_language"": null}, {""document_id"": ""work:5a723bab35e1d4938997dcf5"", ""title"": ""On hyperparameter optimization of machine learning algorithms: Theory and practice"", ""url"": ""https://doi.org/10.1016/j.neucom.2020.07.061"", ""date"": ""2020-07-25"", ""source_family"": ""scholarly"", ""original_language"": null}]",,,,
concept:14510a07ea0bd646b6ce4eb1,Transfer learning,concept:14510a07ea0bd646b6ce4eb1,2023-07-01,2026-07-01,2,2020-07-25,scholarly,organization:18cc36bf966cf2b4fc9e2880; organization:1c411b4e0af3263b4e53e621; organization:209f74bb29031f634d51e7f6; organization:5eb1e8c56edd0415c7994901; organization:7e8d3e4a0a96e5342e89b77e,work:d3c089a69993faf339a4d8d1; work:5a723bab35e1d4938997dcf5,"[{""document_id"": ""work:d3c089a69993faf339a4d8d1"", ""title"": ""Machine learning and deep learning"", ""url"": ""https://doi.org/10.1007/s12525-021-00475-2"", ""date"": ""2021-04-08"", ""source_family"": ""scholarly"", ""original_language"": null}, {""document_id"": ""work:5a723bab35e1d4938997dcf5"", ""title"": ""On hyperparameter optimization of machine learning algorithms: Theory and practice"", ""url"": ""https://doi.org/10.1016/j.neucom.2020.07.061"", ""date"": ""2020-07-25"", ""source_family"": ""scholarly"", ""original_language"": null}]",,,,
concept:1c2db47f9f6a46eb053a4bc2,Quantum Key Distribution (QKD),concept:1c2db47f9f6a46eb053a4bc2,2022-10-01,2025-10-01,2,2020-09-28,scholarly,organization:0dd51bdae4ccac54aac7eab7; organization:1e13007a70a6ff488d76c5c7; organization:23a60d8fbd8d5d38ee0d960c; organization:3b9e3a7d9442c88a0319cb88; organization:77913f3ff3f257d6af8969e4; organization:8c7fc7dd2db6780960d66245; organization:9a52d27bbc0f7dfc22545e9c; organization:c051fae0a0590e17ecab6115; organization:c9a295acbeef2a817cf4a203; organization:f0883b9e7f806b84f75263db; organization:f6e34d7bd4370391b0c917d1; organization:fa5999999f9691679f8297f5,work:2e6e946bee35429410f35b93; work:86e656c05b2d48156858061e,"[{""document_id"": ""work:2e6e946bee35429410f35b93"", ""title"": ""Post‐Quantum Blockchain–Enabled Services in Scalable Smart Cities"", ""url"": ""https://doi.org/10.1002/9781119836728.ch11"", ""date"": ""2022-07-15"", ""source_family"": ""scholarly"", ""original_language"": null}, {""document_id"": ""work:86e656c05b2d48156858061e"", ""title"": ""Quantum Key Distribution"", ""url"": ""https://doi.org/10.1145/3402192"", ""date"": ""2020-09-28"", ""source_family"": ""scholarly"", ""original_language"": null}]",,,,
concept:1c2db47f9f6a46eb053a4bc2,Quantum Key Distribution (QKD),concept:1c2db47f9f6a46eb053a4bc2,2023-01-01,2026-01-01,3,2020-09-28,scholarly,organization:0dd51bdae4ccac54aac7eab7; organization:1e13007a70a6ff488d76c5c7; organization:23a60d8fbd8d5d38ee0d960c; organization:3b9e3a7d9442c88a0319cb88; organization:77913f3ff3f257d6af8969e4; organization:8c7fc7dd2db6780960d66245; organization:9a52d27bbc0f7dfc22545e9c; organization:c051fae0a0590e17ecab6115; organization:c9a295acbeef2a817cf4a203; organization:f0883b9e7f806b84f75263db; organization:f6e34d7bd4370391b0c917d1; organization:fa5999999f9691679f8297f5,work:5102ebe188ba87859dba53a6; work:2e6e946bee35429410f35b93; work:86e656c05b2d48156858061e,"[{""document_id"": ""work:5102ebe188ba87859dba53a6"", ""title"": ""A COMPREHENSIVE REVIEW OF IT AUDIT METHODOLOGIES IN THE AGE OF QUANTUM COMPUTING"", ""url"": ""https://doi.org/10.26480/jtin.02.2023.85.92"", ""date"": ""2023-01-01"", ""source_family"": ""scholarly"", ""original_language"": null}, {""document_id"": ""work:2e6e946bee35429410f35b93"", ""title"": ""Post‐Quantum Blockchain–Enabled Services in Scalable Smart Cities"", ""url"": ""https://doi.org/10.1002/9781119836728.ch11"", ""date"": ""2022-07-15"", ""source_family"": ""scholarly"", ""original_language"": null}, {""document_id"": ""work:86e656c05b2d48156858061e"", ""title"": ""Quantum Key Distribution"", ""url"": ""https://doi.org/10.1145/3402192"", ""date"": ""2020-09-28"", ""source_family"": ""scholarly"", ""original_language"": null}]",,,,
concept:1c2db47f9f6a46eb053a4bc2,Quantum Key Distribution (QKD),concept:1c2db47f9f6a46eb053a4bc2,2023-07-01,2026-07-01,5,2020-09-28,scholarly,organization:0dd51bdae4ccac54aac7eab7; organization:1e13007a70a6ff488d76c5c7; organization:23a60d8fbd8d5d38ee0d960c; organization:2a3771dd00f1114a54201100; organization:2bcd6872c26d83e79079d1ac; organization:3b9e3a7d9442c88a0319cb88; organization:77913f3ff3f257d6af8969e4; organization:8c7fc7dd2db6780960d66245; organization:9a52d27bbc0f7dfc22545e9c; organization:c051fae0a0590e17ecab6115; organization:c869cf1a2ff630486febcd0b; organization:c9a295acbeef2a817cf4a203; organization:f0883b9e7f806b84f75263db; organization:f6e34d7bd4370391b0c917d1; organization:fa5999999f9691679f8297f5,work:4ee5f4889caf0b1d474253e5; work:01a29c39d3cc568543fb244e; work:5102ebe188ba87859dba53a6; work:2e6e946bee35429410f35b93; work:86e656c05b2d48156858061e,"[{""document_id"": ""work:4ee5f4889caf0b1d474253e5"", ""title"": ""Application and Development of QKD-Based Quantum Secure Communication"", ""url"": ""https://doi.org/10.3390/e25040627"", ""date"": ""2023-04-06"", ""source_family"": ""scholarly"", ""original_language"": null}, {""document_id"": ""work:01a29c39d3cc568543fb244e"", ""title"": ""Secure Optical-transport-network Technology in Anticipation of the Quantum Computer Era"", ""url"": ""https://doi.org/10.53829/ntr202304fa8"", ""date"": ""2023-04-01"", ""source_family"": ""scholarly"", ""original_language"": null}, {""document_id"": ""work:5102ebe188ba87859dba53a6"", ""title"": ""A COMPREHENSIVE REVIEW OF IT AUDIT METHODOLOGIES IN THE AGE OF QUANTUM COMPUTING"", ""url"": ""https://doi.org/10.26480/jtin.02.2023.85.92"", ""date"": ""2023-01-01"", ""source_family"": ""scholarly"", ""original_language"": null}, {""document_id"": ""work:2e6e946bee35429410f35b93"", ""title"": ""Post‐Quantum Blockchain–Enabled Services in Scalable Smart Cities"", ""url"": ""https://doi.org/10.1002/9781119836728.ch11"", ""date"": ""2022-07-15"", ""source_family"": ""scholarly"", ""original_language"": null}, {""document_id"": ""work:86e656c05b2d48156858061e"", ""title"": ""Quantum Key Distribution"", ""url"": ""https://doi.org/10.1145/3402192"", ""date"": ""2020-09-28"", ""source_family"": ""scholarly"", ""original_language"": null}]",,,,
concept:22d489ee0d0acd24c9c97262,Code-based cryptography,concept:22d489ee0d0acd24c9c97262,2022-07-01,2025-07-01,2,2021-12-01,scholarly,organization:5c0e479ccb92f682a25e5726; organization:6eb0878adad4b752801a7b7a; organization:74a2eb32cedbeb8549030ead,work:22a76abb4585a0f845730aa2; work:b52bd844ab479aff8b6862fd,"[{""document_id"": ""work:22a76abb4585a0f845730aa2"", ""title"": ""Quantum-resistant cryptographic protocols for securing cloud storage and data transmission in hybrid enterprise IT environments"", ""url"": ""https://doi.org/10.30574/wjarr.2022.14.3.0457"", ""date"": ""2022-06-30"", ""source_family"": ""scholarly"", ""original_language"": null}, {""document_id"": ""work:b52bd844ab479aff8b6862fd"", ""title"": ""POST-QUANTUM CRYPTOGRAPHY FRAMEWORKS FOR SECURING GLOBAL CLOUD SYSTEMS"", ""url"": ""https://doi.org/10.63125/dhbvry98"", ""date"": ""2021-12-01"", ""source_family"": ""scholarly"", ""original_language"": null}]",,,,
concept:22d489ee0d0acd24c9c97262,Code-based cryptography,concept:22d489ee0d0acd24c9c97262,2023-01-01,2026-01-01,2,2021-12-01,scholarly,organization:5c0e479ccb92f682a25e5726; organization:6eb0878adad4b752801a7b7a; organization:74a2eb32cedbeb8549030ead,work:22a76abb4585a0f845730aa2; work:b52bd844ab479aff8b6862fd,"[{""document_id"": ""work:22a76abb4585a0f845730aa2"", ""title"": ""Quantum-resistant cryptographic protocols for securing cloud storage and data transmission in hybrid enterprise IT environments"", ""url"": ""https://doi.org/10.30574/wjarr.2022.14.3.0457"", ""date"": ""2022-06-30"", ""source_family"": ""scholarly"", ""original_language"": null}, {""document_id"": ""work:b52bd844ab479aff8b6862fd"", ""title"": ""POST-QUANTUM CRYPTOGRAPHY FRAMEWORKS FOR SECURING GLOBAL CLOUD SYSTEMS"", ""url"": ""https://doi.org/10.63125/dhbvry98"", ""date"": ""2021-12-01"", ""source_family"": ""scholarly"", ""original_language"": null}]",,,,
concept:22d489ee0d0acd24c9c97262,Code-based cryptography,concept:22d489ee0d0acd24c9c97262,2023-07-01,2026-07-01,4,2021-12-01,scholarly,organization:5c0e479ccb92f682a25e5726; organization:6eb0878adad4b752801a7b7a; organization:74a2eb32cedbeb8549030ead; organization:74d3e9a2f734a8247dfc290b; organization:9adc542f3f48c86455c6e629; organization:ed929547695a868fc063412f,work:6fb2e8e578be0ec41fd1340a; work:022750ed8375d792449e8d55; work:22a76abb4585a0f845730aa2; work:b52bd844ab479aff8b6862fd,"[{""document_id"": ""work:6fb2e8e578be0ec41fd1340a"", ""title"": ""Quantum Computers and Algorithms: A Threat to Classical Cryptographic Systems"", ""url"": ""https://doi.org/10.35940/ijeat.e4153.0612523"", ""date"": ""2023-06-23"", ""source_family"": ""scholarly"", ""original_language"": null}, {""document_id"": ""work:022750ed8375d792449e8d55"", ""title"": ""Quantum Resistant Cryptographic Protocols for Securing Autonomous Vehicle to Vehicle (V2V) Communication Networks"", ""url"": ""https://doi.org/10.32628/cseit2391547"", ""date"": ""2023-02-20"", ""source_family"": ""scholarly"", ""original_language"": null}, {""document_id"": ""work:22a76abb4585a0f845730aa2"", ""title"": ""Quantum-resistant cryptographic protocols for securing cloud storage and data transmission in hybrid enterprise IT environments"", ""url"": ""https://doi.org/10.30574/wjarr.2022.14.3.0457"", ""date"": ""2022-06-30"", ""source_family"": ""scholarly"", ""original_language"": null}, {""document_id"": ""work:b52bd844ab479aff8b6862fd"", ""title"": ""POST-QUANTUM CRYPTOGRAPHY FRAMEWORKS FOR SECURING GLOBAL CLOUD SYSTEMS"", ""url"": ""https://doi.org/10.63125/dhbvry98"", ""date"": ""2021-12-01"", ""source_family"": ""scholarly"", ""original_language"": null}]",,,,
concept:24e1f5dfcd426ad1fef169cb,Convolutional Neural Networks,concept:24e1f5dfcd426ad1fef169cb,2019-10-01,2022-10-01,2,2018-01-01,scholarly,organization:147ec1dce9280cd72df7f5fb; organization:1dcfd052f65f8f64cf5ab72b; organization:548e6e3ff522029820e21600; organization:608afb9aa1f13e84558c200d; organization:68e986b8c4579b763dc2a83e; organization:6f94918c4f5d8fdb2dd04fde; organization:6fc16759833fbdaa7f52aba8; organization:7925d4e73f18009e6948134c; organization:95f82cf3e59a33a1c43ea477; organization:a325e3263bdecc993f8999e0; organization:a53115e02b6fdb62944b3d09; organization:b0ffae5ff5999b80a88e0018; organization:bcf48e41887bf5801d5e5486; organization:cffce41083184a43c11ab813; organization:de66cff3613e444f838f6e24; organization:ef0ae3ed00d21377879bce1e; organization:f4346537ed598002898d9b7e,work:89e8581a583d859508c94094; work:a7d052a81f20b4a267ac7fbd,"[{""document_id"": ""work:89e8581a583d859508c94094"", ""title"": ""Machine Learning for Fluid Mechanics"", ""url"": ""https://doi.org/10.1146/annurev-fluid-010719-060214"", ""date"": ""2019-09-12"", ""source_family"": ""scholarly"", ""original_language"": null}, {""document_id"": ""work:a7d052a81f20b4a267ac7fbd"", ""title"": ""Optimization Methods for Large-Scale Machine Learning"", ""url"": ""https://doi.org/10.1137/16m1080173"", ""date"": ""2018-01-01"", ""source_family"": ""scholarly"", ""original_language"": null}]",,,,
concept:24e1f5dfcd426ad1fef169cb,Convolutional Neural Networks,concept:24e1f5dfcd426ad1fef169cb,2021-07-01,2024-07-01,4,2018-01-01,scholarly,organization:147ec1dce9280cd72df7f5fb; organization:1dcfd052f65f8f64cf5ab72b; organization:1df510fcee0485d7eed8253b; organization:20f08e87e150e515398cde3a; organization:548e6e3ff522029820e21600; organization:608afb9aa1f13e84558c200d; organization:67d9495c09200dde67b9c15e; organization:68e986b8c4579b763dc2a83e; organization:6f94918c4f5d8fdb2dd04fde; organization:6fc16759833fbdaa7f52aba8; organization:7925d4e73f18009e6948134c; organization:84119f949473bc0ad024af25; organization:95f82cf3e59a33a1c43ea477; organization:a325e3263bdecc993f8999e0; organization:a53115e02b6fdb62944b3d09; organization:b0ffae5ff5999b80a88e0018; organization:bcf48e41887bf5801d5e5486; organization:c0df395393c9cbd1cc84061f; organization:c57ae38a22b3e9c5080c2da3; organization:cffce41083184a43c11ab813,work:a15cc97a50013abef2f6d3c1; work:ace38e1c4e31feff4ee0ef0f; work:89e8581a583d859508c94094; work:a7d052a81f20b4a267ac7fbd,"[{""document_id"": ""work:a15cc97a50013abef2f6d3c1"", ""title"": ""A Survey of Convolutional Neural Networks: Analysis, Applications, and Prospects"", ""url"": ""https://doi.org/10.1109/tnnls.2021.3084827"", ""date"": ""2021-06-10"", ""source_family"": ""scholarly"", ""original_language"": null}, {""document_id"": ""work:ace38e1c4e31feff4ee0ef0f"", ""title"": ""Machine learning and the physical sciences"", ""url"": ""https://doi.org/10.1103/revmodphys.91.045002"", ""date"": ""2019-12-06"", ""source_family"": ""scholarly"", ""original_language"": null}, {""document_id"": ""work:89e8581a583d859508c94094"", ""title"": ""Machine Learning for Fluid Mechanics"", ""url"": ""https://doi.org/10.1146/annurev-fluid-010719-060214"", ""date"": ""2019-09-12"", ""source_family"": ""scholarly"", ""original_language"": null}, {""document_id"": ""work:a7d052a81f20b4a267ac7fbd"", ""title"": ""Optimization Methods for Large-Scale Machine Learning"", ""url"": ""https://doi.org/10.1137/16m1080173"", ""date"": ""2018-01-01"", ""source_family"": ""scholarly"", ""original_language"": null}]",,,,
concept:24e1f5dfcd426ad1fef169cb,Convolutional Neural Networks,concept:24e1f5dfcd426ad1fef169cb,2023-07-01,2026-07-01,5,2018-01-01,code; scholarly,organization:147ec1dce9280cd72df7f5fb; organization:1dcfd052f65f8f64cf5ab72b; organization:1df510fcee0485d7eed8253b; organization:20f08e87e150e515398cde3a; organization:548e6e3ff522029820e21600; organization:608afb9aa1f13e84558c200d; organization:67d9495c09200dde67b9c15e; organization:68e986b8c4579b763dc2a83e; organization:6f94918c4f5d8fdb2dd04fde; organization:6fc16759833fbdaa7f52aba8; organization:7925d4e73f18009e6948134c; organization:84119f949473bc0ad024af25; organization:95f82cf3e59a33a1c43ea477; organization:a325e3263bdecc993f8999e0; organization:a53115e02b6fdb62944b3d09; organization:b0ffae5ff5999b80a88e0018; organization:bcf48e41887bf5801d5e5486; organization:c0df395393c9cbd1cc84061f; organization:c57ae38a22b3e9c5080c2da3; organization:cffce41083184a43c11ab813,work:fd787d41d0fd3c5ddeccbff7; work:a15cc97a50013abef2f6d3c1; work:ace38e1c4e31feff4ee0ef0f; work:89e8581a583d859508c94094; work:a7d052a81f20b4a267ac7fbd,"[{""document_id"": ""work:fd787d41d0fd3c5ddeccbff7"", ""title"": ""Machine-Learning-Tutorials"", ""url"": ""https://github.com/ujjwalkarn/Machine-Learning-Tutorials"", ""date"": ""2021-10-04"", ""source_family"": ""code"", ""original_language"": null}, {""document_id"": ""work:a15cc97a50013abef2f6d3c1"", ""title"": ""A Survey of Convolutional Neural Networks: Analysis, Applications, and Prospects"", ""url"": ""https://doi.org/10.1109/tnnls.2021.3084827"", ""date"": ""2021-06-10"", ""source_family"": ""scholarly"", ""original_language"": null}, {""document_id"": ""work:ace38e1c4e31feff4ee0ef0f"", ""title"": ""Machine learning and the physical sciences"", ""url"": ""https://doi.org/10.1103/revmodphys.91.045002"", ""date"": ""2019-12-06"", ""source_family"": ""scholarly"", ""original_language"": null}, {""document_id"": ""work:89e8581a583d859508c94094"", ""title"": ""Machine Learning for Fluid Mechanics"", ""url"": ""https://doi.org/10.1146/annurev-fluid-010719-060214"", ""date"": ""2019-09-12"", ""source_family"": ""scholarly"", ""original_language"": null}, {""document_id"": ""work:a7d052a81f20b4a267ac7fbd"", ""title"": ""Optimization Methods for Large-Scale Machine Learning"", ""url"": ""https://doi.org/10.1137/16m1080173"", ""date"": ""2018-01-01"", ""source_family"": ""scholarly"", ""original_language"": null}]",,,,
concept:2503e5798f4ba2f3313005ad,Post-Quantum Cryptography (PQC),concept:100a18f9b1db1fce7777d376,2022-01-01,2025-01-01,2,2019-03-16,scholarly,organization:aeee8ae9ef8c37a4f4f11c5e; organization:ef040f43832696a7d7477e21,work:b717ccab1e0f8005ca7428be; work:8abb86ea86a7e19a5068b990,"[{""document_id"": ""work:b717ccab1e0f8005ca7428be"", ""title"": ""The “Cyber Security via Determinism” Paradigm for a Quantum Safe Zero Trust Deterministic Internet of Things (IoT)"", ""url"": ""https://doi.org/10.1109/access.2022.3169137"", ""date"": ""2022-01-01"", ""source_family"": ""scholarly"", ""original_language"": null}, {""document_id"": ""work:8abb86ea86a7e19a5068b990"", ""title"": ""Evaluation of Post-Quantum Distributed Ledger Cryptography"", ""url"": ""https://doi.org/10.31585/jbba-2-1-(4)2019"", ""date"": ""2019-03-16"", ""source_family"": ""scholarly"", ""original_language"": null}]",,,,
concept:2503e5798f4ba2f3313005ad,Post-Quantum Cryptography (PQC),concept:100a18f9b1db1fce7777d376,2022-10-01,2025-10-01,2,2019-03-16,scholarly,organization:aeee8ae9ef8c37a4f4f11c5e; organization:ef040f43832696a7d7477e21,work:b717ccab1e0f8005ca7428be; work:8abb86ea86a7e19a5068b990,"[{""document_id"": ""work:b717ccab1e0f8005ca7428be"", ""title"": ""The “Cyber Security via Determinism” Paradigm for a Quantum Safe Zero Trust Deterministic Internet of Things (IoT)"", ""url"": ""https://doi.org/10.1109/access.2022.3169137"", ""date"": ""2022-01-01"", ""source_family"": ""scholarly"", ""original_language"": null}, {""document_id"": ""work:8abb86ea86a7e19a5068b990"", ""title"": ""Evaluation of Post-Quantum Distributed Ledger Cryptography"", ""url"": ""https://doi.org/10.31585/jbba-2-1-(4)2019"", ""date"": ""2019-03-16"", ""source_family"": ""scholarly"", ""original_language"": null}]",,,,
concept:2503e5798f4ba2f3313005ad,Post-Quantum Cryptography (PQC),concept:100a18f9b1db1fce7777d376,2023-07-01,2026-07-01,5,2019-03-16,scholarly,organization:1293a936f14abc8a6b568e70; organization:1c9b897a51d0bc1f1379c71b; organization:aeee8ae9ef8c37a4f4f11c5e; organization:c869cf1a2ff630486febcd0b; organization:ef040f43832696a7d7477e21,work:01a29c39d3cc568543fb244e; work:3e1d7b8881441b81bfa6b2d2; work:15990a62e92eb3f46ce008e7; work:b717ccab1e0f8005ca7428be; work:8abb86ea86a7e19a5068b990,"[{""document_id"": ""work:01a29c39d3cc568543fb244e"", ""title"": ""Secure Optical-transport-network Technology in Anticipation of the Quantum Computer Era"", ""url"": ""https://doi.org/10.53829/ntr202304fa8"", ""date"": ""2023-04-01"", ""source_family"": ""scholarly"", ""original_language"": null}, {""document_id"": ""work:3e1d7b8881441b81bfa6b2d2"", ""title"": ""Navigating the Quantum Threat Landscape: Addressing Classical Cybersecurity Challenges"", ""url"": ""https://doi.org/10.4236/jqis.2023.132005"", ""date"": ""2023-01-01"", ""source_family"": ""scholarly"", ""original_language"": null}, {""document_id"": ""work:15990a62e92eb3f46ce008e7"", ""title"": ""Migrating Applications to Post-Quantum Cryptography: Beyond Algorithm Replacement"", ""url"": ""https://doi.org/10.5220/0012138800003555"", ""date"": ""2023-01-01"", ""source_family"": ""scholarly"", ""original_language"": null}, {""document_id"": ""work:b717ccab1e0f8005ca7428be"", ""title"": ""The “Cyber Security via Determinism” Paradigm for a Quantum Safe Zero Trust Deterministic Internet of Things (IoT)"", ""url"": ""https://doi.org/10.1109/access.2022.3169137"", ""date"": ""2022-01-01"", ""source_family"": ""scholarly"", ""original_language"": null}, {""document_id"": ""work:8abb86ea86a7e19a5068b990"", ""title"": ""Evaluation of Post-Quantum Distributed Ledger Cryptography"", ""url"": ""https://doi.org/10.31585/jbba-2-1-(4)2019"", ""date"": ""2019-03-16"", ""source_family"": ""scholarly"", ""original_language"": null}]",,,,
concept:3d756ff3fc05b7ef030f2903,Initial Crypto-asset Offerings (ICOs),concept:3d756ff3fc05b7ef030f2903,2019-01-01,2022-01-01,2,2018-01-01,scholarly,organization:9feb842c7d200cd996a4bb5c,work:8bddadd02214bd8093d9f356; work:fc08e5c0aa8c2ad62f23d9b4,"[{""document_id"": ""work:8bddadd02214bd8093d9f356"", ""title"": ""Initial Crypto-Asset Offerings (ICOs), Tokenization and Corporate Governance"", ""url"": ""https://doi.org/10.2139/ssrn.3350771"", ""date"": ""2019-01-01"", ""source_family"": ""scholarly"", ""original_language"": null}, {""document_id"": ""work:fc08e5c0aa8c2ad62f23d9b4"", ""title"": "",,,Initial Coin Offerings as Investment Contracts: Are Blockchain Utility Tokens Securities?"", ""url"": ""https://doi.org/10.17161/1808.27486"", ""date"": ""2018-01-01"", ""source_family"": ""scholarly"", ""original_language"": null}]",,,,
concept:3d756ff3fc05b7ef030f2903,Initial Crypto-asset Offerings (ICOs),concept:3d756ff3fc05b7ef030f2903,2021-04-01,2024-04-01,3,2018-01-01,scholarly,organization:40939505e066e75288f63f1d; organization:6288ed5323608a41b504d2c7; organization:9feb842c7d200cd996a4bb5c; organization:a325e3263bdecc993f8999e0; organization:ce23f74b8403376a6766efed,work:dfd6e94f6bac61389d403638; work:8bddadd02214bd8093d9f356; work:fc08e5c0aa8c2ad62f23d9b4,"[{""document_id"": ""work:dfd6e94f6bac61389d403638"", ""title"": ""Initial crypto-asset offerings (ICOs), tokenization and corporate governance"", ""url"": ""https://doi.org/10.1093/cmlj/kmaa005"", ""date"": ""2020-03-20"", ""source_family"": ""scholarly"", ""original_language"": null}, {""document_id"": ""work:8bddadd02214bd8093d9f356"", ""title"": ""Initial Crypto-Asset Offerings (ICOs), Tokenization and Corporate Governance"", ""url"": ""https://doi.org/10.2139/ssrn.3350771"", ""date"": ""2019-01-01"", ""source_family"": ""scholarly"", ""original_language"": null}, {""document_id"": ""work:fc08e5c0aa8c2ad62f23d9b4"", ""title"": "",,,Initial Coin Offerings as Investment Contracts: Are Blockchain Utility Tokens Securities?"", ""url"": ""https://doi.org/10.17161/1808.27486"", ""date"": ""2018-01-01"", ""source_family"": ""scholarly"", ""original_language"": null}]",,,,
concept:3d756ff3fc05b7ef030f2903,Initial Crypto-asset Offerings (ICOs),concept:3d756ff3fc05b7ef030f2903,2023-07-01,2026-07-01,3,2018-01-01,scholarly,organization:40939505e066e75288f63f1d; organization:6288ed5323608a41b504d2c7; organization:9feb842c7d200cd996a4bb5c; organization:a325e3263bdecc993f8999e0; organization:ce23f74b8403376a6766efed,work:dfd6e94f6bac61389d403638; work:8bddadd02214bd8093d9f356; work:fc08e5c0aa8c2ad62f23d9b4,"[{""document_id"": ""work:dfd6e94f6bac61389d403638"", ""title"": ""Initial crypto-asset offerings (ICOs), tokenization and corporate governance"", ""url"": ""https://doi.org/10.1093/cmlj/kmaa005"", ""date"": ""2020-03-20"", ""source_family"": ""scholarly"", ""original_language"": null}, {""document_id"": ""work:8bddadd02214bd8093d9f356"", ""title"": ""Initial Crypto-Asset Offerings (ICOs), Tokenization and Corporate Governance"", ""url"": ""https://doi.org/10.2139/ssrn.3350771"", ""date"": ""2019-01-01"", ""source_family"": ""scholarly"", ""original_language"": null}, {""document_id"": ""work:fc08e5c0aa8c2ad62f23d9b4"", ""title"": "",,,Initial Coin Offerings as Investment Contracts: Are Blockchain Utility Tokens Securities?"", ""url"": ""https://doi.org/10.17161/1808.27486"", ""date"": ""2018-01-01"", ""source_family"": ""scholarly"", ""original_language"": null}]",,,,
concept:4b7dac0abb9474e4424253c0,quantum simulators,concept:4b7dac0abb9474e4424253c0,2022-01-01,2025-01-01,2,2017-09-01,scholarly,organization:3e80a3abcb4a5dc5541b1743; organization:5ab2852f4099fc4f7f562195; organization:6586387231521c1433d07366; organization:68e986b8c4579b763dc2a83e; organization:710b9740cf60fc14965960f0; organization:77f2255e13365d73b07890ca; organization:7ed7329210a7c8b59c7ed85c; organization:8fe1f900fcdd8ad66eb1de34; organization:b44d8f3c4bc43de7892462d0; organization:bc040699ce67d3cd0a658f98; organization:c09c1f689807c08f8310daa3; organization:c90043fce9304d0a7f8ef4c3; organization:eeda67de6f2a555406a58e6b; organization:f4346537ed598002898d9b7e,work:c6cbc3f4faf0e4a29144c9a9; work:0c74a430cbf4d4031b13e442,"[{""document_id"": ""work:c6cbc3f4faf0e4a29144c9a9"", ""title"": ""Quantum Information Science"", ""url"": ""https://doi.org/10.1109/mic.2021.3132591"", ""date"": ""2021-12-03"", ""source_family"": ""scholarly"", ""original_language"": null}, {""document_id"": ""work:0c74a430cbf4d4031b13e442"", ""title"": ""Quantum machine learning"", ""url"": ""https://doi.org/10.1038/nature23474"", ""date"": ""2017-09-01"", ""source_family"": ""scholarly"", ""original_language"": null}]",,,,
concept:4b7dac0abb9474e4424253c0,quantum simulators,concept:4b7dac0abb9474e4424253c0,2022-10-01,2025-10-01,2,2017-09-01,scholarly,organization:3e80a3abcb4a5dc5541b1743; organization:5ab2852f4099fc4f7f562195; organization:6586387231521c1433d07366; organization:68e986b8c4579b763dc2a83e; organization:710b9740cf60fc14965960f0; organization:77f2255e13365d73b07890ca; organization:7ed7329210a7c8b59c7ed85c; organization:8fe1f900fcdd8ad66eb1de34; organization:b44d8f3c4bc43de7892462d0; organization:bc040699ce67d3cd0a658f98; organization:c09c1f689807c08f8310daa3; organization:c90043fce9304d0a7f8ef4c3; organization:eeda67de6f2a555406a58e6b; organization:f4346537ed598002898d9b7e,work:c6cbc3f4faf0e4a29144c9a9; work:0c74a430cbf4d4031b13e442,"[{""document_id"": ""work:c6cbc3f4faf0e4a29144c9a9"", ""title"": ""Quantum Information Science"", ""url"": ""https://doi.org/10.1109/mic.2021.3132591"", ""date"": ""2021-12-03"", ""source_family"": ""scholarly"", ""original_language"": null}, {""document_id"": ""work:0c74a430cbf4d4031b13e442"", ""title"": ""Quantum machine learning"", ""url"": ""https://doi.org/10.1038/nature23474"", ""date"": ""2017-09-01"", ""source_family"": ""scholarly"", ""original_language"": null}]",,,,
concept:4b7dac0abb9474e4424253c0,quantum simulators,concept:4b7dac0abb9474e4424253c0,2023-07-01,2026-07-01,2,2017-09-01,scholarly,organization:3e80a3abcb4a5dc5541b1743; organization:5ab2852f4099fc4f7f562195; organization:6586387231521c1433d07366; organization:68e986b8c4579b763dc2a83e; organization:710b9740cf60fc14965960f0; organization:77f2255e13365d73b07890ca; organization:7ed7329210a7c8b59c7ed85c; organization:8fe1f900fcdd8ad66eb1de34; organization:b44d8f3c4bc43de7892462d0; organization:bc040699ce67d3cd0a658f98; organization:c09c1f689807c08f8310daa3; organization:c90043fce9304d0a7f8ef4c3; organization:eeda67de6f2a555406a58e6b; organization:f4346537ed598002898d9b7e,work:c6cbc3f4faf0e4a29144c9a9; work:0c74a430cbf4d4031b13e442,"[{""document_id"": ""work:c6cbc3f4faf0e4a29144c9a9"", ""title"": ""Quantum Information Science"", ""url"": ""https://doi.org/10.1109/mic.2021.3132591"", ""date"": ""2021-12-03"", ""source_family"": ""scholarly"", ""original_language"": null}, {""document_id"": ""work:0c74a430cbf4d4031b13e442"", ""title"": ""Quantum machine learning"", ""url"": ""https://doi.org/10.1038/nature23474"", ""date"": ""2017-09-01"", ""source_family"": ""scholarly"", ""original_language"": null}]",,,,
concept:4d6f83d3da0d93315fda8352,Quantum-safe cryptographic algorithms,concept:4d6f83d3da0d93315fda8352,2023-01-01,2026-01-01,2,2022-04-06,scholarly,organization:35cfb63b8f6070c4a556c413; organization:701e949443ee0ae3b06e8454,work:fbd2839bb03557858228af26; work:cf5a2a59c19c01e51c2c7b04,"[{""document_id"": ""work:fbd2839bb03557858228af26"", ""title"": ""Transitioning Towards Quantum-Safe Government"", ""url"": ""https://doi.org/10.1145/3560107.3560182"", ""date"": ""2022-10-04"", ""source_family"": ""scholarly"", ""original_language"": null}, {""document_id"": ""work:cf5a2a59c19c01e51c2c7b04"", ""title"": ""Post-Quantum Cryptography Algorithms Standardization and Performance Analysis"", ""url"": ""https://doi.org/10.48550/arxiv.2204.02571"", ""date"": ""2022-04-06"", ""source_family"": ""scholarly"", ""original_language"": null}]",,,,
concept:4d6f83d3da0d93315fda8352,Quantum-safe cryptographic algorithms,concept:4d6f83d3da0d93315fda8352,2023-04-01,2026-04-01,2,2022-04-06,scholarly,organization:35cfb63b8f6070c4a556c413; organization:701e949443ee0ae3b06e8454,work:fbd2839bb03557858228af26; work:cf5a2a59c19c01e51c2c7b04,"[{""document_id"": ""work:fbd2839bb03557858228af26"", ""title"": ""Transitioning Towards Quantum-Safe Government"", ""url"": ""https://doi.org/10.1145/3560107.3560182"", ""date"": ""2022-10-04"", ""source_family"": ""scholarly"", ""original_language"": null}, {""document_id"": ""work:cf5a2a59c19c01e51c2c7b04"", ""title"": ""Post-Quantum Cryptography Algorithms Standardization and Performance Analysis"", ""url"": ""https://doi.org/10.48550/arxiv.2204.02571"", ""date"": ""2022-04-06"", ""source_family"": ""scholarly"", ""original_language"": null}]",,,,
concept:4d6f83d3da0d93315fda8352,Quantum-safe cryptographic algorithms,concept:4d6f83d3da0d93315fda8352,2023-07-01,2026-07-01,2,2022-04-06,scholarly,organization:35cfb63b8f6070c4a556c413; organization:701e949443ee0ae3b06e8454,work:fbd2839bb03557858228af26; work:cf5a2a59c19c01e51c2c7b04,"[{""document_id"": ""work:fbd2839bb03557858228af26"", ""title"": ""Transitioning Towards Quantum-Safe Government"", ""url"": ""https://doi.org/10.1145/3560107.3560182"", ""date"": ""2022-10-04"", ""source_family"": ""scholarly"", ""original_language"": null}, {""document_id"": ""work:cf5a2a59c19c01e51c2c7b04"", ""title"": ""Post-Quantum Cryptography Algorithms Standardization and Performance Analysis"", ""url"": ""https://doi.org/10.48550/arxiv.2204.02571"", ""date"": ""2022-04-06"", ""source_family"": ""scholarly"", ""original_language"": null}]",,,,
concept:4d95499f713e6b5c1d8d3532,post-quantum cryptographic assemblages,concept:4d95499f713e6b5c1d8d3532,2023-01-01,2026-01-01,2,2021-09-03,scholarly,organization:05b81365fccbbd5504c6ae0b; organization:0acee4bbc455166ef5cc600d; organization:3b5f067d8b0fdf16f5b59dc1; organization:4b3ae1d55b2584694a9667e9; organization:55fc09e9037fa4b922157487; organization:9c1e7d1ae2095d26dff2e273; organization:ba1c9ae1683f3d0e6721f588; organization:c424c04e3435bced9dc9ca30; organization:cae19190ded1e83d872f2019,work:ef263f7c6f4e60a8af61a9b4; work:c4265bbe40a33ab8cbb6a5d9,"[{""document_id"": ""work:ef263f7c6f4e60a8af61a9b4"", ""title"": ""Post-quantum cryptographic assemblages and the governance of the quantum threat"", ""url"": ""https://doi.org/10.1093/cybsec/tyad001"", ""date"": ""2023-01-01"", ""source_family"": ""scholarly"", ""original_language"": null}, {""document_id"": ""work:c4265bbe40a33ab8cbb6a5d9"", ""title"": ""Post-Quantum Cryptographic Assemblages and the Governance of the Quantum Threat"", ""url"": ""https://doi.org/10.31235/osf.io/3ws6p"", ""date"": ""2021-09-03"", ""source_family"": ""scholarly"", ""original_language"": null}]",,,,
concept:4d95499f713e6b5c1d8d3532,post-quantum cryptographic assemblages,concept:4d95499f713e6b5c1d8d3532,2023-04-01,2026-04-01,2,2021-09-03,scholarly,organization:05b81365fccbbd5504c6ae0b; organization:0acee4bbc455166ef5cc600d; organization:3b5f067d8b0fdf16f5b59dc1; organization:4b3ae1d55b2584694a9667e9; organization:55fc09e9037fa4b922157487; organization:9c1e7d1ae2095d26dff2e273; organization:ba1c9ae1683f3d0e6721f588; organization:c424c04e3435bced9dc9ca30; organization:cae19190ded1e83d872f2019,work:ef263f7c6f4e60a8af61a9b4; work:c4265bbe40a33ab8cbb6a5d9,"[{""document_id"": ""work:ef263f7c6f4e60a8af61a9b4"", ""title"": ""Post-quantum cryptographic assemblages and the governance of the quantum threat"", ""url"": ""https://doi.org/10.1093/cybsec/tyad001"", ""date"": ""2023-01-01"", ""source_family"": ""scholarly"", ""original_language"": null}, {""document_id"": ""work:c4265bbe40a33ab8cbb6a5d9"", ""title"": ""Post-Quantum Cryptographic Assemblages and the Governance of the Quantum Threat"", ""url"": ""https://doi.org/10.31235/osf.io/3ws6p"", ""date"": ""2021-09-03"", ""source_family"": ""scholarly"", ""original_language"": null}]",,,,
concept:4d95499f713e6b5c1d8d3532,post-quantum cryptographic assemblages,concept:4d95499f713e6b5c1d8d3532,2023-07-01,2026-07-01,2,2021-09-03,scholarly,organization:05b81365fccbbd5504c6ae0b; organization:0acee4bbc455166ef5cc600d; organization:3b5f067d8b0fdf16f5b59dc1; organization:4b3ae1d55b2584694a9667e9; organization:55fc09e9037fa4b922157487; organization:9c1e7d1ae2095d26dff2e273; organization:ba1c9ae1683f3d0e6721f588; organization:c424c04e3435bced9dc9ca30; organization:cae19190ded1e83d872f2019,work:ef263f7c6f4e60a8af61a9b4; work:c4265bbe40a33ab8cbb6a5d9,"[{""document_id"": ""work:ef263f7c6f4e60a8af61a9b4"", ""title"": ""Post-quantum cryptographic assemblages and the governance of the quantum threat"", ""url"": ""https://doi.org/10.1093/cybsec/tyad001"", ""date"": ""2023-01-01"", ""source_family"": ""scholarly"", ""original_language"": null}, {""document_id"": ""work:c4265bbe40a33ab8cbb6a5d9"", ""title"": ""Post-Quantum Cryptographic Assemblages and the Governance of the Quantum Threat"", ""url"": ""https://doi.org/10.31235/osf.io/3ws6p"", ""date"": ""2021-09-03"", ""source_family"": ""scholarly"", ""original_language"": null}]",,,,
concept:557e9abff89cccdb902c8bcb,Central Bank Digital Currency,concept:557e9abff89cccdb902c8bcb,2020-07-01,2023-07-01,2,2017-08-01,scholarly,organization:3de73ee58ee249ad65d5dc89; organization:45ece1911f1d8ec16cc57c06; organization:5b5b3d50a62c2299c0d0d1a6; organization:73c83804aacc59793ff9e767; organization:bd3b230032d2466d91d20818; organization:cb567dd857f8866a72715f39; organization:e03b959a8c0402bdb048318e,work:f86bb6254897892b8e9628a0; work:6b765f751135fa8bdc92355a,"[{""document_id"": ""work:f86bb6254897892b8e9628a0"", ""title"": ""A Survey of Research on Retail Central Bank Digital Currency"", ""url"": ""https://doi.org/10.5089/9781513547787.001"", ""date"": ""2020-06-01"", ""source_family"": ""scholarly"", ""original_language"": null}, {""document_id"": ""work:6b765f751135fa8bdc92355a"", ""title"": ""Central Bank Digital Currency and the Future of Monetary Policy"", ""url"": ""https://doi.org/10.3386/w23711"", ""date"": ""2017-08-01"", ""source_family"": ""scholarly"", ""original_language"": null}]",,,,
concept:557e9abff89cccdb902c8bcb,Central Bank Digital Currency,concept:557e9abff89cccdb902c8bcb,2022-01-01,2025-01-01,11,2017-08-01,scholarly,organization:134aa7bb6d66103739bb18f9; organization:14775890d600621ab8caf4cb; organization:1664c71820553c1e9558a04a; organization:17870fa87cb346b2a0bb7a9e; organization:23ccf52008036a0fc9dd1829; organization:2f135c3f694fa0cb00513576; organization:302eb5bb828534751143f144; organization:329b9ef9497217e49d6a8958; organization:35fff9f2bd3301ce998aba88; organization:3de73ee58ee249ad65d5dc89; organization:440423a64caba79a59119513; organization:45ece1911f1d8ec16cc57c06; organization:53ed64a021d50da0ae7a545b; organization:5b5b3d50a62c2299c0d0d1a6; organization:5fc45197e9a90168eb47a49e; organization:68e986b8c4579b763dc2a83e; organization:73c83804aacc59793ff9e767; organization:7925d4e73f18009e6948134c; organization:7c1a5e266adb0e5d7567e405; organization:7fc367b57fe973054828ecec,work:90459584bb56f81f37b5957c; work:2d62317cd1f0c5fd28c7faad; work:6b437d6a334f09a8ccc05079; work:bdb1b4c0a9a1bbc88479bc5b; work:8eeb6ee30fb979bd4280dde9,"[{""document_id"": ""work:90459584bb56f81f37b5957c"", ""title"": ""The economics of central bank digital currency"", ""url"": ""https://doi.org/10.2139/ssrn.4191600"", ""date"": ""2022-01-01"", ""source_family"": ""scholarly"", ""original_language"": null}, {""document_id"": ""work:2d62317cd1f0c5fd28c7faad"", ""title"": ""From Bitcoin to Central Bank Digital Currencies: Making Sense of the Digital Money Revolution"", ""url"": ""https://doi.org/10.3390/fi13070165"", ""date"": ""2021-06-27"", ""source_family"": ""scholarly"", ""original_language"": null}, {""document_id"": ""work:6b437d6a334f09a8ccc05079"", ""title"": ""Central Bank Digital Currency: Motivations and Implications"", ""url"": ""https://doi.org/10.34989/sdp-2017-16"", ""date"": ""2021-05-25"", ""source_family"": ""scholarly"", ""original_language"": null}, {""document_id"": ""work:bdb1b4c0a9a1bbc88479bc5b"", ""title"": ""Blockchain Implementation Method for Interoperability between CBDCs"", ""url"": ""https://doi.org/10.3390/fi13050133"", ""date"": ""2021-05-18"", ""source_family"": ""scholarly"", ""original_language"": null}, {""document_id"": ""work:8eeb6ee30fb979bd4280dde9"", ""title"": ""Central Banks Digital Currency: Detection of Optimal Countries for the Implementation of a CBDC and the Implication for Payment Industry Open Innovation"", ""url"": ""https://doi.org/10.3390/joitmc7010072"", ""date"": ""2021-02-26"", ""source_family"": ""scholarly"", ""original_language"": null}]",,,,
concept:557e9abff89cccdb902c8bcb,Central Bank Digital Currency,concept:557e9abff89cccdb902c8bcb,2023-07-01,2026-07-01,14,2017-08-01,scholarly,organization:134aa7bb6d66103739bb18f9; organization:14775890d600621ab8caf4cb; organization:1664c71820553c1e9558a04a; organization:17870fa87cb346b2a0bb7a9e; organization:23ccf52008036a0fc9dd1829; organization:2f135c3f694fa0cb00513576; organization:302eb5bb828534751143f144; organization:329b9ef9497217e49d6a8958; organization:35fff9f2bd3301ce998aba88; organization:3de73ee58ee249ad65d5dc89; organization:440423a64caba79a59119513; organization:45ece1911f1d8ec16cc57c06; organization:468010030aae6541cf527ec9; organization:53ed64a021d50da0ae7a545b; organization:5b5b3d50a62c2299c0d0d1a6; organization:5fc45197e9a90168eb47a49e; organization:68e986b8c4579b763dc2a83e; organization:73c83804aacc59793ff9e767; organization:7925d4e73f18009e6948134c; organization:7c1a5e266adb0e5d7567e405,work:5a4c28e1937ace573ac27363; work:1a6994155b960f8c38821b17; work:24787a51c13d28857d83da8d; work:90459584bb56f81f37b5957c; work:2d62317cd1f0c5fd28c7faad,"[{""document_id"": ""work:5a4c28e1937ace573ac27363"", ""title"": ""Blockchain application for central bank digital currencies (CBDC)"", ""url"": ""https://doi.org/10.1007/s10586-022-03962-z"", ""date"": ""2023-01-16"", ""source_family"": ""scholarly"", ""original_language"": null}, {""document_id"": ""work:1a6994155b960f8c38821b17"", ""title"": ""Circular Economy and Central Bank Digital Currency"", ""url"": ""https://doi.org/10.1007/s43615-022-00170-0"", ""date"": ""2022-04-07"", ""source_family"": ""scholarly"", ""original_language"": null}, {""document_id"": ""work:24787a51c13d28857d83da8d"", ""title"": ""Behind the Scenes of Central Bank Digital Currency"", ""url"": ""https://doi.org/10.5089/9798400201219.063"", ""date"": ""2022-02-01"", ""source_family"": ""scholarly"", ""original_language"": null}, {""document_id"": ""work:90459584bb56f81f37b5957c"", ""title"": ""The economics of central bank digital currency"", ""url"": ""https://doi.org/10.2139/ssrn.4191600"", ""date"": ""2022-01-01"", ""source_family"": ""scholarly"", ""original_language"": null}, {""document_id"": ""work:2d62317cd1f0c5fd28c7faad"", ""title"": ""From Bitcoin to Central Bank Digital Currencies: Making Sense of the Digital Money Revolution"", ""url"": ""https://doi.org/10.3390/fi13070165"", ""date"": ""2021-06-27"", ""source_family"": ""scholarly"", ""original_language"": null}]",,,,
concept:55d343acdad2eb88c776adbd,quantum teleportation,concept:55d343acdad2eb88c776adbd,2022-01-01,2025-01-01,2,2011-07-29,scholarly,organization:8fe1f900fcdd8ad66eb1de34; organization:bc040699ce67d3cd0a658f98,work:c6cbc3f4faf0e4a29144c9a9; work:d48bd7cf53e71c65188fa962,"[{""document_id"": ""work:c6cbc3f4faf0e4a29144c9a9"", ""title"": ""Quantum Information Science"", ""url"": ""https://doi.org/10.1109/mic.2021.3132591"", ""date"": ""2021-12-03"", ""source_family"": ""scholarly"", ""original_language"": null}, {""document_id"": ""work:d48bd7cf53e71c65188fa962"", ""title"": ""Quantum Information Science"", ""url"": ""https://doi.org/10.1002/9781118017821.ch4"", ""date"": ""2011-07-29"", ""source_family"": ""scholarly"", ""original_language"": null}]",,,,
concept:55d343acdad2eb88c776adbd,quantum teleportation,concept:55d343acdad2eb88c776adbd,2022-10-01,2025-10-01,2,2011-07-29,scholarly,organization:8fe1f900fcdd8ad66eb1de34; organization:bc040699ce67d3cd0a658f98,work:c6cbc3f4faf0e4a29144c9a9; work:d48bd7cf53e71c65188fa962,"[{""document_id"": ""work:c6cbc3f4faf0e4a29144c9a9"", ""title"": ""Quantum Information Science"", ""url"": ""https://doi.org/10.1109/mic.2021.3132591"", ""date"": ""2021-12-03"", ""source_family"": ""scholarly"", ""original_language"": null}, {""document_id"": ""work:d48bd7cf53e71c65188fa962"", ""title"": ""Quantum Information Science"", ""url"": ""https://doi.org/10.1002/9781118017821.ch4"", ""date"": ""2011-07-29"", ""source_family"": ""scholarly"", ""original_language"": null}]",,,,
concept:55d343acdad2eb88c776adbd,quantum teleportation,concept:55d343acdad2eb88c776adbd,2023-07-01,2026-07-01,2,2011-07-29,scholarly,organization:8fe1f900fcdd8ad66eb1de34; organization:bc040699ce67d3cd0a658f98,work:c6cbc3f4faf0e4a29144c9a9; work:d48bd7cf53e71c65188fa962,"[{""document_id"": ""work:c6cbc3f4faf0e4a29144c9a9"", ""title"": ""Quantum Information Science"", ""url"": ""https://doi.org/10.1109/mic.2021.3132591"", ""date"": ""2021-12-03"", ""source_family"": ""scholarly"", ""original_language"": null}, {""document_id"": ""work:d48bd7cf53e71c65188fa962"", ""title"": ""Quantum Information Science"", ""url"": ""https://doi.org/10.1002/9781118017821.ch4"", ""date"": ""2011-07-29"", ""source_family"": ""scholarly"", ""original_language"": null}]",,,,
concept:5de150762390026bbc0d0b16,Public Key Infrastructure (PKI),concept:5de150762390026bbc0d0b16,2021-07-01,2024-07-01,2,2021-01-01,scholarly,organization:273c53042d21be3ee0ee0985; organization:45f228c559ce9b8c68b4b37e; organization:4c322fd87917a0bb0f166b55; organization:63e48e2f9d36eeafd6de4e49; organization:63f647ce5cecf5840db9b3f0; organization:b082acc7432679f9715b5a68; organization:d5f22f8bcdd6a9157471e00d; organization:eeebd7af996b67d319d049e6,work:6a917839671c4be4a6e412ae; work:fbdc72a65ccf61a9ddc2c6de,"[{""document_id"": ""work:6a917839671c4be4a6e412ae"", ""title"": ""Towards security recommendations for public-key infrastructures for production environments in the post-quantum era"", ""url"": ""https://doi.org/10.1140/epjqt/s40507-021-00104-z"", ""date"": ""2021-05-19"", ""source_family"": ""scholarly"", ""original_language"": null}, {""document_id"": ""work:fbdc72a65ccf61a9ddc2c6de"", ""title"": ""Impact of post-quantum hybrid certificates on PKI, common libraries, and protocols"", ""url"": ""https://doi.org/10.1504/ijsn.2021.117887"", ""date"": ""2021-01-01"", ""source_family"": ""scholarly"", ""original_language"": null}]",,,,
concept:5de150762390026bbc0d0b16,Public Key Infrastructure (PKI),concept:5de150762390026bbc0d0b16,2022-07-01,2025-07-01,2,2021-01-01,scholarly,organization:273c53042d21be3ee0ee0985; organization:45f228c559ce9b8c68b4b37e; organization:4c322fd87917a0bb0f166b55; organization:63e48e2f9d36eeafd6de4e49; organization:63f647ce5cecf5840db9b3f0; organization:b082acc7432679f9715b5a68; organization:d5f22f8bcdd6a9157471e00d; organization:eeebd7af996b67d319d049e6,work:6a917839671c4be4a6e412ae; work:fbdc72a65ccf61a9ddc2c6de,"[{""document_id"": ""work:6a917839671c4be4a6e412ae"", ""title"": ""Towards security recommendations for public-key infrastructures for production environments in the post-quantum era"", ""url"": ""https://doi.org/10.1140/epjqt/s40507-021-00104-z"", ""date"": ""2021-05-19"", ""source_family"": ""scholarly"", ""original_language"": null}, {""document_id"": ""work:fbdc72a65ccf61a9ddc2c6de"", ""title"": ""Impact of post-quantum hybrid certificates on PKI, common libraries, and protocols"", ""url"": ""https://doi.org/10.1504/ijsn.2021.117887"", ""date"": ""2021-01-01"", ""source_family"": ""scholarly"", ""original_language"": null}]",,,,
concept:5de150762390026bbc0d0b16,Public Key Infrastructure (PKI),concept:5de150762390026bbc0d0b16,2023-07-01,2026-07-01,3,2021-01-01,scholarly,organization:273c53042d21be3ee0ee0985; organization:35cfb63b8f6070c4a556c413; organization:45f228c559ce9b8c68b4b37e; organization:4c322fd87917a0bb0f166b55; organization:63e48e2f9d36eeafd6de4e49; organization:63f647ce5cecf5840db9b3f0; organization:701e949443ee0ae3b06e8454; organization:b082acc7432679f9715b5a68; organization:d5f22f8bcdd6a9157471e00d; organization:eeebd7af996b67d319d049e6,work:fbd2839bb03557858228af26; work:6a917839671c4be4a6e412ae; work:fbdc72a65ccf61a9ddc2c6de,"[{""document_id"": ""work:fbd2839bb03557858228af26"", ""title"": ""Transitioning Towards Quantum-Safe Government"", ""url"": ""https://doi.org/10.1145/3560107.3560182"", ""date"": ""2022-10-04"", ""source_family"": ""scholarly"", ""original_language"": null}, {""document_id"": ""work:6a917839671c4be4a6e412ae"", ""title"": ""Towards security recommendations for public-key infrastructures for production environments in the post-quantum era"", ""url"": ""https://doi.org/10.1140/epjqt/s40507-021-00104-z"", ""date"": ""2021-05-19"", ""source_family"": ""scholarly"", ""original_language"": null}, {""document_id"": ""work:fbdc72a65ccf61a9ddc2c6de"", ""title"": ""Impact of post-quantum hybrid certificates on PKI, common libraries, and protocols"", ""url"": ""https://doi.org/10.1504/ijsn.2021.117887"", ""date"": ""2021-01-01"", ""source_family"": ""scholarly"", ""original_language"": null}]",,,,
concept:5e02152b1284507f34a33e29,Post-Quantum Cryptography (PQC) frameworks,concept:5e02152b1284507f34a33e29,2022-07-01,2025-07-01,2,2021-12-01,scholarly,organization:5c0e479ccb92f682a25e5726; organization:6eb0878adad4b752801a7b7a; organization:74a2eb32cedbeb8549030ead,work:22a76abb4585a0f845730aa2; work:b52bd844ab479aff8b6862fd,"[{""document_id"": ""work:22a76abb4585a0f845730aa2"", ""title"": ""Quantum-resistant cryptographic protocols for securing cloud storage and data transmission in hybrid enterprise IT environments"", ""url"": ""https://doi.org/10.30574/wjarr.2022.14.3.0457"", ""date"": ""2022-06-30"", ""source_family"": ""scholarly"", ""original_language"": null}, {""document_id"": ""work:b52bd844ab479aff8b6862fd"", ""title"": ""POST-QUANTUM CRYPTOGRAPHY FRAMEWORKS FOR SECURING GLOBAL CLOUD SYSTEMS"", ""url"": ""https://doi.org/10.63125/dhbvry98"", ""date"": ""2021-12-01"", ""source_family"": ""scholarly"", ""original_language"": null}]",,,,
concept:5e02152b1284507f34a33e29,Post-Quantum Cryptography (PQC) frameworks,concept:5e02152b1284507f34a33e29,2023-01-01,2026-01-01,2,2021-12-01,scholarly,organization:5c0e479ccb92f682a25e5726; organization:6eb0878adad4b752801a7b7a; organization:74a2eb32cedbeb8549030ead,work:22a76abb4585a0f845730aa2; work:b52bd844ab479aff8b6862fd,"[{""document_id"": ""work:22a76abb4585a0f845730aa2"", ""title"": ""Quantum-resistant cryptographic protocols for securing cloud storage and data transmission in hybrid enterprise IT environments"", ""url"": ""https://doi.org/10.30574/wjarr.2022.14.3.0457"", ""date"": ""2022-06-30"", ""source_family"": ""scholarly"", ""original_language"": null}, {""document_id"": ""work:b52bd844ab479aff8b6862fd"", ""title"": ""POST-QUANTUM CRYPTOGRAPHY FRAMEWORKS FOR SECURING GLOBAL CLOUD SYSTEMS"", ""url"": ""https://doi.org/10.63125/dhbvry98"", ""date"": ""2021-12-01"", ""source_family"": ""scholarly"", ""original_language"": null}]",,,,
concept:5e02152b1284507f34a33e29,Post-Quantum Cryptography (PQC) frameworks,concept:5e02152b1284507f34a33e29,2023-07-01,2026-07-01,2,2021-12-01,scholarly,organization:5c0e479ccb92f682a25e5726; organization:6eb0878adad4b752801a7b7a; organization:74a2eb32cedbeb8549030ead,work:22a76abb4585a0f845730aa2; work:b52bd844ab479aff8b6862fd,"[{""document_id"": ""work:22a76abb4585a0f845730aa2"", ""title"": ""Quantum-resistant cryptographic protocols for securing cloud storage and data transmission in hybrid enterprise IT environments"", ""url"": ""https://doi.org/10.30574/wjarr.2022.14.3.0457"", ""date"": ""2022-06-30"", ""source_family"": ""scholarly"", ""original_language"": null}, {""document_id"": ""work:b52bd844ab479aff8b6862fd"", ""title"": ""POST-QUANTUM CRYPTOGRAPHY FRAMEWORKS FOR SECURING GLOBAL CLOUD SYSTEMS"", ""url"": ""https://doi.org/10.63125/dhbvry98"", ""date"": ""2021-12-01"", ""source_family"": ""scholarly"", ""original_language"": null}]",,,,
concept:5fb16a1a8ff4e9aff6af6e7a,Ethereum,concept:5fb16a1a8ff4e9aff6af6e7a,2019-01-01,2022-01-01,2,2018-12-19,scholarly,organization:28d0bda3cc6ad1dfe69686ec; organization:4d7a7d8b64fe11db4638147c; organization:ec5fc82cd0297beeb62d5065,work:91f6404f85a5e940593580df; work:f63885c60b1fea2a63f8b2ed,"[{""document_id"": ""work:91f6404f85a5e940593580df"", ""title"": ""Blockchain-Based Fair Payment Protocol for Deduplication Cloud Storage System"", ""url"": ""https://doi.org/10.1109/access.2019.2939492"", ""date"": ""2019-01-01"", ""source_family"": ""scholarly"", ""original_language"": null}, {""document_id"": ""work:f63885c60b1fea2a63f8b2ed"", ""title"": ""The Challenges of Existence, Status, and Value for Improving Blockchain"", ""url"": ""https://doi.org/10.1109/access.2018.2888697"", ""date"": ""2018-12-19"", ""source_family"": ""scholarly"", ""original_language"": null}]",,,,
concept:5fb16a1a8ff4e9aff6af6e7a,Ethereum,concept:5fb16a1a8ff4e9aff6af6e7a,2021-04-01,2024-04-01,5,2018-12-19,scholarly,organization:23b1f517ad72453f0b8a5e7a; organization:251753f86980db46f09b6538; organization:28d0bda3cc6ad1dfe69686ec; organization:33f682c3b0c098b1b81d629b; organization:3fd469cb97a4d467a57df0d1; organization:4d7a7d8b64fe11db4638147c; organization:5118ca13f162e816aa8ae6cd; organization:57ec82e96ce803c22dc82f3f; organization:66430711fbd6c05c5f74ac53; organization:68e986b8c4579b763dc2a83e; organization:78663705a5be1ba4554aa887; organization:9e3743c8ff66a1c177840486; organization:bcf48e41887bf5801d5e5486; organization:c61f0124e11deddd9e2c0416; organization:ec5fc82cd0297beeb62d5065,work:ab18bc761002ffb43bd5be4d; work:c8d787827e873de907852c35; work:11322bf409fbec93adeb5df3; work:91f6404f85a5e940593580df; work:f63885c60b1fea2a63f8b2ed,"[{""document_id"": ""work:ab18bc761002ffb43bd5be4d"", ""title"": ""A Survey on Ethereum Systems Security"", ""url"": ""https://doi.org/10.1145/3391195"", ""date"": ""2020-06-12"", ""source_family"": ""scholarly"", ""original_language"": null}, {""document_id"": ""work:c8d787827e873de907852c35"", ""title"": ""Blockchain-Based Searchable Encryption Scheme With Fair Payment"", ""url"": ""https://doi.org/10.1109/access.2020.3002264"", ""date"": ""2020-01-01"", ""source_family"": ""scholarly"", ""original_language"": null}, {""document_id"": ""work:11322bf409fbec93adeb5df3"", ""title"": ""Blockchain Technology in Current Agricultural Systems: From Techniques to Applications"", ""url"": ""https://doi.org/10.1109/access.2020.3014522"", ""date"": ""2020-01-01"", ""source_family"": ""scholarly"", ""original_language"": null}, {""document_id"": ""work:91f6404f85a5e940593580df"", ""title"": ""Blockchain-Based Fair Payment Protocol for Deduplication Cloud Storage System"", ""url"": ""https://doi.org/10.1109/access.2019.2939492"", ""date"": ""2019-01-01"", ""source_family"": ""scholarly"", ""original_language"": null}, {""document_id"": ""work:f63885c60b1fea2a63f8b2ed"", ""title"": ""The Challenges of Existence, Status, and Value for Improving Blockchain"", ""url"": ""https://doi.org/10.1109/access.2018.2888697"", ""date"": ""2018-12-19"", ""source_family"": ""scholarly"", ""original_language"": null}]",,,,
concept:5fb16a1a8ff4e9aff6af6e7a,Ethereum,concept:5fb16a1a8ff4e9aff6af6e7a,2023-07-01,2026-07-01,6,2018-12-19,scholarly,organization:23b1f517ad72453f0b8a5e7a; organization:251753f86980db46f09b6538; organization:28d0bda3cc6ad1dfe69686ec; organization:33f682c3b0c098b1b81d629b; organization:3fd469cb97a4d467a57df0d1; organization:4d7a7d8b64fe11db4638147c; organization:5118ca13f162e816aa8ae6cd; organization:57ec82e96ce803c22dc82f3f; organization:66430711fbd6c05c5f74ac53; organization:68e986b8c4579b763dc2a83e; organization:78663705a5be1ba4554aa887; organization:9e3743c8ff66a1c177840486; organization:a2f25d65c0d76dba5123d8bb; organization:bcf48e41887bf5801d5e5486; organization:c61f0124e11deddd9e2c0416; organization:ec5fc82cd0297beeb62d5065,work:cf05dc5b5e36dd783a2b1de5; work:ab18bc761002ffb43bd5be4d; work:c8d787827e873de907852c35; work:11322bf409fbec93adeb5df3; work:91f6404f85a5e940593580df,"[{""document_id"": ""work:cf05dc5b5e36dd783a2b1de5"", ""title"": ""BLOCKCHAIN AND THE APPLICATION OF BLOCKCHAIN TECHNOLOGY"", ""url"": ""https://doi.org/10.12709/mest.10.10.02.02"", ""date"": ""2022-07-13"", ""source_family"": ""scholarly"", ""original_language"": null}, {""document_id"": ""work:ab18bc761002ffb43bd5be4d"", ""title"": ""A Survey on Ethereum Systems Security"", ""url"": ""https://doi.org/10.1145/3391195"", ""date"": ""2020-06-12"", ""source_family"": ""scholarly"", ""original_language"": null}, {""document_id"": ""work:c8d787827e873de907852c35"", ""title"": ""Blockchain-Based Searchable Encryption Scheme With Fair Payment"", ""url"": ""https://doi.org/10.1109/access.2020.3002264"", ""date"": ""2020-01-01"", ""source_family"": ""scholarly"", ""original_language"": null}, {""document_id"": ""work:11322bf409fbec93adeb5df3"", ""title"": ""Blockchain Technology in Current Agricultural Systems: From Techniques to Applications"", ""url"": ""https://doi.org/10.1109/access.2020.3014522"", ""date"": ""2020-01-01"", ""source_family"": ""scholarly"", ""original_language"": null}, {""document_id"": ""work:91f6404f85a5e940593580df"", ""title"": ""Blockchain-Based Fair Payment Protocol for Deduplication Cloud Storage System"", ""url"": ""https://doi.org/10.1109/access.2019.2939492"", ""date"": ""2019-01-01"", ""source_family"": ""scholarly"", ""original_language"": null}]",,,,
concept:61fb037953fb5a64d06e7325,Compressed sensing for QST,concept:61fb037953fb5a64d06e7325,2020-01-01,2023-01-01,2,2019-09-12,scholarly,organization:1dcfd052f65f8f64cf5ab72b; organization:20f08e87e150e515398cde3a; organization:608afb9aa1f13e84558c200d; organization:68e986b8c4579b763dc2a83e; organization:6f94918c4f5d8fdb2dd04fde; organization:6fc16759833fbdaa7f52aba8; organization:7925d4e73f18009e6948134c; organization:84119f949473bc0ad024af25; organization:a325e3263bdecc993f8999e0; organization:b0ffae5ff5999b80a88e0018; organization:bcf48e41887bf5801d5e5486; organization:de66cff3613e444f838f6e24; organization:f4346537ed598002898d9b7e,work:ace38e1c4e31feff4ee0ef0f; work:89e8581a583d859508c94094,"[{""document_id"": ""work:ace38e1c4e31feff4ee0ef0f"", ""title"": ""Machine learning and the physical sciences"", ""url"": ""https://doi.org/10.1103/revmodphys.91.045002"", ""date"": ""2019-12-06"", ""source_family"": ""scholarly"", ""original_language"": null}, {""document_id"": ""work:89e8581a583d859508c94094"", ""title"": ""Machine Learning for Fluid Mechanics"", ""url"": ""https://doi.org/10.1146/annurev-fluid-010719-060214"", ""date"": ""2019-09-12"", ""source_family"": ""scholarly"", ""original_language"": null}]",,,,
concept:61fb037953fb5a64d06e7325,Compressed sensing for QST,concept:61fb037953fb5a64d06e7325,2021-10-01,2024-10-01,2,2019-09-12,scholarly,organization:1dcfd052f65f8f64cf5ab72b; organization:20f08e87e150e515398cde3a; organization:608afb9aa1f13e84558c200d; organization:68e986b8c4579b763dc2a83e; organization:6f94918c4f5d8fdb2dd04fde; organization:6fc16759833fbdaa7f52aba8; organization:7925d4e73f18009e6948134c; organization:84119f949473bc0ad024af25; organization:a325e3263bdecc993f8999e0; organization:b0ffae5ff5999b80a88e0018; organization:bcf48e41887bf5801d5e5486; organization:de66cff3613e444f838f6e24; organization:f4346537ed598002898d9b7e,work:ace38e1c4e31feff4ee0ef0f; work:89e8581a583d859508c94094,"[{""document_id"": ""work:ace38e1c4e31feff4ee0ef0f"", ""title"": ""Machine learning and the physical sciences"", ""url"": ""https://doi.org/10.1103/revmodphys.91.045002"", ""date"": ""2019-12-06"", ""source_family"": ""scholarly"", ""original_language"": null}, {""document_id"": ""work:89e8581a583d859508c94094"", ""title"": ""Machine Learning for Fluid Mechanics"", ""url"": ""https://doi.org/10.1146/annurev-fluid-010719-060214"", ""date"": ""2019-09-12"", ""source_family"": ""scholarly"", ""original_language"": null}]",,,,
concept:61fb037953fb5a64d06e7325,Compressed sensing for QST,concept:61fb037953fb5a64d06e7325,2023-07-01,2026-07-01,2,2019-09-12,scholarly,organization:1dcfd052f65f8f64cf5ab72b; organization:20f08e87e150e515398cde3a; organization:608afb9aa1f13e84558c200d; organization:68e986b8c4579b763dc2a83e; organization:6f94918c4f5d8fdb2dd04fde; organization:6fc16759833fbdaa7f52aba8; organization:7925d4e73f18009e6948134c; organization:84119f949473bc0ad024af25; organization:a325e3263bdecc993f8999e0; organization:b0ffae5ff5999b80a88e0018; organization:bcf48e41887bf5801d5e5486; organization:de66cff3613e444f838f6e24; organization:f4346537ed598002898d9b7e,work:ace38e1c4e31feff4ee0ef0f; work:89e8581a583d859508c94094,"[{""document_id"": ""work:ace38e1c4e31feff4ee0ef0f"", ""title"": ""Machine learning and the physical sciences"", ""url"": ""https://doi.org/10.1103/revmodphys.91.045002"", ""date"": ""2019-12-06"", ""source_family"": ""scholarly"", ""original_language"": null}, {""document_id"": ""work:89e8581a583d859508c94094"", ""title"": ""Machine Learning for Fluid Mechanics"", ""url"": ""https://doi.org/10.1146/annurev-fluid-010719-060214"", ""date"": ""2019-09-12"", ""source_family"": ""scholarly"", ""original_language"": null}]",,,,
concept:66868c041e38c29fe52136cf,Long Short-Term Memory,concept:66868c041e38c29fe52136cf,2020-01-01,2023-01-01,2,2019-09-12,scholarly,organization:1dcfd052f65f8f64cf5ab72b; organization:20f08e87e150e515398cde3a; organization:608afb9aa1f13e84558c200d; organization:68e986b8c4579b763dc2a83e; organization:6f94918c4f5d8fdb2dd04fde; organization:6fc16759833fbdaa7f52aba8; organization:7925d4e73f18009e6948134c; organization:84119f949473bc0ad024af25; organization:a325e3263bdecc993f8999e0; organization:b0ffae5ff5999b80a88e0018; organization:bcf48e41887bf5801d5e5486; organization:de66cff3613e444f838f6e24; organization:f4346537ed598002898d9b7e,work:ace38e1c4e31feff4ee0ef0f; work:89e8581a583d859508c94094,"[{""document_id"": ""work:ace38e1c4e31feff4ee0ef0f"", ""title"": ""Machine learning and the physical sciences"", ""url"": ""https://doi.org/10.1103/revmodphys.91.045002"", ""date"": ""2019-12-06"", ""source_family"": ""scholarly"", ""original_language"": null}, {""document_id"": ""work:89e8581a583d859508c94094"", ""title"": ""Machine Learning for Fluid Mechanics"", ""url"": ""https://doi.org/10.1146/annurev-fluid-010719-060214"", ""date"": ""2019-09-12"", ""source_family"": ""scholarly"", ""original_language"": null}]",,,,
concept:66868c041e38c29fe52136cf,Long Short-Term Memory,concept:66868c041e38c29fe52136cf,2021-10-01,2024-10-01,2,2019-09-12,scholarly,organization:1dcfd052f65f8f64cf5ab72b; organization:20f08e87e150e515398cde3a; organization:608afb9aa1f13e84558c200d; organization:68e986b8c4579b763dc2a83e; organization:6f94918c4f5d8fdb2dd04fde; organization:6fc16759833fbdaa7f52aba8; organization:7925d4e73f18009e6948134c; organization:84119f949473bc0ad024af25; organization:a325e3263bdecc993f8999e0; organization:b0ffae5ff5999b80a88e0018; organization:bcf48e41887bf5801d5e5486; organization:de66cff3613e444f838f6e24; organization:f4346537ed598002898d9b7e,work:ace38e1c4e31feff4ee0ef0f; work:89e8581a583d859508c94094,"[{""document_id"": ""work:ace38e1c4e31feff4ee0ef0f"", ""title"": ""Machine learning and the physical sciences"", ""url"": ""https://doi.org/10.1103/revmodphys.91.045002"", ""date"": ""2019-12-06"", ""source_family"": ""scholarly"", ""original_language"": null}, {""document_id"": ""work:89e8581a583d859508c94094"", ""title"": ""Machine Learning for Fluid Mechanics"", ""url"": ""https://doi.org/10.1146/annurev-fluid-010719-060214"", ""date"": ""2019-09-12"", ""source_family"": ""scholarly"", ""original_language"": null}]",,,,
concept:66868c041e38c29fe52136cf,Long Short-Term Memory,concept:66868c041e38c29fe52136cf,2023-07-01,2026-07-01,2,2019-09-12,scholarly,organization:1dcfd052f65f8f64cf5ab72b; organization:20f08e87e150e515398cde3a; organization:608afb9aa1f13e84558c200d; organization:68e986b8c4579b763dc2a83e; organization:6f94918c4f5d8fdb2dd04fde; organization:6fc16759833fbdaa7f52aba8; organization:7925d4e73f18009e6948134c; organization:84119f949473bc0ad024af25; organization:a325e3263bdecc993f8999e0; organization:b0ffae5ff5999b80a88e0018; organization:bcf48e41887bf5801d5e5486; organization:de66cff3613e444f838f6e24; organization:f4346537ed598002898d9b7e,work:ace38e1c4e31feff4ee0ef0f; work:89e8581a583d859508c94094,"[{""document_id"": ""work:ace38e1c4e31feff4ee0ef0f"", ""title"": ""Machine learning and the physical sciences"", ""url"": ""https://doi.org/10.1103/revmodphys.91.045002"", ""date"": ""2019-12-06"", ""source_family"": ""scholarly"", ""original_language"": null}, {""document_id"": ""work:89e8581a583d859508c94094"", ""title"": ""Machine Learning for Fluid Mechanics"", ""url"": ""https://doi.org/10.1146/annurev-fluid-010719-060214"", ""date"": ""2019-09-12"", ""source_family"": ""scholarly"", ""original_language"": null}]",,,,
concept:6cce4b340a543f6c0ab8dc31,Generative Adversarial Networks,concept:6cce4b340a543f6c0ab8dc31,2020-01-01,2023-01-01,2,2019-09-12,scholarly,organization:1dcfd052f65f8f64cf5ab72b; organization:20f08e87e150e515398cde3a; organization:608afb9aa1f13e84558c200d; organization:68e986b8c4579b763dc2a83e; organization:6f94918c4f5d8fdb2dd04fde; organization:6fc16759833fbdaa7f52aba8; organization:7925d4e73f18009e6948134c; organization:84119f949473bc0ad024af25; organization:a325e3263bdecc993f8999e0; organization:b0ffae5ff5999b80a88e0018; organization:bcf48e41887bf5801d5e5486; organization:de66cff3613e444f838f6e24; organization:f4346537ed598002898d9b7e,work:ace38e1c4e31feff4ee0ef0f; work:89e8581a583d859508c94094,"[{""document_id"": ""work:ace38e1c4e31feff4ee0ef0f"", ""title"": ""Machine learning and the physical sciences"", ""url"": ""https://doi.org/10.1103/revmodphys.91.045002"", ""date"": ""2019-12-06"", ""source_family"": ""scholarly"", ""original_language"": null}, {""document_id"": ""work:89e8581a583d859508c94094"", ""title"": ""Machine Learning for Fluid Mechanics"", ""url"": ""https://doi.org/10.1146/annurev-fluid-010719-060214"", ""date"": ""2019-09-12"", ""source_family"": ""scholarly"", ""original_language"": null}]",,,,
concept:6cce4b340a543f6c0ab8dc31,Generative Adversarial Networks,concept:6cce4b340a543f6c0ab8dc31,2021-10-01,2024-10-01,2,2019-09-12,scholarly,organization:1dcfd052f65f8f64cf5ab72b; organization:20f08e87e150e515398cde3a; organization:608afb9aa1f13e84558c200d; organization:68e986b8c4579b763dc2a83e; organization:6f94918c4f5d8fdb2dd04fde; organization:6fc16759833fbdaa7f52aba8; organization:7925d4e73f18009e6948134c; organization:84119f949473bc0ad024af25; organization:a325e3263bdecc993f8999e0; organization:b0ffae5ff5999b80a88e0018; organization:bcf48e41887bf5801d5e5486; organization:de66cff3613e444f838f6e24; organization:f4346537ed598002898d9b7e,work:ace38e1c4e31feff4ee0ef0f; work:89e8581a583d859508c94094,"[{""document_id"": ""work:ace38e1c4e31feff4ee0ef0f"", ""title"": ""Machine learning and the physical sciences"", ""url"": ""https://doi.org/10.1103/revmodphys.91.045002"", ""date"": ""2019-12-06"", ""source_family"": ""scholarly"", ""original_language"": null}, {""document_id"": ""work:89e8581a583d859508c94094"", ""title"": ""Machine Learning for Fluid Mechanics"", ""url"": ""https://doi.org/10.1146/annurev-fluid-010719-060214"", ""date"": ""2019-09-12"", ""source_family"": ""scholarly"", ""original_language"": null}]",,,,
concept:6cce4b340a543f6c0ab8dc31,Generative Adversarial Networks,concept:6cce4b340a543f6c0ab8dc31,2023-07-01,2026-07-01,2,2019-09-12,scholarly,organization:1dcfd052f65f8f64cf5ab72b; organization:20f08e87e150e515398cde3a; organization:608afb9aa1f13e84558c200d; organization:68e986b8c4579b763dc2a83e; organization:6f94918c4f5d8fdb2dd04fde; organization:6fc16759833fbdaa7f52aba8; organization:7925d4e73f18009e6948134c; organization:84119f949473bc0ad024af25; organization:a325e3263bdecc993f8999e0; organization:b0ffae5ff5999b80a88e0018; organization:bcf48e41887bf5801d5e5486; organization:de66cff3613e444f838f6e24; organization:f4346537ed598002898d9b7e,work:ace38e1c4e31feff4ee0ef0f; work:89e8581a583d859508c94094,"[{""document_id"": ""work:ace38e1c4e31feff4ee0ef0f"", ""title"": ""Machine learning and the physical sciences"", ""url"": ""https://doi.org/10.1103/revmodphys.91.045002"", ""date"": ""2019-12-06"", ""source_family"": ""scholarly"", ""original_language"": null}, {""document_id"": ""work:89e8581a583d859508c94094"", ""title"": ""Machine Learning for Fluid Mechanics"", ""url"": ""https://doi.org/10.1146/annurev-fluid-010719-060214"", ""date"": ""2019-09-12"", ""source_family"": ""scholarly"", ""original_language"": null}]",,,,
concept:6ec797f97ab98c88883b12d1,Scaling solutions for blockchain,concept:6ec797f97ab98c88883b12d1,2020-01-01,2023-01-01,2,2020-01-01,scholarly,organization:26e8591d05259a3d6877a25c; organization:2a3771dd00f1114a54201100; organization:61f2f6d8d4d248d64d491e48; organization:879494f55bd20c265e61f1a0; organization:e1507be3522f335a779346ed; organization:ec5fc82cd0297beeb62d5065,work:71b51fec9ab5ca2bc865a781; work:4c4312cd6e0639dda65e40f6,"[{""document_id"": ""work:71b51fec9ab5ca2bc865a781"", ""title"": ""Scaling Blockchains: A Comprehensive Survey"", ""url"": ""https://doi.org/10.1109/access.2020.3007251"", ""date"": ""2020-01-01"", ""source_family"": ""scholarly"", ""original_language"": null}, {""document_id"": ""work:4c4312cd6e0639dda65e40f6"", ""title"": ""Solutions to Scalability of Blockchain: A Survey"", ""url"": ""https://doi.org/10.1109/access.2020.2967218"", ""date"": ""2020-01-01"", ""source_family"": ""scholarly"", ""original_language"": null}]",,,,
concept:6ec797f97ab98c88883b12d1,Scaling solutions for blockchain,concept:6ec797f97ab98c88883b12d1,2021-10-01,2024-10-01,2,2020-01-01,scholarly,organization:26e8591d05259a3d6877a25c; organization:2a3771dd00f1114a54201100; organization:61f2f6d8d4d248d64d491e48; organization:879494f55bd20c265e61f1a0; organization:e1507be3522f335a779346ed; organization:ec5fc82cd0297beeb62d5065,work:71b51fec9ab5ca2bc865a781; work:4c4312cd6e0639dda65e40f6,"[{""document_id"": ""work:71b51fec9ab5ca2bc865a781"", ""title"": ""Scaling Blockchains: A Comprehensive Survey"", ""url"": ""https://doi.org/10.1109/access.2020.3007251"", ""date"": ""2020-01-01"", ""source_family"": ""scholarly"", ""original_language"": null}, {""document_id"": ""work:4c4312cd6e0639dda65e40f6"", ""title"": ""Solutions to Scalability of Blockchain: A Survey"", ""url"": ""https://doi.org/10.1109/access.2020.2967218"", ""date"": ""2020-01-01"", ""source_family"": ""scholarly"", ""original_language"": null}]",,,,
concept:6ec797f97ab98c88883b12d1,Scaling solutions for blockchain,concept:6ec797f97ab98c88883b12d1,2023-07-01,2026-07-01,2,2020-01-01,scholarly,organization:26e8591d05259a3d6877a25c; organization:2a3771dd00f1114a54201100; organization:61f2f6d8d4d248d64d491e48; organization:879494f55bd20c265e61f1a0; organization:e1507be3522f335a779346ed; organization:ec5fc82cd0297beeb62d5065,work:71b51fec9ab5ca2bc865a781; work:4c4312cd6e0639dda65e40f6,"[{""document_id"": ""work:71b51fec9ab5ca2bc865a781"", ""title"": ""Scaling Blockchains: A Comprehensive Survey"", ""url"": ""https://doi.org/10.1109/access.2020.3007251"", ""date"": ""2020-01-01"", ""source_family"": ""scholarly"", ""original_language"": null}, {""document_id"": ""work:4c4312cd6e0639dda65e40f6"", ""title"": ""Solutions to Scalability of Blockchain: A Survey"", ""url"": ""https://doi.org/10.1109/access.2020.2967218"", ""date"": ""2020-01-01"", ""source_family"": ""scholarly"", ""original_language"": null}]",,,,
concept:7113d535db62e0caa78e5dd4,Lightning Network,concept:7113d535db62e0caa78e5dd4,2021-10-01,2024-10-01,2,2020-07-16,scholarly,organization:01353a5c8bb7204a440c5f45; organization:54234a05b27d63ffbb4b257a; organization:7fc367b57fe973054828ecec; organization:8067fa7097fa59f7abc27925; organization:83a1794a9ec5275f06860b6c; organization:c35f09a281986e499fb4951c; organization:d1f20eab95eb49dfcd50423d; organization:e19898cd1a4487d29fbbf5d0; organization:f7e1aec7c5f9707cf51d579e; organization:fe0aa8f08bc00169e9bee4da,work:7633dfef6a8c743b06299ea7; work:33c027ce3d74f7308baa28e7,"[{""document_id"": ""work:7633dfef6a8c743b06299ea7"", ""title"": ""Incentives and Cryptographic Protocols for Bitcoin-like Blockchains"", ""url"": ""https://doi.org/10.4233/uuid:d467c061-ef88-4b70-aaf2-5233923282eb"", ""date"": ""2021-09-13"", ""source_family"": ""scholarly"", ""original_language"": null}, {""document_id"": ""work:33c027ce3d74f7308baa28e7"", ""title"": ""A Quantum Money Solution to the Blockchain Scalability Problem"", ""url"": ""https://doi.org/10.22331/q-2020-07-16-297"", ""date"": ""2020-07-16"", ""source_family"": ""scholarly"", ""original_language"": null}]",,,,
concept:7113d535db62e0caa78e5dd4,Lightning Network,concept:7113d535db62e0caa78e5dd4,2022-07-01,2025-07-01,2,2020-07-16,scholarly,organization:01353a5c8bb7204a440c5f45; organization:54234a05b27d63ffbb4b257a; organization:7fc367b57fe973054828ecec; organization:8067fa7097fa59f7abc27925; organization:83a1794a9ec5275f06860b6c; organization:c35f09a281986e499fb4951c; organization:d1f20eab95eb49dfcd50423d; organization:e19898cd1a4487d29fbbf5d0; organization:f7e1aec7c5f9707cf51d579e; organization:fe0aa8f08bc00169e9bee4da,work:7633dfef6a8c743b06299ea7; work:33c027ce3d74f7308baa28e7,"[{""document_id"": ""work:7633dfef6a8c743b06299ea7"", ""title"": ""Incentives and Cryptographic Protocols for Bitcoin-like Blockchains"", ""url"": ""https://doi.org/10.4233/uuid:d467c061-ef88-4b70-aaf2-5233923282eb"", ""date"": ""2021-09-13"", ""source_family"": ""scholarly"", ""original_language"": null}, {""document_id"": ""work:33c027ce3d74f7308baa28e7"", ""title"": ""A Quantum Money Solution to the Blockchain Scalability Problem"", ""url"": ""https://doi.org/10.22331/q-2020-07-16-297"", ""date"": ""2020-07-16"", ""source_family"": ""scholarly"", ""original_language"": null}]",,,,
concept:7113d535db62e0caa78e5dd4,Lightning Network,concept:7113d535db62e0caa78e5dd4,2023-07-01,2026-07-01,2,2020-07-16,scholarly,organization:01353a5c8bb7204a440c5f45; organization:54234a05b27d63ffbb4b257a; organization:7fc367b57fe973054828ecec; organization:8067fa7097fa59f7abc27925; organization:83a1794a9ec5275f06860b6c; organization:c35f09a281986e499fb4951c; organization:d1f20eab95eb49dfcd50423d; organization:e19898cd1a4487d29fbbf5d0; organization:f7e1aec7c5f9707cf51d579e; organization:fe0aa8f08bc00169e9bee4da,work:7633dfef6a8c743b06299ea7; work:33c027ce3d74f7308baa28e7,"[{""document_id"": ""work:7633dfef6a8c743b06299ea7"", ""title"": ""Incentives and Cryptographic Protocols for Bitcoin-like Blockchains"", ""url"": ""https://doi.org/10.4233/uuid:d467c061-ef88-4b70-aaf2-5233923282eb"", ""date"": ""2021-09-13"", ""source_family"": ""scholarly"", ""original_language"": null}, {""document_id"": ""work:33c027ce3d74f7308baa28e7"", ""title"": ""A Quantum Money Solution to the Blockchain Scalability Problem"", ""url"": ""https://doi.org/10.22331/q-2020-07-16-297"", ""date"": ""2020-07-16"", ""source_family"": ""scholarly"", ""original_language"": null}]",,,,
concept:7a18693b7a4a5b259de48c9f,Gradient Boosting with XGBoost,concept:7a18693b7a4a5b259de48c9f,2020-10-01,2023-10-01,2,2017-02-16,scholarly,organization:56cace7b4465800fdae2806c; organization:5eb1e8c56edd0415c7994901; organization:a2f25d65c0d76dba5123d8bb; organization:a7baf4b1cf266977d6ec2a54; organization:ce380c6e2b03cdf0ecb99732; organization:daff9b241ed508bd99924ac6; organization:e1461cc3702f110061e02d27; organization:e1507be3522f335a779346ed,work:5a723bab35e1d4938997dcf5; work:77f8c29268273c9013aec27d,"[{""document_id"": ""work:5a723bab35e1d4938997dcf5"", ""title"": ""On hyperparameter optimization of machine learning algorithms: Theory and practice"", ""url"": ""https://doi.org/10.1016/j.neucom.2020.07.061"", ""date"": ""2020-07-25"", ""source_family"": ""scholarly"", ""original_language"": null}, {""document_id"": ""work:77f8c29268273c9013aec27d"", ""title"": ""SoilGrids250m: Global gridded soil information based on machine learning"", ""url"": ""https://doi.org/10.1371/journal.pone.0169748"", ""date"": ""2017-02-16"", ""source_family"": ""scholarly"", ""original_language"": null}]",,,,
concept:7a18693b7a4a5b259de48c9f,Gradient Boosting with XGBoost,concept:7a18693b7a4a5b259de48c9f,2022-01-01,2025-01-01,2,2017-02-16,scholarly,organization:56cace7b4465800fdae2806c; organization:5eb1e8c56edd0415c7994901; organization:a2f25d65c0d76dba5123d8bb; organization:a7baf4b1cf266977d6ec2a54; organization:ce380c6e2b03cdf0ecb99732; organization:daff9b241ed508bd99924ac6; organization:e1461cc3702f110061e02d27; organization:e1507be3522f335a779346ed,work:5a723bab35e1d4938997dcf5; work:77f8c29268273c9013aec27d,"[{""document_id"": ""work:5a723bab35e1d4938997dcf5"", ""title"": ""On hyperparameter optimization of machine learning algorithms: Theory and practice"", ""url"": ""https://doi.org/10.1016/j.neucom.2020.07.061"", ""date"": ""2020-07-25"", ""source_family"": ""scholarly"", ""original_language"": null}, {""document_id"": ""work:77f8c29268273c9013aec27d"", ""title"": ""SoilGrids250m: Global gridded soil information based on machine learning"", ""url"": ""https://doi.org/10.1371/journal.pone.0169748"", ""date"": ""2017-02-16"", ""source_family"": ""scholarly"", ""original_language"": null}]",,,,
concept:7a18693b7a4a5b259de48c9f,Gradient Boosting with XGBoost,concept:7a18693b7a4a5b259de48c9f,2023-07-01,2026-07-01,2,2017-02-16,scholarly,organization:56cace7b4465800fdae2806c; organization:5eb1e8c56edd0415c7994901; organization:a2f25d65c0d76dba5123d8bb; organization:a7baf4b1cf266977d6ec2a54; organization:ce380c6e2b03cdf0ecb99732; organization:daff9b241ed508bd99924ac6; organization:e1461cc3702f110061e02d27; organization:e1507be3522f335a779346ed,work:5a723bab35e1d4938997dcf5; work:77f8c29268273c9013aec27d,"[{""document_id"": ""work:5a723bab35e1d4938997dcf5"", ""title"": ""On hyperparameter optimization of machine learning algorithms: Theory and practice"", ""url"": ""https://doi.org/10.1016/j.neucom.2020.07.061"", ""date"": ""2020-07-25"", ""source_family"": ""scholarly"", ""original_language"": null}, {""document_id"": ""work:77f8c29268273c9013aec27d"", ""title"": ""SoilGrids250m: Global gridded soil information based on machine learning"", ""url"": ""https://doi.org/10.1371/journal.pone.0169748"", ""date"": ""2017-02-16"", ""source_family"": ""scholarly"", ""original_language"": null}]",,,,
concept:7ad9361ee152b83a52687d53,tokenization,concept:6a703ea12af1ef1b2539402a,2020-04-01,2023-04-01,2,2019-01-01,scholarly,organization:40939505e066e75288f63f1d; organization:6288ed5323608a41b504d2c7; organization:9feb842c7d200cd996a4bb5c; organization:a325e3263bdecc993f8999e0; organization:ce23f74b8403376a6766efed,work:dfd6e94f6bac61389d403638; work:8bddadd02214bd8093d9f356,"[{""document_id"": ""work:dfd6e94f6bac61389d403638"", ""title"": ""Initial crypto-asset offerings (ICOs), tokenization and corporate governance"", ""url"": ""https://doi.org/10.1093/cmlj/kmaa005"", ""date"": ""2020-03-20"", ""source_family"": ""scholarly"", ""original_language"": null}, {""document_id"": ""work:8bddadd02214bd8093d9f356"", ""title"": ""Initial Crypto-Asset Offerings (ICOs), Tokenization and Corporate Governance"", ""url"": ""https://doi.org/10.2139/ssrn.3350771"", ""date"": ""2019-01-01"", ""source_family"": ""scholarly"", ""original_language"": null}]",,,,
concept:7ad9361ee152b83a52687d53,tokenization,concept:6a703ea12af1ef1b2539402a,2021-10-01,2024-10-01,2,2019-01-01,scholarly,organization:40939505e066e75288f63f1d; organization:6288ed5323608a41b504d2c7; organization:9feb842c7d200cd996a4bb5c; organization:a325e3263bdecc993f8999e0; organization:ce23f74b8403376a6766efed,work:dfd6e94f6bac61389d403638; work:8bddadd02214bd8093d9f356,"[{""document_id"": ""work:dfd6e94f6bac61389d403638"", ""title"": ""Initial crypto-asset offerings (ICOs), tokenization and corporate governance"", ""url"": ""https://doi.org/10.1093/cmlj/kmaa005"", ""date"": ""2020-03-20"", ""source_family"": ""scholarly"", ""original_language"": null}, {""document_id"": ""work:8bddadd02214bd8093d9f356"", ""title"": ""Initial Crypto-Asset Offerings (ICOs), Tokenization and Corporate Governance"", ""url"": ""https://doi.org/10.2139/ssrn.3350771"", ""date"": ""2019-01-01"", ""source_family"": ""scholarly"", ""original_language"": null}]",,,,
concept:7ad9361ee152b83a52687d53,tokenization,concept:6a703ea12af1ef1b2539402a,2023-07-01,2026-07-01,2,2019-01-01,scholarly,organization:40939505e066e75288f63f1d; organization:6288ed5323608a41b504d2c7; organization:9feb842c7d200cd996a4bb5c; organization:a325e3263bdecc993f8999e0; organization:ce23f74b8403376a6766efed,work:dfd6e94f6bac61389d403638; work:8bddadd02214bd8093d9f356,"[{""document_id"": ""work:dfd6e94f6bac61389d403638"", ""title"": ""Initial crypto-asset offerings (ICOs), tokenization and corporate governance"", ""url"": ""https://doi.org/10.1093/cmlj/kmaa005"", ""date"": ""2020-03-20"", ""source_family"": ""scholarly"", ""original_language"": null}, {""document_id"": ""work:8bddadd02214bd8093d9f356"", ""title"": ""Initial Crypto-Asset Offerings (ICOs), Tokenization and Corporate Governance"", ""url"": ""https://doi.org/10.2139/ssrn.3350771"", ""date"": ""2019-01-01"", ""source_family"": ""scholarly"", ""original_language"": null}]",,,,
concept:807a77a866f91e433a96eb19,Sharding in blockchain,concept:6ec797f97ab98c88883b12d1,2022-01-01,2025-01-01,2,2020-01-01,scholarly,organization:26e8591d05259a3d6877a25c; organization:61f2f6d8d4d248d64d491e48; organization:879494f55bd20c265e61f1a0; organization:ca7c4f1c75d42bfe9803b8e2; organization:d4f7bb26bf5b2275de456045; organization:e502175cc497d9b5bedd858e; organization:ec5fc82cd0297beeb62d5065; organization:f550dc7a2b11135c1eee27a3,work:b0647951fdfe58ae9ba958a4; work:71b51fec9ab5ca2bc865a781,"[{""document_id"": ""work:b0647951fdfe58ae9ba958a4"", ""title"": ""A Comprehensive Survey on Sharding in Blockchains"", ""url"": ""https://doi.org/10.1155/2021/5483243"", ""date"": ""2021-12-18"", ""source_family"": ""scholarly"", ""original_language"": null}, {""document_id"": ""work:71b51fec9ab5ca2bc865a781"", ""title"": ""Scaling Blockchains: A Comprehensive Survey"", ""url"": ""https://doi.org/10.1109/access.2020.3007251"", ""date"": ""2020-01-01"", ""source_family"": ""scholarly"", ""original_language"": null}]",,,,
concept:807a77a866f91e433a96eb19,Sharding in blockchain,concept:6ec797f97ab98c88883b12d1,2022-10-01,2025-10-01,2,2020-01-01,scholarly,organization:26e8591d05259a3d6877a25c; organization:61f2f6d8d4d248d64d491e48; organization:879494f55bd20c265e61f1a0; organization:ca7c4f1c75d42bfe9803b8e2; organization:d4f7bb26bf5b2275de456045; organization:e502175cc497d9b5bedd858e; organization:ec5fc82cd0297beeb62d5065; organization:f550dc7a2b11135c1eee27a3,work:b0647951fdfe58ae9ba958a4; work:71b51fec9ab5ca2bc865a781,"[{""document_id"": ""work:b0647951fdfe58ae9ba958a4"", ""title"": ""A Comprehensive Survey on Sharding in Blockchains"", ""url"": ""https://doi.org/10.1155/2021/5483243"", ""date"": ""2021-12-18"", ""source_family"": ""scholarly"", ""original_language"": null}, {""document_id"": ""work:71b51fec9ab5ca2bc865a781"", ""title"": ""Scaling Blockchains: A Comprehensive Survey"", ""url"": ""https://doi.org/10.1109/access.2020.3007251"", ""date"": ""2020-01-01"", ""source_family"": ""scholarly"", ""original_language"": null}]",,,,
concept:807a77a866f91e433a96eb19,Sharding in blockchain,concept:6ec797f97ab98c88883b12d1,2023-07-01,2026-07-01,2,2020-01-01,scholarly,organization:26e8591d05259a3d6877a25c; organization:61f2f6d8d4d248d64d491e48; organization:879494f55bd20c265e61f1a0; organization:ca7c4f1c75d42bfe9803b8e2; organization:d4f7bb26bf5b2275de456045; organization:e502175cc497d9b5bedd858e; organization:ec5fc82cd0297beeb62d5065; organization:f550dc7a2b11135c1eee27a3,work:b0647951fdfe58ae9ba958a4; work:71b51fec9ab5ca2bc865a781,"[{""document_id"": ""work:b0647951fdfe58ae9ba958a4"", ""title"": ""A Comprehensive Survey on Sharding in Blockchains"", ""url"": ""https://doi.org/10.1155/2021/5483243"", ""date"": ""2021-12-18"", ""source_family"": ""scholarly"", ""original_language"": null}, {""document_id"": ""work:71b51fec9ab5ca2bc865a781"", ""title"": ""Scaling Blockchains: A Comprehensive Survey"", ""url"": ""https://doi.org/10.1109/access.2020.3007251"", ""date"": ""2020-01-01"", ""source_family"": ""scholarly"", ""original_language"": null}]",,,,
concept:8207f97d85118a779365d576,distributed metaverse architecture with ternary-world interactions,concept:8207f97d85118a779365d576,2022-07-01,2025-07-01,2,2022-03-06,scholarly,organization:0b49a6e3ae8063ae1c1edce6; organization:acc38358b27c58495f7a150c; organization:b44d8f3c4bc43de7892462d0; organization:f8ca9bd0f405e4857833fa7e,work:1662249e210d6514c1468cf1; work:9378a10e4f0c8ef8f4a0aec9,"[{""document_id"": ""work:1662249e210d6514c1468cf1"", ""title"": ""A Survey on Metaverse: Fundamentals, Security, and Privacy"", ""url"": ""https://doi.org/10.36227/techrxiv.19255058.v2"", ""date"": ""2022-04-11"", ""source_family"": ""scholarly"", ""original_language"": null}, {""document_id"": ""work:9378a10e4f0c8ef8f4a0aec9"", ""title"": ""A Survey on Metaverse: Fundamentals, Security, and Privacy"", ""url"": ""https://doi.org/10.36227/techrxiv.19255058.v1"", ""date"": ""2022-03-06"", ""source_family"": ""scholarly"", ""original_language"": null}]",,,,
concept:8207f97d85118a779365d576,distributed metaverse architecture with ternary-world interactions,concept:8207f97d85118a779365d576,2023-01-01,2026-01-01,2,2022-03-06,scholarly,organization:0b49a6e3ae8063ae1c1edce6; organization:acc38358b27c58495f7a150c; organization:b44d8f3c4bc43de7892462d0; organization:f8ca9bd0f405e4857833fa7e,work:1662249e210d6514c1468cf1; work:9378a10e4f0c8ef8f4a0aec9,"[{""document_id"": ""work:1662249e210d6514c1468cf1"", ""title"": ""A Survey on Metaverse: Fundamentals, Security, and Privacy"", ""url"": ""https://doi.org/10.36227/techrxiv.19255058.v2"", ""date"": ""2022-04-11"", ""source_family"": ""scholarly"", ""original_language"": null}, {""document_id"": ""work:9378a10e4f0c8ef8f4a0aec9"", ""title"": ""A Survey on Metaverse: Fundamentals, Security, and Privacy"", ""url"": ""https://doi.org/10.36227/techrxiv.19255058.v1"", ""date"": ""2022-03-06"", ""source_family"": ""scholarly"", ""original_language"": null}]",,,,
concept:8207f97d85118a779365d576,distributed metaverse architecture with ternary-world interactions,concept:8207f97d85118a779365d576,2023-07-01,2026-07-01,2,2022-03-06,scholarly,organization:0b49a6e3ae8063ae1c1edce6; organization:acc38358b27c58495f7a150c; organization:b44d8f3c4bc43de7892462d0; organization:f8ca9bd0f405e4857833fa7e,work:1662249e210d6514c1468cf1; work:9378a10e4f0c8ef8f4a0aec9,"[{""document_id"": ""work:1662249e210d6514c1468cf1"", ""title"": ""A Survey on Metaverse: Fundamentals, Security, and Privacy"", ""url"": ""https://doi.org/10.36227/techrxiv.19255058.v2"", ""date"": ""2022-04-11"", ""source_family"": ""scholarly"", ""original_language"": null}, {""document_id"": ""work:9378a10e4f0c8ef8f4a0aec9"", ""title"": ""A Survey on Metaverse: Fundamentals, Security, and Privacy"", ""url"": ""https://doi.org/10.36227/techrxiv.19255058.v1"", ""date"": ""2022-03-06"", ""source_family"": ""scholarly"", ""original_language"": null}]",,,,
concept:83baf8b143644ea212d7dca0,Decentralized Autonomous Organization (DAO),concept:83baf8b143644ea212d7dca0,2020-04-01,2023-04-01,2,2019-01-01,scholarly,organization:40939505e066e75288f63f1d; organization:6288ed5323608a41b504d2c7; organization:9feb842c7d200cd996a4bb5c; organization:a325e3263bdecc993f8999e0; organization:ce23f74b8403376a6766efed,work:dfd6e94f6bac61389d403638; work:8bddadd02214bd8093d9f356,"[{""document_id"": ""work:dfd6e94f6bac61389d403638"", ""title"": ""Initial crypto-asset offerings (ICOs), tokenization and corporate governance"", ""url"": ""https://doi.org/10.1093/cmlj/kmaa005"", ""date"": ""2020-03-20"", ""source_family"": ""scholarly"", ""original_language"": null}, {""document_id"": ""work:8bddadd02214bd8093d9f356"", ""title"": ""Initial Crypto-Asset Offerings (ICOs), Tokenization and Corporate Governance"", ""url"": ""https://doi.org/10.2139/ssrn.3350771"", ""date"": ""2019-01-01"", ""source_family"": ""scholarly"", ""original_language"": null}]",,,,
concept:83baf8b143644ea212d7dca0,Decentralized Autonomous Organization (DAO),concept:83baf8b143644ea212d7dca0,2021-10-01,2024-10-01,3,2019-01-01,scholarly,organization:100e45dc420dc5ab35807aa6; organization:1e022ee342eeda6d6f721945; organization:40939505e066e75288f63f1d; organization:6288ed5323608a41b504d2c7; organization:998e66f179c4b864ca8f66c4; organization:9feb842c7d200cd996a4bb5c; organization:a174ac762f5c6b9dfe21a15e; organization:a325e3263bdecc993f8999e0; organization:bfb6f51f8713a21737e614e7; organization:cd45c44f09c35be168bd77dc; organization:ce23f74b8403376a6766efed; organization:d2d5c18c629313806353c239; organization:e5f3585e8f75833d6d391f71; organization:fe517cdbdaae018f08cd7130,work:4f2f7e6a638629ef8364fb3a; work:dfd6e94f6bac61389d403638; work:8bddadd02214bd8093d9f356,"[{""document_id"": ""work:4f2f7e6a638629ef8364fb3a"", ""title"": ""Unchaining Collective Intelligence for Science, Research, and Technology Development by Blockchain-Boosted Community Participation"", ""url"": ""https://doi.org/10.3389/fbloc.2021.631648"", ""date"": ""2021-05-07"", ""source_family"": ""scholarly"", ""original_language"": null}, {""document_id"": ""work:dfd6e94f6bac61389d403638"", ""title"": ""Initial crypto-asset offerings (ICOs), tokenization and corporate governance"", ""url"": ""https://doi.org/10.1093/cmlj/kmaa005"", ""date"": ""2020-03-20"", ""source_family"": ""scholarly"", ""original_language"": null}, {""document_id"": ""work:8bddadd02214bd8093d9f356"", ""title"": ""Initial Crypto-Asset Offerings (ICOs), Tokenization and Corporate Governance"", ""url"": ""https://doi.org/10.2139/ssrn.3350771"", ""date"": ""2019-01-01"", ""source_family"": ""scholarly"", ""original_language"": null}]",,,,
concept:83baf8b143644ea212d7dca0,Decentralized Autonomous Organization (DAO),concept:83baf8b143644ea212d7dca0,2023-07-01,2026-07-01,3,2019-01-01,scholarly,organization:100e45dc420dc5ab35807aa6; organization:1e022ee342eeda6d6f721945; organization:40939505e066e75288f63f1d; organization:6288ed5323608a41b504d2c7; organization:998e66f179c4b864ca8f66c4; organization:9feb842c7d200cd996a4bb5c; organization:a174ac762f5c6b9dfe21a15e; organization:a325e3263bdecc993f8999e0; organization:bfb6f51f8713a21737e614e7; organization:cd45c44f09c35be168bd77dc; organization:ce23f74b8403376a6766efed; organization:d2d5c18c629313806353c239; organization:e5f3585e8f75833d6d391f71; organization:fe517cdbdaae018f08cd7130,work:4f2f7e6a638629ef8364fb3a; work:dfd6e94f6bac61389d403638; work:8bddadd02214bd8093d9f356,"[{""document_id"": ""work:4f2f7e6a638629ef8364fb3a"", ""title"": ""Unchaining Collective Intelligence for Science, Research, and Technology Development by Blockchain-Boosted Community Participation"", ""url"": ""https://doi.org/10.3389/fbloc.2021.631648"", ""date"": ""2021-05-07"", ""source_family"": ""scholarly"", ""original_language"": null}, {""document_id"": ""work:dfd6e94f6bac61389d403638"", ""title"": ""Initial crypto-asset offerings (ICOs), tokenization and corporate governance"", ""url"": ""https://doi.org/10.1093/cmlj/kmaa005"", ""date"": ""2020-03-20"", ""source_family"": ""scholarly"", ""original_language"": null}, {""document_id"": ""work:8bddadd02214bd8093d9f356"", ""title"": ""Initial Crypto-Asset Offerings (ICOs), Tokenization and Corporate Governance"", ""url"": ""https://doi.org/10.2139/ssrn.3350771"", ""date"": ""2019-01-01"", ""source_family"": ""scholarly"", ""original_language"": null}]",,,,
concept:84e312752933249e48c068e4,CryptoNote with ring signatures,concept:84e312752933249e48c068e4,2021-01-01,2024-01-01,2,2019-01-01,scholarly,organization:07f43023050afd73d971a52e; organization:1533615df608339cb90b0a58; organization:23a60d8fbd8d5d38ee0d960c; organization:66511b3f3a36beb82f77583a; organization:6db0e52106fa5af8e422cc70; organization:d30dbd4c4604998a5349123b; organization:f825d5df1e1377dd430dd6f4; organization:f9ce3a0170595a85e5c63259,work:3659aef972840579c845e8d9; work:cd8bab3e59a6904d658829b7,"[{""document_id"": ""work:3659aef972840579c845e8d9"", ""title"": ""Blockchain System Defensive Overview for Double-Spend and Selfish Mining Attacks: A Systematic Approach"", ""url"": ""https://doi.org/10.1109/access.2020.3047365"", ""date"": ""2020-12-25"", ""source_family"": ""scholarly"", ""original_language"": null}, {""document_id"": ""work:cd8bab3e59a6904d658829b7"", ""title"": ""Privacy-Preserving Solutions for Blockchain: Review and Challenges"", ""url"": ""https://doi.org/10.1109/access.2019.2950872"", ""date"": ""2019-01-01"", ""source_family"": ""scholarly"", ""original_language"": null}]",,,,
concept:84e312752933249e48c068e4,CryptoNote with ring signatures,concept:84e312752933249e48c068e4,2022-04-01,2025-04-01,2,2019-01-01,scholarly,organization:07f43023050afd73d971a52e; organization:1533615df608339cb90b0a58; organization:23a60d8fbd8d5d38ee0d960c; organization:66511b3f3a36beb82f77583a; organization:6db0e52106fa5af8e422cc70; organization:d30dbd4c4604998a5349123b; organization:f825d5df1e1377dd430dd6f4; organization:f9ce3a0170595a85e5c63259,work:3659aef972840579c845e8d9; work:cd8bab3e59a6904d658829b7,"[{""document_id"": ""work:3659aef972840579c845e8d9"", ""title"": ""Blockchain System Defensive Overview for Double-Spend and Selfish Mining Attacks: A Systematic Approach"", ""url"": ""https://doi.org/10.1109/access.2020.3047365"", ""date"": ""2020-12-25"", ""source_family"": ""scholarly"", ""original_language"": null}, {""document_id"": ""work:cd8bab3e59a6904d658829b7"", ""title"": ""Privacy-Preserving Solutions for Blockchain: Review and Challenges"", ""url"": ""https://doi.org/10.1109/access.2019.2950872"", ""date"": ""2019-01-01"", ""source_family"": ""scholarly"", ""original_language"": null}]",,,,
concept:84e312752933249e48c068e4,CryptoNote with ring signatures,concept:84e312752933249e48c068e4,2023-07-01,2026-07-01,2,2019-01-01,scholarly,organization:07f43023050afd73d971a52e; organization:1533615df608339cb90b0a58; organization:23a60d8fbd8d5d38ee0d960c; organization:66511b3f3a36beb82f77583a; organization:6db0e52106fa5af8e422cc70; organization:d30dbd4c4604998a5349123b; organization:f825d5df1e1377dd430dd6f4; organization:f9ce3a0170595a85e5c63259,work:3659aef972840579c845e8d9; work:cd8bab3e59a6904d658829b7,"[{""document_id"": ""work:3659aef972840579c845e8d9"", ""title"": ""Blockchain System Defensive Overview for Double-Spend and Selfish Mining Attacks: A Systematic Approach"", ""url"": ""https://doi.org/10.1109/access.2020.3047365"", ""date"": ""2020-12-25"", ""source_family"": ""scholarly"", ""original_language"": null}, {""document_id"": ""work:cd8bab3e59a6904d658829b7"", ""title"": ""Privacy-Preserving Solutions for Blockchain: Review and Challenges"", ""url"": ""https://doi.org/10.1109/access.2019.2950872"", ""date"": ""2019-01-01"", ""source_family"": ""scholarly"", ""original_language"": null}]",,,,
concept:8d5512b13f658f9330a469f4,Post-Quantum Cryptography,concept:100a18f9b1db1fce7777d376,2021-01-01,2024-01-01,2,2017-01-01,scholarly,organization:025d1378ef55704f268f9d52; organization:11c9b46d103f4b43c94c8e22; organization:70741d0df9b0d9b78aceebd6; organization:71a13c7513021119670dea64; organization:7fbb188e845d71bff8dca580; organization:ae3f90285e5dd87f514b0131; organization:d18d328cb1430a57a202996c,work:f43f6268a4ac6b3b419bc588; work:0c098f6e528b6164a4bbbbe0,"[{""document_id"": ""work:f43f6268a4ac6b3b419bc588"", ""title"": ""Survey of Promising Technologies for Quantum Drones and Networks"", ""url"": ""https://doi.org/10.1109/access.2021.3109816"", ""date"": ""2021-01-01"", ""source_family"": ""scholarly"", ""original_language"": null}, {""document_id"": ""work:0c098f6e528b6164a4bbbbe0"", ""title"": ""International Journal of Scientific Research in Computer Science, Engineering and Information Technology"", ""url"": ""https://doi.org/10.32628/ijsrcseit"", ""date"": ""2017-01-01"", ""source_family"": ""scholarly"", ""original_language"": null}]",,,,
concept:8d5512b13f658f9330a469f4,Post-Quantum Cryptography,concept:100a18f9b1db1fce7777d376,2022-04-01,2025-04-01,3,2017-01-01,scholarly,organization:025d1378ef55704f268f9d52; organization:11c9b46d103f4b43c94c8e22; organization:70741d0df9b0d9b78aceebd6; organization:71a13c7513021119670dea64; organization:7fbb188e845d71bff8dca580; organization:ae3f90285e5dd87f514b0131; organization:aeee8ae9ef8c37a4f4f11c5e; organization:d18d328cb1430a57a202996c,work:b717ccab1e0f8005ca7428be; work:f43f6268a4ac6b3b419bc588; work:0c098f6e528b6164a4bbbbe0,"[{""document_id"": ""work:b717ccab1e0f8005ca7428be"", ""title"": ""The “Cyber Security via Determinism” Paradigm for a Quantum Safe Zero Trust Deterministic Internet of Things (IoT)"", ""url"": ""https://doi.org/10.1109/access.2022.3169137"", ""date"": ""2022-01-01"", ""source_family"": ""scholarly"", ""original_language"": null}, {""document_id"": ""work:f43f6268a4ac6b3b419bc588"", ""title"": ""Survey of Promising Technologies for Quantum Drones and Networks"", ""url"": ""https://doi.org/10.1109/access.2021.3109816"", ""date"": ""2021-01-01"", ""source_family"": ""scholarly"", ""original_language"": null}, {""document_id"": ""work:0c098f6e528b6164a4bbbbe0"", ""title"": ""International Journal of Scientific Research in Computer Science, Engineering and Information Technology"", ""url"": ""https://doi.org/10.32628/ijsrcseit"", ""date"": ""2017-01-01"", ""source_family"": ""scholarly"", ""original_language"": null}]",,,,
concept:8d5512b13f658f9330a469f4,Post-Quantum Cryptography,concept:100a18f9b1db1fce7777d376,2023-07-01,2026-07-01,5,2017-01-01,scholarly,organization:025d1378ef55704f268f9d52; organization:11c9b46d103f4b43c94c8e22; organization:70741d0df9b0d9b78aceebd6; organization:71a13c7513021119670dea64; organization:7fbb188e845d71bff8dca580; organization:ae3f90285e5dd87f514b0131; organization:aeee8ae9ef8c37a4f4f11c5e; organization:d18d328cb1430a57a202996c,work:3e1d7b8881441b81bfa6b2d2; work:1f0c62d93a478704879fd058; work:b717ccab1e0f8005ca7428be; work:f43f6268a4ac6b3b419bc588; work:0c098f6e528b6164a4bbbbe0,"[{""document_id"": ""work:3e1d7b8881441b81bfa6b2d2"", ""title"": ""Navigating the Quantum Threat Landscape: Addressing Classical Cybersecurity Challenges"", ""url"": ""https://doi.org/10.4236/jqis.2023.132005"", ""date"": ""2023-01-01"", ""source_family"": ""scholarly"", ""original_language"": null}, {""document_id"": ""work:1f0c62d93a478704879fd058"", ""title"": ""Post-Quantum Cryptography"", ""url"": ""https://doi.org/10.56394/aris2.v2i2.17"", ""date"": ""2022-12-30"", ""source_family"": ""scholarly"", ""original_language"": null}, {""document_id"": ""work:b717ccab1e0f8005ca7428be"", ""title"": ""The “Cyber Security via Determinism” Paradigm for a Quantum Safe Zero Trust Deterministic Internet of Things (IoT)"", ""url"": ""https://doi.org/10.1109/access.2022.3169137"", ""date"": ""2022-01-01"", ""source_family"": ""scholarly"", ""original_language"": null}, {""document_id"": ""work:f43f6268a4ac6b3b419bc588"", ""title"": ""Survey of Promising Technologies for Quantum Drones and Networks"", ""url"": ""https://doi.org/10.1109/access.2021.3109816"", ""date"": ""2021-01-01"", ""source_family"": ""scholarly"", ""original_language"": null}, {""document_id"": ""work:0c098f6e528b6164a4bbbbe0"", ""title"": ""International Journal of Scientific Research in Computer Science, Engineering and Information Technology"", ""url"": ""https://doi.org/10.32628/ijsrcseit"", ""date"": ""2017-01-01"", ""source_family"": ""scholarly"", ""original_language"": null}]",,,,
concept:923f0b4baec8ab4dd0059ec1,Blockchain Oracles,concept:03a2b5fb74662f86f3087e7f,2020-10-01,2023-10-01,2,2019-01-01,scholarly,organization:9bcb159183b05bbe7002c507; organization:f479bb3af70fa6c92539c9ff,work:c317f0adda964243212dd325; work:90d99d955a44c8ed3ff107e1,"[{""document_id"": ""work:c317f0adda964243212dd325"", ""title"": ""From Athens to the Blockchain: Oracles for Digital Democracy"", ""url"": ""https://doi.org/10.3389/fbloc.2020.575662"", ""date"": ""2020-09-17"", ""source_family"": ""scholarly"", ""original_language"": null}, {""document_id"": ""work:90d99d955a44c8ed3ff107e1"", ""title"": ""\""Blockchain Research in Information Systems: Current Trends and an Inclusive Future Research Agenda\"""", ""url"": ""https://doi.org/10.17705/1jais.00571"", ""date"": ""2019-01-01"", ""source_family"": ""scholarly"", ""original_language"": null}]",,,,
concept:923f0b4baec8ab4dd0059ec1,Blockchain Oracles,concept:03a2b5fb74662f86f3087e7f,2022-01-01,2025-01-01,3,2019-01-01,scholarly,organization:9bcb159183b05bbe7002c507; organization:eebe9e5700e78104d9ffe925; organization:f479bb3af70fa6c92539c9ff,work:23d17b0ef5028033f6cab788; work:c317f0adda964243212dd325; work:90d99d955a44c8ed3ff107e1,"[{""document_id"": ""work:23d17b0ef5028033f6cab788"", ""title"": ""Blockchain Oracles: State-of-the-Art and Research Directions"", ""url"": ""https://doi.org/10.1109/access.2022.3184726"", ""date"": ""2022-01-01"", ""source_family"": ""scholarly"", ""original_language"": null}, {""document_id"": ""work:c317f0adda964243212dd325"", ""title"": ""From Athens to the Blockchain: Oracles for Digital Democracy"", ""url"": ""https://doi.org/10.3389/fbloc.2020.575662"", ""date"": ""2020-09-17"", ""source_family"": ""scholarly"", ""original_language"": null}, {""document_id"": ""work:90d99d955a44c8ed3ff107e1"", ""title"": ""\""Blockchain Research in Information Systems: Current Trends and an Inclusive Future Research Agenda\"""", ""url"": ""https://doi.org/10.17705/1jais.00571"", ""date"": ""2019-01-01"", ""source_family"": ""scholarly"", ""original_language"": null}]",,,,
concept:923f0b4baec8ab4dd0059ec1,Blockchain Oracles,concept:03a2b5fb74662f86f3087e7f,2023-07-01,2026-07-01,4,2019-01-01,scholarly,organization:226a1166cc595288230da774; organization:9bcb159183b05bbe7002c507; organization:eebe9e5700e78104d9ffe925; organization:f479bb3af70fa6c92539c9ff,work:49cd743245109b3b9f47fd6c; work:23d17b0ef5028033f6cab788; work:c317f0adda964243212dd325; work:90d99d955a44c8ed3ff107e1,"[{""document_id"": ""work:49cd743245109b3b9f47fd6c"", ""title"": ""Before Ethereum. The Origin and Evolution of Blockchain Oracles"", ""url"": ""https://doi.org/10.1109/access.2023.3279106"", ""date"": ""2023-01-01"", ""source_family"": ""scholarly"", ""original_language"": null}, {""document_id"": ""work:23d17b0ef5028033f6cab788"", ""title"": ""Blockchain Oracles: State-of-the-Art and Research Directions"", ""url"": ""https://doi.org/10.1109/access.2022.3184726"", ""date"": ""2022-01-01"", ""source_family"": ""scholarly"", ""original_language"": null}, {""document_id"": ""work:c317f0adda964243212dd325"", ""title"": ""From Athens to the Blockchain: Oracles for Digital Democracy"", ""url"": ""https://doi.org/10.3389/fbloc.2020.575662"", ""date"": ""2020-09-17"", ""source_family"": ""scholarly"", ""original_language"": null}, {""document_id"": ""work:90d99d955a44c8ed3ff107e1"", ""title"": ""\""Blockchain Research in Information Systems: Current Trends and an Inclusive Future Research Agenda\"""", ""url"": ""https://doi.org/10.17705/1jais.00571"", ""date"": ""2019-01-01"", ""source_family"": ""scholarly"", ""original_language"": null}]",,,,
concept:95a554207168ef357bcfef73,Blockchain architecture for agricultural data integrity with smart contracts,concept:95a554207168ef357bcfef73,2023-01-01,2026-01-01,2,2019-08-29,scholarly,organization:1ae9d8f2d94e33c856c5683b; organization:ec8e4df9e34ca614601a7cca; organization:ecc320cf7168bae1b5b64dd5,work:9b2ffd741e04069d97317b1e; work:0d706b4bb96ea1cbc44d991d,"[{""document_id"": ""work:9b2ffd741e04069d97317b1e"", ""title"": ""Agriculture Supply Chain Management Based on Blockchain Architecture and Smart Contracts"", ""url"": ""https://doi.org/10.1155/2022/8011525"", ""date"": ""2022-10-21"", ""source_family"": ""scholarly"", ""original_language"": null}, {""document_id"": ""work:0d706b4bb96ea1cbc44d991d"", ""title"": ""A Review of Blockchain Architecture and Consensus Protocols: Use Cases, Challenges, and Solutions"", ""url"": ""https://doi.org/10.20944/preprints201908.0311.v1"", ""date"": ""2019-08-29"", ""source_family"": ""scholarly"", ""original_language"": null}]",,,,
concept:95a554207168ef357bcfef73,Blockchain architecture for agricultural data integrity with smart contracts,concept:95a554207168ef357bcfef73,2023-04-01,2026-04-01,2,2019-08-29,scholarly,organization:1ae9d8f2d94e33c856c5683b; organization:ec8e4df9e34ca614601a7cca; organization:ecc320cf7168bae1b5b64dd5,work:9b2ffd741e04069d97317b1e; work:0d706b4bb96ea1cbc44d991d,"[{""document_id"": ""work:9b2ffd741e04069d97317b1e"", ""title"": ""Agriculture Supply Chain Management Based on Blockchain Architecture and Smart Contracts"", ""url"": ""https://doi.org/10.1155/2022/8011525"", ""date"": ""2022-10-21"", ""source_family"": ""scholarly"", ""original_language"": null}, {""document_id"": ""work:0d706b4bb96ea1cbc44d991d"", ""title"": ""A Review of Blockchain Architecture and Consensus Protocols: Use Cases, Challenges, and Solutions"", ""url"": ""https://doi.org/10.20944/preprints201908.0311.v1"", ""date"": ""2019-08-29"", ""source_family"": ""scholarly"", ""original_language"": null}]",,,,
concept:95a554207168ef357bcfef73,Blockchain architecture for agricultural data integrity with smart contracts,concept:95a554207168ef357bcfef73,2023-07-01,2026-07-01,2,2019-08-29,scholarly,organization:1ae9d8f2d94e33c856c5683b; organization:ec8e4df9e34ca614601a7cca; organization:ecc320cf7168bae1b5b64dd5,work:9b2ffd741e04069d97317b1e; work:0d706b4bb96ea1cbc44d991d,"[{""document_id"": ""work:9b2ffd741e04069d97317b1e"", ""title"": ""Agriculture Supply Chain Management Based on Blockchain Architecture and Smart Contracts"", ""url"": ""https://doi.org/10.1155/2022/8011525"", ""date"": ""2022-10-21"", ""source_family"": ""scholarly"", ""original_language"": null}, {""document_id"": ""work:0d706b4bb96ea1cbc44d991d"", ""title"": ""A Review of Blockchain Architecture and Consensus Protocols: Use Cases, Challenges, and Solutions"", ""url"": ""https://doi.org/10.20944/preprints201908.0311.v1"", ""date"": ""2019-08-29"", ""source_family"": ""scholarly"", ""original_language"": null}]",,,,
concept:9ab9bd643b56bf312569f4f1,Quorum,concept:9ab9bd643b56bf312569f4f1,2021-07-01,2024-07-01,2,2020-01-01,scholarly,organization:211a1506dd05cc4de09fb184; organization:23b1f517ad72453f0b8a5e7a; organization:33f682c3b0c098b1b81d629b; organization:5118ca13f162e816aa8ae6cd; organization:78663705a5be1ba4554aa887; organization:d0b7745949adaa5d0bbc0cdf,work:75ec968e2207873747b4cbca; work:11322bf409fbec93adeb5df3,"[{""document_id"": ""work:75ec968e2207873747b4cbca"", ""title"": ""Blockchain and its application to accounting"", ""url"": ""https://doi.org/10.3926/ic.1522"", ""date"": ""2021-06-15"", ""source_family"": ""scholarly"", ""original_language"": null}, {""document_id"": ""work:11322bf409fbec93adeb5df3"", ""title"": ""Blockchain Technology in Current Agricultural Systems: From Techniques to Applications"", ""url"": ""https://doi.org/10.1109/access.2020.3014522"", ""date"": ""2020-01-01"", ""source_family"": ""scholarly"", ""original_language"": null}]",,,,
concept:9ab9bd643b56bf312569f4f1,Quorum,concept:9ab9bd643b56bf312569f4f1,2022-07-01,2025-07-01,2,2020-01-01,scholarly,organization:211a1506dd05cc4de09fb184; organization:23b1f517ad72453f0b8a5e7a; organization:33f682c3b0c098b1b81d629b; organization:5118ca13f162e816aa8ae6cd; organization:78663705a5be1ba4554aa887; organization:d0b7745949adaa5d0bbc0cdf,work:75ec968e2207873747b4cbca; work:11322bf409fbec93adeb5df3,"[{""document_id"": ""work:75ec968e2207873747b4cbca"", ""title"": ""Blockchain and its application to accounting"", ""url"": ""https://doi.org/10.3926/ic.1522"", ""date"": ""2021-06-15"", ""source_family"": ""scholarly"", ""original_language"": null}, {""document_id"": ""work:11322bf409fbec93adeb5df3"", ""title"": ""Blockchain Technology in Current Agricultural Systems: From Techniques to Applications"", ""url"": ""https://doi.org/10.1109/access.2020.3014522"", ""date"": ""2020-01-01"", ""source_family"": ""scholarly"", ""original_language"": null}]",,,,
concept:9ab9bd643b56bf312569f4f1,Quorum,concept:9ab9bd643b56bf312569f4f1,2023-07-01,2026-07-01,2,2020-01-01,scholarly,organization:211a1506dd05cc4de09fb184; organization:23b1f517ad72453f0b8a5e7a; organization:33f682c3b0c098b1b81d629b; organization:5118ca13f162e816aa8ae6cd; organization:78663705a5be1ba4554aa887; organization:d0b7745949adaa5d0bbc0cdf,work:75ec968e2207873747b4cbca; work:11322bf409fbec93adeb5df3,"[{""document_id"": ""work:75ec968e2207873747b4cbca"", ""title"": ""Blockchain and its application to accounting"", ""url"": ""https://doi.org/10.3926/ic.1522"", ""date"": ""2021-06-15"", ""source_family"": ""scholarly"", ""original_language"": null}, {""document_id"": ""work:11322bf409fbec93adeb5df3"", ""title"": ""Blockchain Technology in Current Agricultural Systems: From Techniques to Applications"", ""url"": ""https://doi.org/10.1109/access.2020.3014522"", ""date"": ""2020-01-01"", ""source_family"": ""scholarly"", ""original_language"": null}]",,,,
concept:9bb6fee8598aa3c9504bf33e,Self Sovereign Identity (SSI) implementation for cloud data migration,concept:9bb6fee8598aa3c9504bf33e,2022-01-01,2025-01-01,2,2019-01-01,scholarly,organization:09d8e48aeb0a2d78627a163a; organization:17e8e60d53710091b47fb8e1; organization:23a60d8fbd8d5d38ee0d960c; organization:37af86413d49200f9dbe636f; organization:4ef2627b8f7525f18434a854; organization:5b3685941a731b50f2f9f438; organization:6db0e52106fa5af8e422cc70; organization:753592723d84b577a023681e; organization:973d28e4ee444611c9579695; organization:d30dbd4c4604998a5349123b; organization:f9ce3a0170595a85e5c63259,work:e780b53d134e90c3a0bf705a; work:cd8bab3e59a6904d658829b7,"[{""document_id"": ""work:e780b53d134e90c3a0bf705a"", ""title"": ""Cloud to cloud data migration using self sovereign identity for 5G and beyond"", ""url"": ""https://doi.org/10.1007/s10586-021-03461-7"", ""date"": ""2021-11-15"", ""source_family"": ""scholarly"", ""original_language"": null}, {""document_id"": ""work:cd8bab3e59a6904d658829b7"", ""title"": ""Privacy-Preserving Solutions for Blockchain: Review and Challenges"", ""url"": ""https://doi.org/10.1109/access.2019.2950872"", ""date"": ""2019-01-01"", ""source_family"": ""scholarly"", ""original_language"": null}]",,,,
concept:9bb6fee8598aa3c9504bf33e,Self Sovereign Identity (SSI) implementation for cloud data migration,concept:9bb6fee8598aa3c9504bf33e,2022-10-01,2025-10-01,2,2019-01-01,scholarly,organization:09d8e48aeb0a2d78627a163a; organization:17e8e60d53710091b47fb8e1; organization:23a60d8fbd8d5d38ee0d960c; organization:37af86413d49200f9dbe636f; organization:4ef2627b8f7525f18434a854; organization:5b3685941a731b50f2f9f438; organization:6db0e52106fa5af8e422cc70; organization:753592723d84b577a023681e; organization:973d28e4ee444611c9579695; organization:d30dbd4c4604998a5349123b; organization:f9ce3a0170595a85e5c63259,work:e780b53d134e90c3a0bf705a; work:cd8bab3e59a6904d658829b7,"[{""document_id"": ""work:e780b53d134e90c3a0bf705a"", ""title"": ""Cloud to cloud data migration using self sovereign identity for 5G and beyond"", ""url"": ""https://doi.org/10.1007/s10586-021-03461-7"", ""date"": ""2021-11-15"", ""source_family"": ""scholarly"", ""original_language"": null}, {""document_id"": ""work:cd8bab3e59a6904d658829b7"", ""title"": ""Privacy-Preserving Solutions for Blockchain: Review and Challenges"", ""url"": ""https://doi.org/10.1109/access.2019.2950872"", ""date"": ""2019-01-01"", ""source_family"": ""scholarly"", ""original_language"": null}]",,,,
concept:9bb6fee8598aa3c9504bf33e,Self Sovereign Identity (SSI) implementation for cloud data migration,concept:9bb6fee8598aa3c9504bf33e,2023-07-01,2026-07-01,2,2019-01-01,scholarly,organization:09d8e48aeb0a2d78627a163a; organization:17e8e60d53710091b47fb8e1; organization:23a60d8fbd8d5d38ee0d960c; organization:37af86413d49200f9dbe636f; organization:4ef2627b8f7525f18434a854; organization:5b3685941a731b50f2f9f438; organization:6db0e52106fa5af8e422cc70; organization:753592723d84b577a023681e; organization:973d28e4ee444611c9579695; organization:d30dbd4c4604998a5349123b; organization:f9ce3a0170595a85e5c63259,work:e780b53d134e90c3a0bf705a; work:cd8bab3e59a6904d658829b7,"[{""document_id"": ""work:e780b53d134e90c3a0bf705a"", ""title"": ""Cloud to cloud data migration using self sovereign identity for 5G and beyond"", ""url"": ""https://doi.org/10.1007/s10586-021-03461-7"", ""date"": ""2021-11-15"", ""source_family"": ""scholarly"", ""original_language"": null}, {""document_id"": ""work:cd8bab3e59a6904d658829b7"", ""title"": ""Privacy-Preserving Solutions for Blockchain: Review and Challenges"", ""url"": ""https://doi.org/10.1109/access.2019.2950872"", ""date"": ""2019-01-01"", ""source_family"": ""scholarly"", ""original_language"": null}]",,,,
concept:9ce36fef7cf8af06a17f79a7,Recurrent Neural Networks (RNNs),concept:9ce36fef7cf8af06a17f79a7,2021-07-01,2024-07-01,2,2019-09-12,scholarly,organization:18cc36bf966cf2b4fc9e2880; organization:1c411b4e0af3263b4e53e621; organization:1dcfd052f65f8f64cf5ab72b; organization:209f74bb29031f634d51e7f6; organization:608afb9aa1f13e84558c200d; organization:68e986b8c4579b763dc2a83e; organization:6f94918c4f5d8fdb2dd04fde; organization:6fc16759833fbdaa7f52aba8; organization:7925d4e73f18009e6948134c; organization:7e8d3e4a0a96e5342e89b77e; organization:a325e3263bdecc993f8999e0; organization:b0ffae5ff5999b80a88e0018; organization:de66cff3613e444f838f6e24; organization:f4346537ed598002898d9b7e,work:d3c089a69993faf339a4d8d1; work:89e8581a583d859508c94094,"[{""document_id"": ""work:d3c089a69993faf339a4d8d1"", ""title"": ""Machine learning and deep learning"", ""url"": ""https://doi.org/10.1007/s12525-021-00475-2"", ""date"": ""2021-04-08"", ""source_family"": ""scholarly"", ""original_language"": null}, {""document_id"": ""work:89e8581a583d859508c94094"", ""title"": ""Machine Learning for Fluid Mechanics"", ""url"": ""https://doi.org/10.1146/annurev-fluid-010719-060214"", ""date"": ""2019-09-12"", ""source_family"": ""scholarly"", ""original_language"": null}]",,,,
concept:9ce36fef7cf8af06a17f79a7,Recurrent Neural Networks (RNNs),concept:9ce36fef7cf8af06a17f79a7,2022-07-01,2025-07-01,2,2019-09-12,scholarly,organization:18cc36bf966cf2b4fc9e2880; organization:1c411b4e0af3263b4e53e621; organization:1dcfd052f65f8f64cf5ab72b; organization:209f74bb29031f634d51e7f6; organization:608afb9aa1f13e84558c200d; organization:68e986b8c4579b763dc2a83e; organization:6f94918c4f5d8fdb2dd04fde; organization:6fc16759833fbdaa7f52aba8; organization:7925d4e73f18009e6948134c; organization:7e8d3e4a0a96e5342e89b77e; organization:a325e3263bdecc993f8999e0; organization:b0ffae5ff5999b80a88e0018; organization:de66cff3613e444f838f6e24; organization:f4346537ed598002898d9b7e,work:d3c089a69993faf339a4d8d1; work:89e8581a583d859508c94094,"[{""document_id"": ""work:d3c089a69993faf339a4d8d1"", ""title"": ""Machine learning and deep learning"", ""url"": ""https://doi.org/10.1007/s12525-021-00475-2"", ""date"": ""2021-04-08"", ""source_family"": ""scholarly"", ""original_language"": null}, {""document_id"": ""work:89e8581a583d859508c94094"", ""title"": ""Machine Learning for Fluid Mechanics"", ""url"": ""https://doi.org/10.1146/annurev-fluid-010719-060214"", ""date"": ""2019-09-12"", ""source_family"": ""scholarly"", ""original_language"": null}]",,,,
concept:9ce36fef7cf8af06a17f79a7,Recurrent Neural Networks (RNNs),concept:9ce36fef7cf8af06a17f79a7,2023-07-01,2026-07-01,2,2019-09-12,scholarly,organization:18cc36bf966cf2b4fc9e2880; organization:1c411b4e0af3263b4e53e621; organization:1dcfd052f65f8f64cf5ab72b; organization:209f74bb29031f634d51e7f6; organization:608afb9aa1f13e84558c200d; organization:68e986b8c4579b763dc2a83e; organization:6f94918c4f5d8fdb2dd04fde; organization:6fc16759833fbdaa7f52aba8; organization:7925d4e73f18009e6948134c; organization:7e8d3e4a0a96e5342e89b77e; organization:a325e3263bdecc993f8999e0; organization:b0ffae5ff5999b80a88e0018; organization:de66cff3613e444f838f6e24; organization:f4346537ed598002898d9b7e,work:d3c089a69993faf339a4d8d1; work:89e8581a583d859508c94094,"[{""document_id"": ""work:d3c089a69993faf339a4d8d1"", ""title"": ""Machine learning and deep learning"", ""url"": ""https://doi.org/10.1007/s12525-021-00475-2"", ""date"": ""2021-04-08"", ""source_family"": ""scholarly"", ""original_language"": null}, {""document_id"": ""work:89e8581a583d859508c94094"", ""title"": ""Machine Learning for Fluid Mechanics"", ""url"": ""https://doi.org/10.1146/annurev-fluid-010719-060214"", ""date"": ""2019-09-12"", ""source_family"": ""scholarly"", ""original_language"": null}]",,,,
concept:a43bef3c8030e77c3f1fe77f,Large Language Models (LLMs),concept:a43bef3c8030e77c3f1fe77f,2023-01-01,2026-01-01,4,2023-01-01,scholarly,organization:34e1b840e6b2b5435cdaac34; organization:3f3beff12eaf15e9bce9ec72; organization:5880825bdcc1eef44b84d4c5; organization:6586387231521c1433d07366; organization:6d7b5002a124f6becb97fba8; organization:8889a25f090b544dc219bc00; organization:a19588344ec83662f36b953e; organization:bcf48e41887bf5801d5e5486; organization:e6cd19752e5b810797a89b5f,work:c9153bcca2b5573e3d4acdd1; work:757f6ce9efbf2d9c537b060c; work:34fcec9fb81550dbdf6a062a; work:199cb2ab540dbfda3e6fbe45,"[{""document_id"": ""work:c9153bcca2b5573e3d4acdd1"", ""title"": ""Harnessing LLMs for Temporal Data - A Study on Explainable Financial Time Series Forecasting"", ""url"": ""https://doi.org/10.18653/v1/2023.emnlp-industry.69"", ""date"": ""2023-01-01"", ""source_family"": ""scholarly"", ""original_language"": null}, {""document_id"": ""work:757f6ce9efbf2d9c537b060c"", ""title"": ""Can ChatGPT Defend its Belief in Truth? Evaluating LLM Reasoning via Debate"", ""url"": ""https://doi.org/10.18653/v1/2023.findings-emnlp.795"", ""date"": ""2023-01-01"", ""source_family"": ""scholarly"", ""original_language"": null}, {""document_id"": ""work:34fcec9fb81550dbdf6a062a"", ""title"": ""Query Rewriting in Retrieval-Augmented Large Language Models"", ""url"": ""https://doi.org/10.18653/v1/2023.emnlp-main.322"", ""date"": ""2023-01-01"", ""source_family"": ""scholarly"", ""original_language"": null}, {""document_id"": ""work:199cb2ab540dbfda3e6fbe45"", ""title"": ""Do LLMs Understand Social Knowledge? Evaluating the Sociability of Large Language Models with SocKET Benchmark"", ""url"": ""https://doi.org/10.18653/v1/2023.emnlp-main.699"", ""date"": ""2023-01-01"", ""source_family"": ""scholarly"", ""original_language"": null}]",,,,
concept:a43bef3c8030e77c3f1fe77f,Large Language Models (LLMs),concept:a43bef3c8030e77c3f1fe77f,2023-04-01,2026-04-01,4,2023-01-01,scholarly,organization:34e1b840e6b2b5435cdaac34; organization:3f3beff12eaf15e9bce9ec72; organization:5880825bdcc1eef44b84d4c5; organization:6586387231521c1433d07366; organization:6d7b5002a124f6becb97fba8; organization:8889a25f090b544dc219bc00; organization:a19588344ec83662f36b953e; organization:bcf48e41887bf5801d5e5486; organization:e6cd19752e5b810797a89b5f,work:c9153bcca2b5573e3d4acdd1; work:757f6ce9efbf2d9c537b060c; work:34fcec9fb81550dbdf6a062a; work:199cb2ab540dbfda3e6fbe45,"[{""document_id"": ""work:c9153bcca2b5573e3d4acdd1"", ""title"": ""Harnessing LLMs for Temporal Data - A Study on Explainable Financial Time Series Forecasting"", ""url"": ""https://doi.org/10.18653/v1/2023.emnlp-industry.69"", ""date"": ""2023-01-01"", ""source_family"": ""scholarly"", ""original_language"": null}, {""document_id"": ""work:757f6ce9efbf2d9c537b060c"", ""title"": ""Can ChatGPT Defend its Belief in Truth? Evaluating LLM Reasoning via Debate"", ""url"": ""https://doi.org/10.18653/v1/2023.findings-emnlp.795"", ""date"": ""2023-01-01"", ""source_family"": ""scholarly"", ""original_language"": null}, {""document_id"": ""work:34fcec9fb81550dbdf6a062a"", ""title"": ""Query Rewriting in Retrieval-Augmented Large Language Models"", ""url"": ""https://doi.org/10.18653/v1/2023.emnlp-main.322"", ""date"": ""2023-01-01"", ""source_family"": ""scholarly"", ""original_language"": null}, {""document_id"": ""work:199cb2ab540dbfda3e6fbe45"", ""title"": ""Do LLMs Understand Social Knowledge? Evaluating the Sociability of Large Language Models with SocKET Benchmark"", ""url"": ""https://doi.org/10.18653/v1/2023.emnlp-main.699"", ""date"": ""2023-01-01"", ""source_family"": ""scholarly"", ""original_language"": null}]",,,,
concept:a43bef3c8030e77c3f1fe77f,Large Language Models (LLMs),concept:a43bef3c8030e77c3f1fe77f,2023-07-01,2026-07-01,6,2023-01-01,scholarly,organization:2e17b337dca3025625e0ca0b; organization:34e1b840e6b2b5435cdaac34; organization:3f3beff12eaf15e9bce9ec72; organization:4e84622d60b4e49c7c9dce8d; organization:5880825bdcc1eef44b84d4c5; organization:5e6d5ebcdbf1bbb7df4af4ab; organization:6586387231521c1433d07366; organization:6d7b5002a124f6becb97fba8; organization:7e6c8c6d80938b7d2282c301; organization:8889a25f090b544dc219bc00; organization:a19588344ec83662f36b953e; organization:aa08c92bc744434db99f458a; organization:bcf48e41887bf5801d5e5486; organization:d0c71d6770b75de29ed5b862; organization:e6cd19752e5b810797a89b5f,work:dcb84363ac8b6b0b258b021a; work:1239d275c0842d71ed5330e1; work:c9153bcca2b5573e3d4acdd1; work:757f6ce9efbf2d9c537b060c; work:34fcec9fb81550dbdf6a062a,"[{""document_id"": ""work:dcb84363ac8b6b0b258b021a"", ""title"": ""Temporal Data Meets LLM -- Explainable Financial Time Series Forecasting"", ""url"": ""https://doi.org/10.48550/arxiv.2306.11025"", ""date"": ""2023-06-19"", ""source_family"": ""scholarly"", ""original_language"": null}, {""document_id"": ""work:1239d275c0842d71ed5330e1"", ""title"": ""Auditing large language models: a three-layered approach"", ""url"": ""https://doi.org/10.1007/s43681-023-00289-2"", ""date"": ""2023-05-30"", ""source_family"": ""scholarly"", ""original_language"": null}, {""document_id"": ""work:c9153bcca2b5573e3d4acdd1"", ""title"": ""Harnessing LLMs for Temporal Data - A Study on Explainable Financial Time Series Forecasting"", ""url"": ""https://doi.org/10.18653/v1/2023.emnlp-industry.69"", ""date"": ""2023-01-01"", ""source_family"": ""scholarly"", ""original_language"": null}, {""document_id"": ""work:757f6ce9efbf2d9c537b060c"", ""title"": ""Can ChatGPT Defend its Belief in Truth? Evaluating LLM Reasoning via Debate"", ""url"": ""https://doi.org/10.18653/v1/2023.findings-emnlp.795"", ""date"": ""2023-01-01"", ""source_family"": ""scholarly"", ""original_language"": null}, {""document_id"": ""work:34fcec9fb81550dbdf6a062a"", ""title"": ""Query Rewriting in Retrieval-Augmented Large Language Models"", ""url"": ""https://doi.org/10.18653/v1/2023.emnlp-main.322"", ""date"": ""2023-01-01"", ""source_family"": ""scholarly"", ""original_language"": null}]",,,,
concept:af4b571954770e8cad1c2545,Recurrent Neural Networks,concept:af4b571954770e8cad1c2545,2019-10-01,2022-10-01,2,2014-01-01,scholarly,organization:1d0969bd776741f42886edb5; organization:1dcfd052f65f8f64cf5ab72b; organization:2103148cabedc91b2f7b2f19; organization:608afb9aa1f13e84558c200d; organization:68e986b8c4579b763dc2a83e; organization:6f94918c4f5d8fdb2dd04fde; organization:6fc16759833fbdaa7f52aba8; organization:7925d4e73f18009e6948134c; organization:a325e3263bdecc993f8999e0; organization:b0ffae5ff5999b80a88e0018; organization:de66cff3613e444f838f6e24; organization:f4346537ed598002898d9b7e,work:89e8581a583d859508c94094; work:fd812b362061c8f985001261,"[{""document_id"": ""work:89e8581a583d859508c94094"", ""title"": ""Machine Learning for Fluid Mechanics"", ""url"": ""https://doi.org/10.1146/annurev-fluid-010719-060214"", ""date"": ""2019-09-12"", ""source_family"": ""scholarly"", ""original_language"": null}, {""document_id"": ""work:fd812b362061c8f985001261"", ""title"": ""Learning Phrase Representations using RNN Encoder–Decoder for Statistical Machine Translation"", ""url"": ""https://doi.org/10.3115/v1/d14-1179"", ""date"": ""2014-01-01"", ""source_family"": ""scholarly"", ""original_language"": null}]",,,,
concept:af4b571954770e8cad1c2545,Recurrent Neural Networks,concept:af4b571954770e8cad1c2545,2021-07-01,2024-07-01,3,2014-01-01,scholarly,organization:1d0969bd776741f42886edb5; organization:1dcfd052f65f8f64cf5ab72b; organization:20f08e87e150e515398cde3a; organization:2103148cabedc91b2f7b2f19; organization:608afb9aa1f13e84558c200d; organization:68e986b8c4579b763dc2a83e; organization:6f94918c4f5d8fdb2dd04fde; organization:6fc16759833fbdaa7f52aba8; organization:7925d4e73f18009e6948134c; organization:84119f949473bc0ad024af25; organization:a325e3263bdecc993f8999e0; organization:b0ffae5ff5999b80a88e0018; organization:bcf48e41887bf5801d5e5486; organization:de66cff3613e444f838f6e24; organization:f4346537ed598002898d9b7e,work:ace38e1c4e31feff4ee0ef0f; work:89e8581a583d859508c94094; work:fd812b362061c8f985001261,"[{""document_id"": ""work:ace38e1c4e31feff4ee0ef0f"", ""title"": ""Machine learning and the physical sciences"", ""url"": ""https://doi.org/10.1103/revmodphys.91.045002"", ""date"": ""2019-12-06"", ""source_family"": ""scholarly"", ""original_language"": null}, {""document_id"": ""work:89e8581a583d859508c94094"", ""title"": ""Machine Learning for Fluid Mechanics"", ""url"": ""https://doi.org/10.1146/annurev-fluid-010719-060214"", ""date"": ""2019-09-12"", ""source_family"": ""scholarly"", ""original_language"": null}, {""document_id"": ""work:fd812b362061c8f985001261"", ""title"": ""Learning Phrase Representations using RNN Encoder–Decoder for Statistical Machine Translation"", ""url"": ""https://doi.org/10.3115/v1/d14-1179"", ""date"": ""2014-01-01"", ""source_family"": ""scholarly"", ""original_language"": null}]",,,,
concept:af4b571954770e8cad1c2545,Recurrent Neural Networks,concept:af4b571954770e8cad1c2545,2023-07-01,2026-07-01,3,2014-01-01,scholarly,organization:1d0969bd776741f42886edb5; organization:1dcfd052f65f8f64cf5ab72b; organization:20f08e87e150e515398cde3a; organization:2103148cabedc91b2f7b2f19; organization:608afb9aa1f13e84558c200d; organization:68e986b8c4579b763dc2a83e; organization:6f94918c4f5d8fdb2dd04fde; organization:6fc16759833fbdaa7f52aba8; organization:7925d4e73f18009e6948134c; organization:84119f949473bc0ad024af25; organization:a325e3263bdecc993f8999e0; organization:b0ffae5ff5999b80a88e0018; organization:bcf48e41887bf5801d5e5486; organization:de66cff3613e444f838f6e24; organization:f4346537ed598002898d9b7e,work:ace38e1c4e31feff4ee0ef0f; work:89e8581a583d859508c94094; work:fd812b362061c8f985001261,"[{""document_id"": ""work:ace38e1c4e31feff4ee0ef0f"", ""title"": ""Machine learning and the physical sciences"", ""url"": ""https://doi.org/10.1103/revmodphys.91.045002"", ""date"": ""2019-12-06"", ""source_family"": ""scholarly"", ""original_language"": null}, {""document_id"": ""work:89e8581a583d859508c94094"", ""title"": ""Machine Learning for Fluid Mechanics"", ""url"": ""https://doi.org/10.1146/annurev-fluid-010719-060214"", ""date"": ""2019-09-12"", ""source_family"": ""scholarly"", ""original_language"": null}, {""document_id"": ""work:fd812b362061c8f985001261"", ""title"": ""Learning Phrase Representations using RNN Encoder–Decoder for Statistical Machine Translation"", ""url"": ""https://doi.org/10.3115/v1/d14-1179"", ""date"": ""2014-01-01"", ""source_family"": ""scholarly"", ""original_language"": null}]",,,,
concept:b41e4c95c176cb788d9d1c8e,Echo state networks / reservoir computers,concept:b41e4c95c176cb788d9d1c8e,2020-01-01,2023-01-01,2,2019-09-12,scholarly,organization:1dcfd052f65f8f64cf5ab72b; organization:20f08e87e150e515398cde3a; organization:608afb9aa1f13e84558c200d; organization:68e986b8c4579b763dc2a83e; organization:6f94918c4f5d8fdb2dd04fde; organization:6fc16759833fbdaa7f52aba8; organization:7925d4e73f18009e6948134c; organization:84119f949473bc0ad024af25; organization:a325e3263bdecc993f8999e0; organization:b0ffae5ff5999b80a88e0018; organization:bcf48e41887bf5801d5e5486; organization:de66cff3613e444f838f6e24; organization:f4346537ed598002898d9b7e,work:ace38e1c4e31feff4ee0ef0f; work:89e8581a583d859508c94094,"[{""document_id"": ""work:ace38e1c4e31feff4ee0ef0f"", ""title"": ""Machine learning and the physical sciences"", ""url"": ""https://doi.org/10.1103/revmodphys.91.045002"", ""date"": ""2019-12-06"", ""source_family"": ""scholarly"", ""original_language"": null}, {""document_id"": ""work:89e8581a583d859508c94094"", ""title"": ""Machine Learning for Fluid Mechanics"", ""url"": ""https://doi.org/10.1146/annurev-fluid-010719-060214"", ""date"": ""2019-09-12"", ""source_family"": ""scholarly"", ""original_language"": null}]",,,,
concept:b41e4c95c176cb788d9d1c8e,Echo state networks / reservoir computers,concept:b41e4c95c176cb788d9d1c8e,2021-10-01,2024-10-01,2,2019-09-12,scholarly,organization:1dcfd052f65f8f64cf5ab72b; organization:20f08e87e150e515398cde3a; organization:608afb9aa1f13e84558c200d; organization:68e986b8c4579b763dc2a83e; organization:6f94918c4f5d8fdb2dd04fde; organization:6fc16759833fbdaa7f52aba8; organization:7925d4e73f18009e6948134c; organization:84119f949473bc0ad024af25; organization:a325e3263bdecc993f8999e0; organization:b0ffae5ff5999b80a88e0018; organization:bcf48e41887bf5801d5e5486; organization:de66cff3613e444f838f6e24; organization:f4346537ed598002898d9b7e,work:ace38e1c4e31feff4ee0ef0f; work:89e8581a583d859508c94094,"[{""document_id"": ""work:ace38e1c4e31feff4ee0ef0f"", ""title"": ""Machine learning and the physical sciences"", ""url"": ""https://doi.org/10.1103/revmodphys.91.045002"", ""date"": ""2019-12-06"", ""source_family"": ""scholarly"", ""original_language"": null}, {""document_id"": ""work:89e8581a583d859508c94094"", ""title"": ""Machine Learning for Fluid Mechanics"", ""url"": ""https://doi.org/10.1146/annurev-fluid-010719-060214"", ""date"": ""2019-09-12"", ""source_family"": ""scholarly"", ""original_language"": null}]",,,,
concept:b41e4c95c176cb788d9d1c8e,Echo state networks / reservoir computers,concept:b41e4c95c176cb788d9d1c8e,2023-07-01,2026-07-01,2,2019-09-12,scholarly,organization:1dcfd052f65f8f64cf5ab72b; organization:20f08e87e150e515398cde3a; organization:608afb9aa1f13e84558c200d; organization:68e986b8c4579b763dc2a83e; organization:6f94918c4f5d8fdb2dd04fde; organization:6fc16759833fbdaa7f52aba8; organization:7925d4e73f18009e6948134c; organization:84119f949473bc0ad024af25; organization:a325e3263bdecc993f8999e0; organization:b0ffae5ff5999b80a88e0018; organization:bcf48e41887bf5801d5e5486; organization:de66cff3613e444f838f6e24; organization:f4346537ed598002898d9b7e,work:ace38e1c4e31feff4ee0ef0f; work:89e8581a583d859508c94094,"[{""document_id"": ""work:ace38e1c4e31feff4ee0ef0f"", ""title"": ""Machine learning and the physical sciences"", ""url"": ""https://doi.org/10.1103/revmodphys.91.045002"", ""date"": ""2019-12-06"", ""source_family"": ""scholarly"", ""original_language"": null}, {""document_id"": ""work:89e8581a583d859508c94094"", ""title"": ""Machine Learning for Fluid Mechanics"", ""url"": ""https://doi.org/10.1146/annurev-fluid-010719-060214"", ""date"": ""2019-09-12"", ""source_family"": ""scholarly"", ""original_language"": null}]",,,,
concept:b62d5f2a82c6b4b0ded3cca7,SPHINCS+,concept:4183b13c8ec22d533472c92e,2022-07-01,2025-07-01,2,2022-04-06,scholarly,organization:74a2eb32cedbeb8549030ead,work:22a76abb4585a0f845730aa2; work:cf5a2a59c19c01e51c2c7b04,"[{""document_id"": ""work:22a76abb4585a0f845730aa2"", ""title"": ""Quantum-resistant cryptographic protocols for securing cloud storage and data transmission in hybrid enterprise IT environments"", ""url"": ""https://doi.org/10.30574/wjarr.2022.14.3.0457"", ""date"": ""2022-06-30"", ""source_family"": ""scholarly"", ""original_language"": null}, {""document_id"": ""work:cf5a2a59c19c01e51c2c7b04"", ""title"": ""Post-Quantum Cryptography Algorithms Standardization and Performance Analysis"", ""url"": ""https://doi.org/10.48550/arxiv.2204.02571"", ""date"": ""2022-04-06"", ""source_family"": ""scholarly"", ""original_language"": null}]",,,,
concept:b62d5f2a82c6b4b0ded3cca7,SPHINCS+,concept:4183b13c8ec22d533472c92e,2023-01-01,2026-01-01,2,2022-04-06,scholarly,organization:74a2eb32cedbeb8549030ead,work:22a76abb4585a0f845730aa2; work:cf5a2a59c19c01e51c2c7b04,"[{""document_id"": ""work:22a76abb4585a0f845730aa2"", ""title"": ""Quantum-resistant cryptographic protocols for securing cloud storage and data transmission in hybrid enterprise IT environments"", ""url"": ""https://doi.org/10.30574/wjarr.2022.14.3.0457"", ""date"": ""2022-06-30"", ""source_family"": ""scholarly"", ""original_language"": null}, {""document_id"": ""work:cf5a2a59c19c01e51c2c7b04"", ""title"": ""Post-Quantum Cryptography Algorithms Standardization and Performance Analysis"", ""url"": ""https://doi.org/10.48550/arxiv.2204.02571"", ""date"": ""2022-04-06"", ""source_family"": ""scholarly"", ""original_language"": null}]",,,,
concept:b62d5f2a82c6b4b0ded3cca7,SPHINCS+,concept:4183b13c8ec22d533472c92e,2023-07-01,2026-07-01,2,2022-04-06,scholarly,organization:74a2eb32cedbeb8549030ead,work:22a76abb4585a0f845730aa2; work:cf5a2a59c19c01e51c2c7b04,"[{""document_id"": ""work:22a76abb4585a0f845730aa2"", ""title"": ""Quantum-resistant cryptographic protocols for securing cloud storage and data transmission in hybrid enterprise IT environments"", ""url"": ""https://doi.org/10.30574/wjarr.2022.14.3.0457"", ""date"": ""2022-06-30"", ""source_family"": ""scholarly"", ""original_language"": null}, {""document_id"": ""work:cf5a2a59c19c01e51c2c7b04"", ""title"": ""Post-Quantum Cryptography Algorithms Standardization and Performance Analysis"", ""url"": ""https://doi.org/10.48550/arxiv.2204.02571"", ""date"": ""2022-04-06"", ""source_family"": ""scholarly"", ""original_language"": null}]",,,,
concept:b86aa1218f95fb7096dc8475,Autoencoder,concept:b86aa1218f95fb7096dc8475,2020-01-01,2023-01-01,2,2019-09-12,scholarly,organization:1dcfd052f65f8f64cf5ab72b; organization:20f08e87e150e515398cde3a; organization:608afb9aa1f13e84558c200d; organization:68e986b8c4579b763dc2a83e; organization:6f94918c4f5d8fdb2dd04fde; organization:6fc16759833fbdaa7f52aba8; organization:7925d4e73f18009e6948134c; organization:84119f949473bc0ad024af25; organization:a325e3263bdecc993f8999e0; organization:b0ffae5ff5999b80a88e0018; organization:bcf48e41887bf5801d5e5486; organization:de66cff3613e444f838f6e24; organization:f4346537ed598002898d9b7e,work:ace38e1c4e31feff4ee0ef0f; work:89e8581a583d859508c94094,"[{""document_id"": ""work:ace38e1c4e31feff4ee0ef0f"", ""title"": ""Machine learning and the physical sciences"", ""url"": ""https://doi.org/10.1103/revmodphys.91.045002"", ""date"": ""2019-12-06"", ""source_family"": ""scholarly"", ""original_language"": null}, {""document_id"": ""work:89e8581a583d859508c94094"", ""title"": ""Machine Learning for Fluid Mechanics"", ""url"": ""https://doi.org/10.1146/annurev-fluid-010719-060214"", ""date"": ""2019-09-12"", ""source_family"": ""scholarly"", ""original_language"": null}]",,,,
concept:b86aa1218f95fb7096dc8475,Autoencoder,concept:b86aa1218f95fb7096dc8475,2021-10-01,2024-10-01,3,2019-09-12,scholarly,organization:18cc36bf966cf2b4fc9e2880; organization:1c411b4e0af3263b4e53e621; organization:1dcfd052f65f8f64cf5ab72b; organization:209f74bb29031f634d51e7f6; organization:20f08e87e150e515398cde3a; organization:608afb9aa1f13e84558c200d; organization:68e986b8c4579b763dc2a83e; organization:6f94918c4f5d8fdb2dd04fde; organization:6fc16759833fbdaa7f52aba8; organization:7925d4e73f18009e6948134c; organization:7e8d3e4a0a96e5342e89b77e; organization:84119f949473bc0ad024af25; organization:a325e3263bdecc993f8999e0; organization:b0ffae5ff5999b80a88e0018; organization:bcf48e41887bf5801d5e5486; organization:de66cff3613e444f838f6e24; organization:f4346537ed598002898d9b7e,work:d3c089a69993faf339a4d8d1; work:ace38e1c4e31feff4ee0ef0f; work:89e8581a583d859508c94094,"[{""document_id"": ""work:d3c089a69993faf339a4d8d1"", ""title"": ""Machine learning and deep learning"", ""url"": ""https://doi.org/10.1007/s12525-021-00475-2"", ""date"": ""2021-04-08"", ""source_family"": ""scholarly"", ""original_language"": null}, {""document_id"": ""work:ace38e1c4e31feff4ee0ef0f"", ""title"": ""Machine learning and the physical sciences"", ""url"": ""https://doi.org/10.1103/revmodphys.91.045002"", ""date"": ""2019-12-06"", ""source_family"": ""scholarly"", ""original_language"": null}, {""document_id"": ""work:89e8581a583d859508c94094"", ""title"": ""Machine Learning for Fluid Mechanics"", ""url"": ""https://doi.org/10.1146/annurev-fluid-010719-060214"", ""date"": ""2019-09-12"", ""source_family"": ""scholarly"", ""original_language"": null}]",,,,
concept:b86aa1218f95fb7096dc8475,Autoencoder,concept:b86aa1218f95fb7096dc8475,2023-07-01,2026-07-01,4,2019-09-12,code; scholarly,organization:18cc36bf966cf2b4fc9e2880; organization:1c411b4e0af3263b4e53e621; organization:1dcfd052f65f8f64cf5ab72b; organization:209f74bb29031f634d51e7f6; organization:20f08e87e150e515398cde3a; organization:608afb9aa1f13e84558c200d; organization:68e986b8c4579b763dc2a83e; organization:6f94918c4f5d8fdb2dd04fde; organization:6fc16759833fbdaa7f52aba8; organization:7925d4e73f18009e6948134c; organization:7e8d3e4a0a96e5342e89b77e; organization:84119f949473bc0ad024af25; organization:a325e3263bdecc993f8999e0; organization:b0ffae5ff5999b80a88e0018; organization:bcf48e41887bf5801d5e5486; organization:de66cff3613e444f838f6e24; organization:f4346537ed598002898d9b7e,work:fd787d41d0fd3c5ddeccbff7; work:d3c089a69993faf339a4d8d1; work:ace38e1c4e31feff4ee0ef0f; work:89e8581a583d859508c94094,"[{""document_id"": ""work:fd787d41d0fd3c5ddeccbff7"", ""title"": ""Machine-Learning-Tutorials"", ""url"": ""https://github.com/ujjwalkarn/Machine-Learning-Tutorials"", ""date"": ""2021-10-04"", ""source_family"": ""code"", ""original_language"": null}, {""document_id"": ""work:d3c089a69993faf339a4d8d1"", ""title"": ""Machine learning and deep learning"", ""url"": ""https://doi.org/10.1007/s12525-021-00475-2"", ""date"": ""2021-04-08"", ""source_family"": ""scholarly"", ""original_language"": null}, {""document_id"": ""work:ace38e1c4e31feff4ee0ef0f"", ""title"": ""Machine learning and the physical sciences"", ""url"": ""https://doi.org/10.1103/revmodphys.91.045002"", ""date"": ""2019-12-06"", ""source_family"": ""scholarly"", ""original_language"": null}, {""document_id"": ""work:89e8581a583d859508c94094"", ""title"": ""Machine Learning for Fluid Mechanics"", ""url"": ""https://doi.org/10.1146/annurev-fluid-010719-060214"", ""date"": ""2019-09-12"", ""source_family"": ""scholarly"", ""original_language"": null}]",,,,
concept:d8a5923f333ca46d331f06b7,QR codes,concept:d8a5923f333ca46d331f06b7,2022-07-01,2025-07-01,2,2020-12-14,scholarly,organization:47f7ab626f9985cf11490a06; organization:8fe1f900fcdd8ad66eb1de34; organization:9018c164d7350aae4b0b97c1; organization:9728cfb92ccfe0c8bbb5523f; organization:a41e2b4124ed6522496d6856; organization:b409cfd544a10ffbec54595d; organization:cb6ea69f201398c97c751aa7,work:948559e56ecf730170a1fb5b; work:24b146361c7f7ead957fb1b8,"[{""document_id"": ""work:948559e56ecf730170a1fb5b"", ""title"": ""Tracking prefabricated assets and compliance using quick response (QR) codes, blockchain and smart contract technology"", ""url"": ""https://doi.org/10.1016/j.autcon.2022.104420"", ""date"": ""2022-06-15"", ""source_family"": ""scholarly"", ""original_language"": null}, {""document_id"": ""work:24b146361c7f7ead957fb1b8"", ""title"": ""Blockchain Technology for Sustainable Waste Management"", ""url"": ""https://doi.org/10.3389/fpos.2020.590923"", ""date"": ""2020-12-14"", ""source_family"": ""scholarly"", ""original_language"": null}]",,,,
concept:d8a5923f333ca46d331f06b7,QR codes,concept:d8a5923f333ca46d331f06b7,2023-01-01,2026-01-01,2,2020-12-14,scholarly,organization:47f7ab626f9985cf11490a06; organization:8fe1f900fcdd8ad66eb1de34; organization:9018c164d7350aae4b0b97c1; organization:9728cfb92ccfe0c8bbb5523f; organization:a41e2b4124ed6522496d6856; organization:b409cfd544a10ffbec54595d; organization:cb6ea69f201398c97c751aa7,work:948559e56ecf730170a1fb5b; work:24b146361c7f7ead957fb1b8,"[{""document_id"": ""work:948559e56ecf730170a1fb5b"", ""title"": ""Tracking prefabricated assets and compliance using quick response (QR) codes, blockchain and smart contract technology"", ""url"": ""https://doi.org/10.1016/j.autcon.2022.104420"", ""date"": ""2022-06-15"", ""source_family"": ""scholarly"", ""original_language"": null}, {""document_id"": ""work:24b146361c7f7ead957fb1b8"", ""title"": ""Blockchain Technology for Sustainable Waste Management"", ""url"": ""https://doi.org/10.3389/fpos.2020.590923"", ""date"": ""2020-12-14"", ""source_family"": ""scholarly"", ""original_language"": null}]",,,,
concept:d8a5923f333ca46d331f06b7,QR codes,concept:d8a5923f333ca46d331f06b7,2023-07-01,2026-07-01,2,2020-12-14,scholarly,organization:47f7ab626f9985cf11490a06; organization:8fe1f900fcdd8ad66eb1de34; organization:9018c164d7350aae4b0b97c1; organization:9728cfb92ccfe0c8bbb5523f; organization:a41e2b4124ed6522496d6856; organization:b409cfd544a10ffbec54595d; organization:cb6ea69f201398c97c751aa7,work:948559e56ecf730170a1fb5b; work:24b146361c7f7ead957fb1b8,"[{""document_id"": ""work:948559e56ecf730170a1fb5b"", ""title"": ""Tracking prefabricated assets and compliance using quick response (QR) codes, blockchain and smart contract technology"", ""url"": ""https://doi.org/10.1016/j.autcon.2022.104420"", ""date"": ""2022-06-15"", ""source_family"": ""scholarly"", ""original_language"": null}, {""document_id"": ""work:24b146361c7f7ead957fb1b8"", ""title"": ""Blockchain Technology for Sustainable Waste Management"", ""url"": ""https://doi.org/10.3389/fpos.2020.590923"", ""date"": ""2020-12-14"", ""source_family"": ""scholarly"", ""original_language"": null}]",,,,
concept:ddc1301a8da2819afc968af5,Quantum-safe encryption,concept:ddc1301a8da2819afc968af5,2023-01-01,2026-01-01,2,2021-03-01,scholarly,,work:5102ebe188ba87859dba53a6; work:a7bbcf92453a496ac346c6c5,"[{""document_id"": ""work:5102ebe188ba87859dba53a6"", ""title"": ""A COMPREHENSIVE REVIEW OF IT AUDIT METHODOLOGIES IN THE AGE OF QUANTUM COMPUTING"", ""url"": ""https://doi.org/10.26480/jtin.02.2023.85.92"", ""date"": ""2023-01-01"", ""source_family"": ""scholarly"", ""original_language"": null}, {""document_id"": ""work:a7bbcf92453a496ac346c6c5"", ""title"": ""Quantum Computing and the Financial System: Spooky Action at a Distance?"", ""url"": ""https://doi.org/10.5089/9781513572727.001"", ""date"": ""2021-03-01"", ""source_family"": ""scholarly"", ""original_language"": null}]",,,,
concept:ddc1301a8da2819afc968af5,Quantum-safe encryption,concept:ddc1301a8da2819afc968af5,2023-04-01,2026-04-01,2,2021-03-01,scholarly,,work:5102ebe188ba87859dba53a6; work:a7bbcf92453a496ac346c6c5,"[{""document_id"": ""work:5102ebe188ba87859dba53a6"", ""title"": ""A COMPREHENSIVE REVIEW OF IT AUDIT METHODOLOGIES IN THE AGE OF QUANTUM COMPUTING"", ""url"": ""https://doi.org/10.26480/jtin.02.2023.85.92"", ""date"": ""2023-01-01"", ""source_family"": ""scholarly"", ""original_language"": null}, {""document_id"": ""work:a7bbcf92453a496ac346c6c5"", ""title"": ""Quantum Computing and the Financial System: Spooky Action at a Distance?"", ""url"": ""https://doi.org/10.5089/9781513572727.001"", ""date"": ""2021-03-01"", ""source_family"": ""scholarly"", ""original_language"": null}]",,,,
concept:ddc1301a8da2819afc968af5,Quantum-safe encryption,concept:ddc1301a8da2819afc968af5,2023-07-01,2026-07-01,2,2021-03-01,scholarly,,work:5102ebe188ba87859dba53a6; work:a7bbcf92453a496ac346c6c5,"[{""document_id"": ""work:5102ebe188ba87859dba53a6"", ""title"": ""A COMPREHENSIVE REVIEW OF IT AUDIT METHODOLOGIES IN THE AGE OF QUANTUM COMPUTING"", ""url"": ""https://doi.org/10.26480/jtin.02.2023.85.92"", ""date"": ""2023-01-01"", ""source_family"": ""scholarly"", ""original_language"": null}, {""document_id"": ""work:a7bbcf92453a496ac346c6c5"", ""title"": ""Quantum Computing and the Financial System: Spooky Action at a Distance?"", ""url"": ""https://doi.org/10.5089/9781513572727.001"", ""date"": ""2021-03-01"", ""source_family"": ""scholarly"", ""original_language"": null}]",,,,
concept:e03c3b611c6abb5279900ff5,Lattice-based cryptography,concept:100a18f9b1db1fce7777d376,2019-04-01,2022-04-01,2,2017-01-01,scholarly,organization:7fbb188e845d71bff8dca580; organization:ef040f43832696a7d7477e21,work:8abb86ea86a7e19a5068b990; work:0c098f6e528b6164a4bbbbe0,"[{""document_id"": ""work:8abb86ea86a7e19a5068b990"", ""title"": ""Evaluation of Post-Quantum Distributed Ledger Cryptography"", ""url"": ""https://doi.org/10.31585/jbba-2-1-(4)2019"", ""date"": ""2019-03-16"", ""source_family"": ""scholarly"", ""original_language"": null}, {""document_id"": ""work:0c098f6e528b6164a4bbbbe0"", ""title"": ""International Journal of Scientific Research in Computer Science, Engineering and Information Technology"", ""url"": ""https://doi.org/10.32628/ijsrcseit"", ""date"": ""2017-01-01"", ""source_family"": ""scholarly"", ""original_language"": null}]",,,,
concept:e03c3b611c6abb5279900ff5,Lattice-based cryptography,concept:100a18f9b1db1fce7777d376,2021-04-01,2024-04-01,2,2017-01-01,scholarly,organization:7fbb188e845d71bff8dca580; organization:ef040f43832696a7d7477e21,work:8abb86ea86a7e19a5068b990; work:0c098f6e528b6164a4bbbbe0,"[{""document_id"": ""work:8abb86ea86a7e19a5068b990"", ""title"": ""Evaluation of Post-Quantum Distributed Ledger Cryptography"", ""url"": ""https://doi.org/10.31585/jbba-2-1-(4)2019"", ""date"": ""2019-03-16"", ""source_family"": ""scholarly"", ""original_language"": null}, {""document_id"": ""work:0c098f6e528b6164a4bbbbe0"", ""title"": ""International Journal of Scientific Research in Computer Science, Engineering and Information Technology"", ""url"": ""https://doi.org/10.32628/ijsrcseit"", ""date"": ""2017-01-01"", ""source_family"": ""scholarly"", ""original_language"": null}]",,,,
concept:e03c3b611c6abb5279900ff5,Lattice-based cryptography,concept:100a18f9b1db1fce7777d376,2023-07-01,2026-07-01,5,2017-01-01,scholarly,organization:74a2eb32cedbeb8549030ead; organization:74d3e9a2f734a8247dfc290b; organization:7fbb188e845d71bff8dca580; organization:9adc542f3f48c86455c6e629; organization:ed929547695a868fc063412f; organization:ef040f43832696a7d7477e21,work:6fb2e8e578be0ec41fd1340a; work:022750ed8375d792449e8d55; work:22a76abb4585a0f845730aa2; work:8abb86ea86a7e19a5068b990; work:0c098f6e528b6164a4bbbbe0,"[{""document_id"": ""work:6fb2e8e578be0ec41fd1340a"", ""title"": ""Quantum Computers and Algorithms: A Threat to Classical Cryptographic Systems"", ""url"": ""https://doi.org/10.35940/ijeat.e4153.0612523"", ""date"": ""2023-06-23"", ""source_family"": ""scholarly"", ""original_language"": null}, {""document_id"": ""work:022750ed8375d792449e8d55"", ""title"": ""Quantum Resistant Cryptographic Protocols for Securing Autonomous Vehicle to Vehicle (V2V) Communication Networks"", ""url"": ""https://doi.org/10.32628/cseit2391547"", ""date"": ""2023-02-20"", ""source_family"": ""scholarly"", ""original_language"": null}, {""document_id"": ""work:22a76abb4585a0f845730aa2"", ""title"": ""Quantum-resistant cryptographic protocols for securing cloud storage and data transmission in hybrid enterprise IT environments"", ""url"": ""https://doi.org/10.30574/wjarr.2022.14.3.0457"", ""date"": ""2022-06-30"", ""source_family"": ""scholarly"", ""original_language"": null}, {""document_id"": ""work:8abb86ea86a7e19a5068b990"", ""title"": ""Evaluation of Post-Quantum Distributed Ledger Cryptography"", ""url"": ""https://doi.org/10.31585/jbba-2-1-(4)2019"", ""date"": ""2019-03-16"", ""source_family"": ""scholarly"", ""original_language"": null}, {""document_id"": ""work:0c098f6e528b6164a4bbbbe0"", ""title"": ""International Journal of Scientific Research in Computer Science, Engineering and Information Technology"", ""url"": ""https://doi.org/10.32628/ijsrcseit"", ""date"": ""2017-01-01"", ""source_family"": ""scholarly"", ""original_language"": null}]",,,,
concept:e0604d558c0850ed308056f5,DAICO,concept:e0604d558c0850ed308056f5,2020-04-01,2023-04-01,2,2019-01-01,scholarly,organization:40939505e066e75288f63f1d; organization:6288ed5323608a41b504d2c7; organization:9feb842c7d200cd996a4bb5c; organization:a325e3263bdecc993f8999e0; organization:ce23f74b8403376a6766efed,work:dfd6e94f6bac61389d403638; work:8bddadd02214bd8093d9f356,"[{""document_id"": ""work:dfd6e94f6bac61389d403638"", ""title"": ""Initial crypto-asset offerings (ICOs), tokenization and corporate governance"", ""url"": ""https://doi.org/10.1093/cmlj/kmaa005"", ""date"": ""2020-03-20"", ""source_family"": ""scholarly"", ""original_language"": null}, {""document_id"": ""work:8bddadd02214bd8093d9f356"", ""title"": ""Initial Crypto-Asset Offerings (ICOs), Tokenization and Corporate Governance"", ""url"": ""https://doi.org/10.2139/ssrn.3350771"", ""date"": ""2019-01-01"", ""source_family"": ""scholarly"", ""original_language"": null}]",,,,
concept:e0604d558c0850ed308056f5,DAICO,concept:e0604d558c0850ed308056f5,2021-10-01,2024-10-01,2,2019-01-01,scholarly,organization:40939505e066e75288f63f1d; organization:6288ed5323608a41b504d2c7; organization:9feb842c7d200cd996a4bb5c; organization:a325e3263bdecc993f8999e0; organization:ce23f74b8403376a6766efed,work:dfd6e94f6bac61389d403638; work:8bddadd02214bd8093d9f356,"[{""document_id"": ""work:dfd6e94f6bac61389d403638"", ""title"": ""Initial crypto-asset offerings (ICOs), tokenization and corporate governance"", ""url"": ""https://doi.org/10.1093/cmlj/kmaa005"", ""date"": ""2020-03-20"", ""source_family"": ""scholarly"", ""original_language"": null}, {""document_id"": ""work:8bddadd02214bd8093d9f356"", ""title"": ""Initial Crypto-Asset Offerings (ICOs), Tokenization and Corporate Governance"", ""url"": ""https://doi.org/10.2139/ssrn.3350771"", ""date"": ""2019-01-01"", ""source_family"": ""scholarly"", ""original_language"": null}]",,,,
concept:e0604d558c0850ed308056f5,DAICO,concept:e0604d558c0850ed308056f5,2023-07-01,2026-07-01,2,2019-01-01,scholarly,organization:40939505e066e75288f63f1d; organization:6288ed5323608a41b504d2c7; organization:9feb842c7d200cd996a4bb5c; organization:a325e3263bdecc993f8999e0; organization:ce23f74b8403376a6766efed,work:dfd6e94f6bac61389d403638; work:8bddadd02214bd8093d9f356,"[{""document_id"": ""work:dfd6e94f6bac61389d403638"", ""title"": ""Initial crypto-asset offerings (ICOs), tokenization and corporate governance"", ""url"": ""https://doi.org/10.1093/cmlj/kmaa005"", ""date"": ""2020-03-20"", ""source_family"": ""scholarly"", ""original_language"": null}, {""document_id"": ""work:8bddadd02214bd8093d9f356"", ""title"": ""Initial Crypto-Asset Offerings (ICOs), Tokenization and Corporate Governance"", ""url"": ""https://doi.org/10.2139/ssrn.3350771"", ""date"": ""2019-01-01"", ""source_family"": ""scholarly"", ""original_language"": null}]",,,,
concept:e0faced752653e6b046f4dc0,distributed corporate governance models,concept:e0faced752653e6b046f4dc0,2020-04-01,2023-04-01,2,2019-01-01,scholarly,organization:40939505e066e75288f63f1d; organization:6288ed5323608a41b504d2c7; organization:9feb842c7d200cd996a4bb5c; organization:a325e3263bdecc993f8999e0; organization:ce23f74b8403376a6766efed,work:dfd6e94f6bac61389d403638; work:8bddadd02214bd8093d9f356,"[{""document_id"": ""work:dfd6e94f6bac61389d403638"", ""title"": ""Initial crypto-asset offerings (ICOs), tokenization and corporate governance"", ""url"": ""https://doi.org/10.1093/cmlj/kmaa005"", ""date"": ""2020-03-20"", ""source_family"": ""scholarly"", ""original_language"": null}, {""document_id"": ""work:8bddadd02214bd8093d9f356"", ""title"": ""Initial Crypto-Asset Offerings (ICOs), Tokenization and Corporate Governance"", ""url"": ""https://doi.org/10.2139/ssrn.3350771"", ""date"": ""2019-01-01"", ""source_family"": ""scholarly"", ""original_language"": null}]",,,,
concept:e0faced752653e6b046f4dc0,distributed corporate governance models,concept:e0faced752653e6b046f4dc0,2021-10-01,2024-10-01,2,2019-01-01,scholarly,organization:40939505e066e75288f63f1d; organization:6288ed5323608a41b504d2c7; organization:9feb842c7d200cd996a4bb5c; organization:a325e3263bdecc993f8999e0; organization:ce23f74b8403376a6766efed,work:dfd6e94f6bac61389d403638; work:8bddadd02214bd8093d9f356,"[{""document_id"": ""work:dfd6e94f6bac61389d403638"", ""title"": ""Initial crypto-asset offerings (ICOs), tokenization and corporate governance"", ""url"": ""https://doi.org/10.1093/cmlj/kmaa005"", ""date"": ""2020-03-20"", ""source_family"": ""scholarly"", ""original_language"": null}, {""document_id"": ""work:8bddadd02214bd8093d9f356"", ""title"": ""Initial Crypto-Asset Offerings (ICOs), Tokenization and Corporate Governance"", ""url"": ""https://doi.org/10.2139/ssrn.3350771"", ""date"": ""2019-01-01"", ""source_family"": ""scholarly"", ""original_language"": null}]",,,,
concept:e0faced752653e6b046f4dc0,distributed corporate governance models,concept:e0faced752653e6b046f4dc0,2023-07-01,2026-07-01,2,2019-01-01,scholarly,organization:40939505e066e75288f63f1d; organization:6288ed5323608a41b504d2c7; organization:9feb842c7d200cd996a4bb5c; organization:a325e3263bdecc993f8999e0; organization:ce23f74b8403376a6766efed,work:dfd6e94f6bac61389d403638; work:8bddadd02214bd8093d9f356,"[{""document_id"": ""work:dfd6e94f6bac61389d403638"", ""title"": ""Initial crypto-asset offerings (ICOs), tokenization and corporate governance"", ""url"": ""https://doi.org/10.1093/cmlj/kmaa005"", ""date"": ""2020-03-20"", ""source_family"": ""scholarly"", ""original_language"": null}, {""document_id"": ""work:8bddadd02214bd8093d9f356"", ""title"": ""Initial Crypto-Asset Offerings (ICOs), Tokenization and Corporate Governance"", ""url"": ""https://doi.org/10.2139/ssrn.3350771"", ""date"": ""2019-01-01"", ""source_family"": ""scholarly"", ""original_language"": null}]",,,,
concept:e3403969af4ca848deff6b33,Proof-of-Work,concept:e3403969af4ca848deff6b33,2022-01-01,2025-01-01,2,2019-08-22,scholarly,organization:03961b5759fbf23b60f8ebf5; organization:1e13c3cb9655d6d3e585d27a; organization:2e0f2f0c31a9655c95f1c199; organization:60ad6c0ba7c7e7c9f0253262; organization:a8f842b3770103ccee93540f,work:3fdb552bb99c391419900859; work:11623a604fa55684b796b72f,"[{""document_id"": ""work:3fdb552bb99c391419900859"", ""title"": ""A Comprehensive Insight into Blockchain Technology: Past Development, Present Impact and Future Considerations"", ""url"": ""https://doi.org/10.14569/ijacsa.2022.01311101"", ""date"": ""2022-01-01"", ""source_family"": ""scholarly"", ""original_language"": null}, {""document_id"": ""work:11623a604fa55684b796b72f"", ""title"": ""Deconstructing Blockchains: A Comprehensive Survey on Consensus, Membership and Structure"", ""url"": ""https://doi.org/10.48550/arxiv.1908.08316"", ""date"": ""2019-08-22"", ""source_family"": ""scholarly"", ""original_language"": null}]",,,,
concept:e3403969af4ca848deff6b33,Proof-of-Work,concept:e3403969af4ca848deff6b33,2022-10-01,2025-10-01,2,2019-08-22,scholarly,organization:03961b5759fbf23b60f8ebf5; organization:1e13c3cb9655d6d3e585d27a; organization:2e0f2f0c31a9655c95f1c199; organization:60ad6c0ba7c7e7c9f0253262; organization:a8f842b3770103ccee93540f,work:3fdb552bb99c391419900859; work:11623a604fa55684b796b72f,"[{""document_id"": ""work:3fdb552bb99c391419900859"", ""title"": ""A Comprehensive Insight into Blockchain Technology: Past Development, Present Impact and Future Considerations"", ""url"": ""https://doi.org/10.14569/ijacsa.2022.01311101"", ""date"": ""2022-01-01"", ""source_family"": ""scholarly"", ""original_language"": null}, {""document_id"": ""work:11623a604fa55684b796b72f"", ""title"": ""Deconstructing Blockchains: A Comprehensive Survey on Consensus, Membership and Structure"", ""url"": ""https://doi.org/10.48550/arxiv.1908.08316"", ""date"": ""2019-08-22"", ""source_family"": ""scholarly"", ""original_language"": null}]",,,,
concept:e3403969af4ca848deff6b33,Proof-of-Work,concept:e3403969af4ca848deff6b33,2023-07-01,2026-07-01,2,2019-08-22,scholarly,organization:03961b5759fbf23b60f8ebf5; organization:1e13c3cb9655d6d3e585d27a; organization:2e0f2f0c31a9655c95f1c199; organization:60ad6c0ba7c7e7c9f0253262; organization:a8f842b3770103ccee93540f,work:3fdb552bb99c391419900859; work:11623a604fa55684b796b72f,"[{""document_id"": ""work:3fdb552bb99c391419900859"", ""title"": ""A Comprehensive Insight into Blockchain Technology: Past Development, Present Impact and Future Considerations"", ""url"": ""https://doi.org/10.14569/ijacsa.2022.01311101"", ""date"": ""2022-01-01"", ""source_family"": ""scholarly"", ""original_language"": null}, {""document_id"": ""work:11623a604fa55684b796b72f"", ""title"": ""Deconstructing Blockchains: A Comprehensive Survey on Consensus, Membership and Structure"", ""url"": ""https://doi.org/10.48550/arxiv.1908.08316"", ""date"": ""2019-08-22"", ""source_family"": ""scholarly"", ""original_language"": null}]",,,,
concept:eb0bcafb083efc730b15c720,Deep Neural Networks (DNNs),concept:eb0bcafb083efc730b15c720,2019-10-01,2022-10-01,2,2018-01-01,scholarly,organization:147ec1dce9280cd72df7f5fb; organization:1dcfd052f65f8f64cf5ab72b; organization:548e6e3ff522029820e21600; organization:608afb9aa1f13e84558c200d; organization:68e986b8c4579b763dc2a83e; organization:6f94918c4f5d8fdb2dd04fde; organization:6fc16759833fbdaa7f52aba8; organization:7925d4e73f18009e6948134c; organization:95f82cf3e59a33a1c43ea477; organization:a325e3263bdecc993f8999e0; organization:a53115e02b6fdb62944b3d09; organization:b0ffae5ff5999b80a88e0018; organization:bcf48e41887bf5801d5e5486; organization:cffce41083184a43c11ab813; organization:de66cff3613e444f838f6e24; organization:ef0ae3ed00d21377879bce1e; organization:f4346537ed598002898d9b7e,work:89e8581a583d859508c94094; work:a7d052a81f20b4a267ac7fbd,"[{""document_id"": ""work:89e8581a583d859508c94094"", ""title"": ""Machine Learning for Fluid Mechanics"", ""url"": ""https://doi.org/10.1146/annurev-fluid-010719-060214"", ""date"": ""2019-09-12"", ""source_family"": ""scholarly"", ""original_language"": null}, {""document_id"": ""work:a7d052a81f20b4a267ac7fbd"", ""title"": ""Optimization Methods for Large-Scale Machine Learning"", ""url"": ""https://doi.org/10.1137/16m1080173"", ""date"": ""2018-01-01"", ""source_family"": ""scholarly"", ""original_language"": null}]",,,,
concept:eb0bcafb083efc730b15c720,Deep Neural Networks (DNNs),concept:eb0bcafb083efc730b15c720,2021-07-01,2024-07-01,4,2018-01-01,scholarly,organization:147ec1dce9280cd72df7f5fb; organization:1dcfd052f65f8f64cf5ab72b; organization:20f08e87e150e515398cde3a; organization:548e6e3ff522029820e21600; organization:608afb9aa1f13e84558c200d; organization:68e986b8c4579b763dc2a83e; organization:6f94918c4f5d8fdb2dd04fde; organization:6fc16759833fbdaa7f52aba8; organization:7925d4e73f18009e6948134c; organization:84119f949473bc0ad024af25; organization:95f82cf3e59a33a1c43ea477; organization:a325e3263bdecc993f8999e0; organization:a53115e02b6fdb62944b3d09; organization:b0ffae5ff5999b80a88e0018; organization:bcf48e41887bf5801d5e5486; organization:c57ae38a22b3e9c5080c2da3; organization:cffce41083184a43c11ab813; organization:de66cff3613e444f838f6e24; organization:e1507be3522f335a779346ed; organization:ec5fc82cd0297beeb62d5065,work:ace38e1c4e31feff4ee0ef0f; work:4c1dba2730d839caa406dfa5; work:89e8581a583d859508c94094; work:a7d052a81f20b4a267ac7fbd,"[{""document_id"": ""work:ace38e1c4e31feff4ee0ef0f"", ""title"": ""Machine learning and the physical sciences"", ""url"": ""https://doi.org/10.1103/revmodphys.91.045002"", ""date"": ""2019-12-06"", ""source_family"": ""scholarly"", ""original_language"": null}, {""document_id"": ""work:4c1dba2730d839caa406dfa5"", ""title"": ""Edge AI: On-Demand Accelerating Deep Neural Network Inference via Edge Computing"", ""url"": ""https://doi.org/10.1109/twc.2019.2946140"", ""date"": ""2019-10-18"", ""source_family"": ""scholarly"", ""original_language"": null}, {""document_id"": ""work:89e8581a583d859508c94094"", ""title"": ""Machine Learning for Fluid Mechanics"", ""url"": ""https://doi.org/10.1146/annurev-fluid-010719-060214"", ""date"": ""2019-09-12"", ""source_family"": ""scholarly"", ""original_language"": null}, {""document_id"": ""work:a7d052a81f20b4a267ac7fbd"", ""title"": ""Optimization Methods for Large-Scale Machine Learning"", ""url"": ""https://doi.org/10.1137/16m1080173"", ""date"": ""2018-01-01"", ""source_family"": ""scholarly"", ""original_language"": null}]",,,,
concept:eb0bcafb083efc730b15c720,Deep Neural Networks (DNNs),concept:eb0bcafb083efc730b15c720,2023-07-01,2026-07-01,6,2018-01-01,scholarly,organization:147ec1dce9280cd72df7f5fb; organization:1dcfd052f65f8f64cf5ab72b; organization:20f08e87e150e515398cde3a; organization:548e6e3ff522029820e21600; organization:608afb9aa1f13e84558c200d; organization:68e986b8c4579b763dc2a83e; organization:6c64e71ee5c3333ee0e1fa5f; organization:6f94918c4f5d8fdb2dd04fde; organization:6fc16759833fbdaa7f52aba8; organization:7925d4e73f18009e6948134c; organization:84119f949473bc0ad024af25; organization:8fe1f900fcdd8ad66eb1de34; organization:95f82cf3e59a33a1c43ea477; organization:a325e3263bdecc993f8999e0; organization:a53115e02b6fdb62944b3d09; organization:b0ffae5ff5999b80a88e0018; organization:bcf48e41887bf5801d5e5486; organization:c57ae38a22b3e9c5080c2da3; organization:cffce41083184a43c11ab813; organization:de66cff3613e444f838f6e24,work:9288e3ea8b5c1148ffcfa6b5; work:322fcbc3cfad04faf06eadb3; work:ace38e1c4e31feff4ee0ef0f; work:4c1dba2730d839caa406dfa5; work:89e8581a583d859508c94094,"[{""document_id"": ""work:9288e3ea8b5c1148ffcfa6b5"", ""title"": ""Model Compression for Deep Neural Networks: A Survey"", ""url"": ""https://doi.org/10.3390/computers12030060"", ""date"": ""2023-03-12"", ""source_family"": ""scholarly"", ""original_language"": null}, {""document_id"": ""work:322fcbc3cfad04faf06eadb3"", ""title"": ""A guide to machine learning for biologists"", ""url"": ""https://doi.org/10.1038/s41580-021-00407-0"", ""date"": ""2021-09-13"", ""source_family"": ""scholarly"", ""original_language"": null}, {""document_id"": ""work:ace38e1c4e31feff4ee0ef0f"", ""title"": ""Machine learning and the physical sciences"", ""url"": ""https://doi.org/10.1103/revmodphys.91.045002"", ""date"": ""2019-12-06"", ""source_family"": ""scholarly"", ""original_language"": null}, {""document_id"": ""work:4c1dba2730d839caa406dfa5"", ""title"": ""Edge AI: On-Demand Accelerating Deep Neural Network Inference via Edge Computing"", ""url"": ""https://doi.org/10.1109/twc.2019.2946140"", ""date"": ""2019-10-18"", ""source_family"": ""scholarly"", ""original_language"": null}, {""document_id"": ""work:89e8581a583d859508c94094"", ""title"": ""Machine Learning for Fluid Mechanics"", ""url"": ""https://doi.org/10.1146/annurev-fluid-010719-060214"", ""date"": ""2019-09-12"", ""source_family"": ""scholarly"", ""original_language"": null}]",,,,
concept:efec0a80b0dd3c913e604346,Blockchain technology for supply chain management,concept:efec0a80b0dd3c913e604346,2019-04-01,2022-04-01,2,2018-09-11,scholarly,organization:3f7be702a9e39030688d3531; organization:b0ffae5ff5999b80a88e0018; organization:b2e7b77b745c1baec260b134,work:6e055a9821d7d9a3a0eb57c5; work:e88a3121d0e60691c005c7d8,"[{""document_id"": ""work:6e055a9821d7d9a3a0eb57c5"", ""title"": ""Blockchains for Supply Chain Management: Architectural Elements and Challenges Towards a Global Scale Deployment"", ""url"": ""https://doi.org/10.3390/logistics3010005"", ""date"": ""2019-01-18"", ""source_family"": ""scholarly"", ""original_language"": null}, {""document_id"": ""work:e88a3121d0e60691c005c7d8"", ""title"": ""Examples from Blockchain Implementations in Logistics and Supply Chain Management: Exploring the Mindful Use of a New Technology"", ""url"": ""https://doi.org/10.3390/logistics2030020"", ""date"": ""2018-09-11"", ""source_family"": ""scholarly"", ""original_language"": null}]",,,,
concept:efec0a80b0dd3c913e604346,Blockchain technology for supply chain management,concept:efec0a80b0dd3c913e604346,2021-04-01,2024-04-01,2,2018-09-11,scholarly,organization:3f7be702a9e39030688d3531; organization:b0ffae5ff5999b80a88e0018; organization:b2e7b77b745c1baec260b134,work:6e055a9821d7d9a3a0eb57c5; work:e88a3121d0e60691c005c7d8,"[{""document_id"": ""work:6e055a9821d7d9a3a0eb57c5"", ""title"": ""Blockchains for Supply Chain Management: Architectural Elements and Challenges Towards a Global Scale Deployment"", ""url"": ""https://doi.org/10.3390/logistics3010005"", ""date"": ""2019-01-18"", ""source_family"": ""scholarly"", ""original_language"": null}, {""document_id"": ""work:e88a3121d0e60691c005c7d8"", ""title"": ""Examples from Blockchain Implementations in Logistics and Supply Chain Management: Exploring the Mindful Use of a New Technology"", ""url"": ""https://doi.org/10.3390/logistics2030020"", ""date"": ""2018-09-11"", ""source_family"": ""scholarly"", ""original_language"": null}]",,,,
concept:efec0a80b0dd3c913e604346,Blockchain technology for supply chain management,concept:efec0a80b0dd3c913e604346,2023-07-01,2026-07-01,2,2018-09-11,scholarly,organization:3f7be702a9e39030688d3531; organization:b0ffae5ff5999b80a88e0018; organization:b2e7b77b745c1baec260b134,work:6e055a9821d7d9a3a0eb57c5; work:e88a3121d0e60691c005c7d8,"[{""document_id"": ""work:6e055a9821d7d9a3a0eb57c5"", ""title"": ""Blockchains for Supply Chain Management: Architectural Elements and Challenges Towards a Global Scale Deployment"", ""url"": ""https://doi.org/10.3390/logistics3010005"", ""date"": ""2019-01-18"", ""source_family"": ""scholarly"", ""original_language"": null}, {""document_id"": ""work:e88a3121d0e60691c005c7d8"", ""title"": ""Examples from Blockchain Implementations in Logistics and Supply Chain Management: Exploring the Mindful Use of a New Technology"", ""url"": ""https://doi.org/10.3390/logistics2030020"", ""date"": ""2018-09-11"", ""source_family"": ""scholarly"", ""original_language"": null}]",,,,
concept:f013215dc64eae95ff3b257f,Hyperledger Fabric,concept:f013215dc64eae95ff3b257f,2020-01-01,2023-01-01,2,2018-12-19,scholarly,organization:23b1f517ad72453f0b8a5e7a; organization:28d0bda3cc6ad1dfe69686ec; organization:33f682c3b0c098b1b81d629b; organization:5118ca13f162e816aa8ae6cd; organization:78663705a5be1ba4554aa887; organization:ec5fc82cd0297beeb62d5065,work:11322bf409fbec93adeb5df3; work:f63885c60b1fea2a63f8b2ed,"[{""document_id"": ""work:11322bf409fbec93adeb5df3"", ""title"": ""Blockchain Technology in Current Agricultural Systems: From Techniques to Applications"", ""url"": ""https://doi.org/10.1109/access.2020.3014522"", ""date"": ""2020-01-01"", ""source_family"": ""scholarly"", ""original_language"": null}, {""document_id"": ""work:f63885c60b1fea2a63f8b2ed"", ""title"": ""The Challenges of Existence, Status, and Value for Improving Blockchain"", ""url"": ""https://doi.org/10.1109/access.2018.2888697"", ""date"": ""2018-12-19"", ""source_family"": ""scholarly"", ""original_language"": null}]",,,,
concept:f013215dc64eae95ff3b257f,Hyperledger Fabric,concept:f013215dc64eae95ff3b257f,2021-10-01,2024-10-01,2,2018-12-19,scholarly,organization:23b1f517ad72453f0b8a5e7a; organization:28d0bda3cc6ad1dfe69686ec; organization:33f682c3b0c098b1b81d629b; organization:5118ca13f162e816aa8ae6cd; organization:78663705a5be1ba4554aa887; organization:ec5fc82cd0297beeb62d5065,work:11322bf409fbec93adeb5df3; work:f63885c60b1fea2a63f8b2ed,"[{""document_id"": ""work:11322bf409fbec93adeb5df3"", ""title"": ""Blockchain Technology in Current Agricultural Systems: From Techniques to Applications"", ""url"": ""https://doi.org/10.1109/access.2020.3014522"", ""date"": ""2020-01-01"", ""source_family"": ""scholarly"", ""original_language"": null}, {""document_id"": ""work:f63885c60b1fea2a63f8b2ed"", ""title"": ""The Challenges of Existence, Status, and Value for Improving Blockchain"", ""url"": ""https://doi.org/10.1109/access.2018.2888697"", ""date"": ""2018-12-19"", ""source_family"": ""scholarly"", ""original_language"": null}]",,,,
concept:f013215dc64eae95ff3b257f,Hyperledger Fabric,concept:f013215dc64eae95ff3b257f,2023-07-01,2026-07-01,2,2018-12-19,scholarly,organization:23b1f517ad72453f0b8a5e7a; organization:28d0bda3cc6ad1dfe69686ec; organization:33f682c3b0c098b1b81d629b; organization:5118ca13f162e816aa8ae6cd; organization:78663705a5be1ba4554aa887; organization:ec5fc82cd0297beeb62d5065,work:11322bf409fbec93adeb5df3; work:f63885c60b1fea2a63f8b2ed,"[{""document_id"": ""work:11322bf409fbec93adeb5df3"", ""title"": ""Blockchain Technology in Current Agricultural Systems: From Techniques to Applications"", ""url"": ""https://doi.org/10.1109/access.2020.3014522"", ""date"": ""2020-01-01"", ""source_family"": ""scholarly"", ""original_language"": null}, {""document_id"": ""work:f63885c60b1fea2a63f8b2ed"", ""title"": ""The Challenges of Existence, Status, and Value for Improving Blockchain"", ""url"": ""https://doi.org/10.1109/access.2018.2888697"", ""date"": ""2018-12-19"", ""source_family"": ""scholarly"", ""original_language"": null}]",,,,
concept:f6457451491d5f7f8c02f647,Searchable Encryption,concept:f6457451491d5f7f8c02f647,2020-01-01,2023-01-01,2,2019-01-01,scholarly,organization:06fb862b2fe1091572e5b309; organization:3fd469cb97a4d467a57df0d1; organization:57ec82e96ce803c22dc82f3f; organization:e2a905009b4477c5c7745a29; organization:ec5fc82cd0297beeb62d5065,work:c8d787827e873de907852c35; work:2dbe7fde9ce023af25192947,"[{""document_id"": ""work:c8d787827e873de907852c35"", ""title"": ""Blockchain-Based Searchable Encryption Scheme With Fair Payment"", ""url"": ""https://doi.org/10.1109/access.2020.3002264"", ""date"": ""2020-01-01"", ""source_family"": ""scholarly"", ""original_language"": null}, {""document_id"": ""work:2dbe7fde9ce023af25192947"", ""title"": ""Blockchain-Based Verifiable Multi-Keyword Ranked Search on Encrypted Cloud With Fair Payment"", ""url"": ""https://doi.org/10.1109/access.2019.2943356"", ""date"": ""2019-01-01"", ""source_family"": ""scholarly"", ""original_language"": null}]",,,,
concept:f6457451491d5f7f8c02f647,Searchable Encryption,concept:f6457451491d5f7f8c02f647,2021-10-01,2024-10-01,2,2019-01-01,scholarly,organization:06fb862b2fe1091572e5b309; organization:3fd469cb97a4d467a57df0d1; organization:57ec82e96ce803c22dc82f3f; organization:e2a905009b4477c5c7745a29; organization:ec5fc82cd0297beeb62d5065,work:c8d787827e873de907852c35; work:2dbe7fde9ce023af25192947,"[{""document_id"": ""work:c8d787827e873de907852c35"", ""title"": ""Blockchain-Based Searchable Encryption Scheme With Fair Payment"", ""url"": ""https://doi.org/10.1109/access.2020.3002264"", ""date"": ""2020-01-01"", ""source_family"": ""scholarly"", ""original_language"": null}, {""document_id"": ""work:2dbe7fde9ce023af25192947"", ""title"": ""Blockchain-Based Verifiable Multi-Keyword Ranked Search on Encrypted Cloud With Fair Payment"", ""url"": ""https://doi.org/10.1109/access.2019.2943356"", ""date"": ""2019-01-01"", ""source_family"": ""scholarly"", ""original_language"": null}]",,,,
concept:f6457451491d5f7f8c02f647,Searchable Encryption,concept:f6457451491d5f7f8c02f647,2023-07-01,2026-07-01,2,2019-01-01,scholarly,organization:06fb862b2fe1091572e5b309; organization:3fd469cb97a4d467a57df0d1; organization:57ec82e96ce803c22dc82f3f; organization:e2a905009b4477c5c7745a29; organization:ec5fc82cd0297beeb62d5065,work:c8d787827e873de907852c35; work:2dbe7fde9ce023af25192947,"[{""document_id"": ""work:c8d787827e873de907852c35"", ""title"": ""Blockchain-Based Searchable Encryption Scheme With Fair Payment"", ""url"": ""https://doi.org/10.1109/access.2020.3002264"", ""date"": ""2020-01-01"", ""source_family"": ""scholarly"", ""original_language"": null}, {""document_id"": ""work:2dbe7fde9ce023af25192947"", ""title"": ""Blockchain-Based Verifiable Multi-Keyword Ranked Search on Encrypted Cloud With Fair Payment"", ""url"": ""https://doi.org/10.1109/access.2019.2943356"", ""date"": ""2019-01-01"", ""source_family"": ""scholarly"", ""original_language"": null}]",,,,
concept:fe7b4368262a85abf492e04a,Classifier systems,concept:fe7b4368262a85abf492e04a,1993-01-01,1996-01-01,2,1988-01-01,scholarly,organization:b189fa6790eb091ac823f9a6,work:98551fae75cf8eab3ad34870; work:1c625d375462bc60dcdc80bf,"[{""document_id"": ""work:98551fae75cf8eab3ad34870"", ""title"": ""C4.5: Programs for Machine Learning"", ""url"": ""https://openalex.org/W2125055259"", ""date"": ""1992-10-15"", ""source_family"": ""scholarly"", ""original_language"": null}, {""document_id"": ""work:1c625d375462bc60dcdc80bf"", ""title"": ""Genetic algorithms in search, optimization, and machine learning"", ""url"": ""https://doi.org/10.5860/choice.27-0936"", ""date"": ""1988-01-01"", ""source_family"": ""scholarly"", ""original_language"": null}]",,,,
concept:fe7b4368262a85abf492e04a,Classifier systems,concept:fe7b4368262a85abf492e04a,2015-04-01,2018-04-01,2,1988-01-01,scholarly,organization:b189fa6790eb091ac823f9a6,work:98551fae75cf8eab3ad34870; work:1c625d375462bc60dcdc80bf,"[{""document_id"": ""work:98551fae75cf8eab3ad34870"", ""title"": ""C4.5: Programs for Machine Learning"", ""url"": ""https://openalex.org/W2125055259"", ""date"": ""1992-10-15"", ""source_family"": ""scholarly"", ""original_language"": null}, {""document_id"": ""work:1c625d375462bc60dcdc80bf"", ""title"": ""Genetic algorithms in search, optimization, and machine learning"", ""url"": ""https://doi.org/10.5860/choice.27-0936"", ""date"": ""1988-01-01"", ""source_family"": ""scholarly"", ""original_language"": null}]",,,,
concept:fe7b4368262a85abf492e04a,Classifier systems,concept:fe7b4368262a85abf492e04a,2023-07-01,2026-07-01,2,1988-01-01,scholarly,organization:b189fa6790eb091ac823f9a6,work:98551fae75cf8eab3ad34870; work:1c625d375462bc60dcdc80bf,"[{""document_id"": ""work:98551fae75cf8eab3ad34870"", ""title"": ""C4.5: Programs for Machine Learning"", ""url"": ""https://openalex.org/W2125055259"", ""date"": ""1992-10-15"", ""source_family"": ""scholarly"", ""original_language"": null}, {""document_id"": ""work:1c625d375462bc60dcdc80bf"", ""title"": ""Genetic algorithms in search, optimization, and machine learning"", ""url"": ""https://doi.org/10.5860/choice.27-0936"", ""date"": ""1988-01-01"", ""source_family"": ""scholarly"", ""original_language"": null}]",,,,
concept:fee3c4746be1409674d6be87,Keras,concept:fee3c4746be1409674d6be87,2022-01-01,2025-01-01,2,2017-07-28,code,organization:9fd3450083587b3924b1e76c,work:d9f917186e440afac4032485; work:eb95d17fed359c810ac6832d,"[{""document_id"": ""work:d9f917186e440afac4032485"", ""title"": ""MachineLearning"", ""url"": ""https://github.com/allmachinelearning/MachineLearning"", ""date"": ""2021-11-16"", ""source_family"": ""code"", ""original_language"": null}, {""document_id"": ""work:eb95d17fed359c810ac6832d"", ""title"": ""MachineLearning"", ""url"": ""https://github.com/wepe/MachineLearning"", ""date"": ""2017-07-28"", ""source_family"": ""code"", ""original_language"": null}]",,,,
concept:fee3c4746be1409674d6be87,Keras,concept:fee3c4746be1409674d6be87,2022-10-01,2025-10-01,2,2017-07-28,code,organization:9fd3450083587b3924b1e76c,work:d9f917186e440afac4032485; work:eb95d17fed359c810ac6832d,"[{""document_id"": ""work:d9f917186e440afac4032485"", ""title"": ""MachineLearning"", ""url"": ""https://github.com/allmachinelearning/MachineLearning"", ""date"": ""2021-11-16"", ""source_family"": ""code"", ""original_language"": null}, {""document_id"": ""work:eb95d17fed359c810ac6832d"", ""title"": ""MachineLearning"", ""url"": ""https://github.com/wepe/MachineLearning"", ""date"": ""2017-07-28"", ""source_family"": ""code"", ""original_language"": null}]",,,,
concept:fee3c4746be1409674d6be87,Keras,concept:fee3c4746be1409674d6be87,2023-07-01,2026-07-01,2,2017-07-28,code,organization:9fd3450083587b3924b1e76c,work:d9f917186e440afac4032485; work:eb95d17fed359c810ac6832d,"[{""document_id"": ""work:d9f917186e440afac4032485"", ""title"": ""MachineLearning"", ""url"": ""https://github.com/allmachinelearning/MachineLearning"", ""date"": ""2021-11-16"", ""source_family"": ""code"", ""original_language"": null}, {""document_id"": ""work:eb95d17fed359c810ac6832d"", ""title"": ""MachineLearning"", ""url"": ""https://github.com/wepe/MachineLearning"", ""date"": ""2017-07-28"", ""source_family"": ""code"", ""original_language"": null}]",,,,
